"site","OTU_Label","n_glass","n_plastic","k_glass","k_plastic","enough","prop_plastic","prop_glass","Prevalence","fisher_p","fisher_BH","reliable_occ","occ_dir","display_label","Class","gllvm_any_reliable","gllvm_any_separation","group"
"SELVA","Adineta_ASV_17598",15,59,1,2,TRUE,0.0338983050847458,0.0666666666666667,"2/59 vs 1/15",0.498503640626928,0.984957708862783,FALSE,"ns","Adineta_vaga","Rotifera",TRUE,FALSE,"No reliable preference"
"SELVA","Adineta_ASV_17599",15,59,1,1,TRUE,0.0169491525423729,0.0666666666666667,"1/59 vs 1/15",0.36653091447612,0.902865314829865,FALSE,"ns","Adineta_vaga","Rotifera",FALSE,FALSE,"No reliable preference"
"SELVA","Amphileptus_ASV_432",15,59,2,2,TRUE,0.0338983050847458,0.133333333333333,"2/59 vs 2/15",0.180653835390474,0.848630815333197,FALSE,"ns","Amphileptus sp. Amphileptus_ASV_432","Litostomatea",FALSE,FALSE,"No reliable preference"
"SELVA","Amphora_ASV_11507",15,59,3,28,TRUE,0.474576271186441,0.2,"28/59 vs 3/15",0.0787381077377094,0.730579937442526,FALSE,"ns","Amphora_coffeaeformis","Bacillariophyceae",FALSE,FALSE,"No reliable preference"
"SELVA","Ampullofolliculina_ASV_3611",15,59,2,6,TRUE,0.101694915254237,0.133333333333333,"6/59 vs 2/15",0.660468414332293,1,FALSE,"ns","Ampullofolliculina_lageniformis","Heterotrichea",FALSE,FALSE,"No reliable preference"
"SELVA","Ampullofolliculina_ASV_3619",15,59,1,6,TRUE,0.101694915254237,0.0666666666666667,"6/59 vs 1/15",1,1,FALSE,"ns","Ampullofolliculina_lageniformis","Heterotrichea",FALSE,TRUE,"No reliable preference"
"SELVA","Annelida_XX_ASV_18258",15,59,0,2,TRUE,0.0338983050847458,0,"2/59 vs 0/15",1,1,FALSE,"ns","Annelida_XX_ASV_18258","Annelida",TRUE,FALSE,"No reliable preference"
"SELVA","Aplanochytrium_ASV_9331",15,59,2,35,TRUE,0.593220338983051,0.133333333333333,"35/59 vs 2/15",0.00285955605461588,0.232744824326533,FALSE,"ns","Aplanochytrium_sp.","Sagenista",FALSE,TRUE,"No reliable preference"
"SELVA","Arcocellulus_ASV_11592",15,59,6,32,TRUE,0.542372881355932,0.4,"32/59 vs 6/15",0.392746411950991,0.902865314829865,FALSE,"ns","Arcocellulus_cornucervis","Mediophyceae",FALSE,FALSE,"No reliable preference"
"SELVA","Argopecten_ASV_16928",15,59,5,12,TRUE,0.203389830508475,0.333333333333333,"12/59 vs 5/15",0.313022204359319,0.902865314829865,FALSE,"ns","Argopecten sp. Argopecten_ASV_16928","Mollusca",FALSE,FALSE,"No reliable preference"
"SELVA","Arthropoda_ASV_17239",15,59,4,21,TRUE,0.355932203389831,0.266666666666667,"21/59 vs 4/15",0.76063021826507,1,FALSE,"ns","Arthropoda_ASV_17239","Arthropoda",FALSE,TRUE,"No reliable preference"
"SELVA","Ascidiella_ASV_17116",15,59,4,16,TRUE,0.271186440677966,0.266666666666667,"16/59 vs 4/15",1,1,FALSE,"ns","Ascidiella_sp.","Urochordata",FALSE,FALSE,"No reliable preference"
"SELVA","Bacillariaceae_ASV_10164",15,59,6,31,TRUE,0.525423728813559,0.4,"31/59 vs 6/15",0.564160551384974,0.984957708862783,FALSE,"ns","Bacillariaceae_ASV_10164","Bacillariophyceae",TRUE,TRUE,"No reliable preference"
"SELVA","Bacillariaceae_ASV_10168",15,59,8,45,TRUE,0.76271186440678,0.533333333333333,"45/59 vs 8/15",0.109118163667903,0.730579937442526,FALSE,"ns","Bacillariaceae_ASV_10168","Bacillariophyceae",FALSE,FALSE,"No reliable preference"
"SELVA","Bacillariaceae_ASV_10197",15,59,2,20,TRUE,0.338983050847458,0.133333333333333,"20/59 vs 2/15",0.204615756018192,0.848630815333197,FALSE,"ns","Bacillariaceae_ASV_10197","Bacillariophyceae",FALSE,FALSE,"No reliable preference"
"SELVA","Bacillariophyceae_ASV_10048",15,59,1,12,TRUE,0.203389830508475,0.0666666666666667,"12/59 vs 1/15",0.28216872997726,0.85505675750685,FALSE,"ns","Bacillariophyceae_ASV_10048","Bacillariophyceae",FALSE,FALSE,"No reliable preference"
"SELVA","Bacillariophyceae_ASV_10151",15,59,4,38,TRUE,0.644067796610169,0.266666666666667,"38/59 vs 4/15",0.0174345285420203,0.672974281346246,FALSE,"ns","Bacillariophyceae_ASV_10151","Bacillariophyceae",FALSE,FALSE,"No reliable preference"
"SELVA","Bacillariophyceae_ASV_10160",15,59,2,14,TRUE,0.23728813559322,0.133333333333333,"14/59 vs 2/15",0.499013180365588,0.984957708862783,FALSE,"ns","Bacillariophyceae_ASV_10160","Bacillariophyceae",FALSE,FALSE,"No reliable preference"
"SELVA","Bacillariophyceae_ASV_10175",15,59,6,37,TRUE,0.627118644067797,0.4,"37/59 vs 6/15",0.146119843478767,0.835999964349967,FALSE,"ns","Bacillariophyceae_ASV_10175","Bacillariophyceae",FALSE,FALSE,"No reliable preference"
"SELVA","Bacillariophyceae_ASV_10229",15,59,3,17,TRUE,0.288135593220339,0.2,"17/59 vs 3/15",0.745737587373592,1,FALSE,"ns","Bacillariophyceae_ASV_10229","Bacillariophyceae",FALSE,FALSE,"No reliable preference"
"SELVA","Bacillariophyceae_ASV_11568",15,59,5,32,TRUE,0.542372881355932,0.333333333333333,"32/59 vs 5/15",0.247044393432106,0.848630815333197,FALSE,"ns","Bacillariophyceae_ASV_11568","Bacillariophyceae",FALSE,FALSE,"No reliable preference"
"SELVA","Bacillariophyceae_ASV_32933",15,59,8,37,TRUE,0.627118644067797,0.533333333333333,"37/59 vs 8/15",0.56151784363063,0.984957708862783,FALSE,"ns","Bacillariophyceae_ASV_32933","Bacillariophyceae",FALSE,FALSE,"No reliable preference"
"SELVA","Bacillariophyceae_ASV_6651",15,59,9,35,TRUE,0.593220338983051,0.6,"35/59 vs 9/15",1,1,FALSE,"ns","Bacillariophyceae_ASV_6651","Bacillariophyceae",TRUE,TRUE,"No reliable preference"
"SELVA","Bacillariophyceae_ASV_8723",15,59,4,20,TRUE,0.338983050847458,0.266666666666667,"20/59 vs 4/15",0.76063021826507,1,FALSE,"ns","Bacillariophyceae_ASV_8723","Bacillariophyceae",FALSE,FALSE,"No reliable preference"
"SELVA","Bacillariophyceae_ASV_9683",15,59,3,20,TRUE,0.338983050847458,0.2,"20/59 vs 3/15",0.364697662358485,0.902865314829865,FALSE,"ns","Bacillariophyceae_ASV_9683","Bacillariophyceae",FALSE,FALSE,"No reliable preference"
"SELVA","Bacillariophyceae_ASV_9843",15,59,1,12,TRUE,0.203389830508475,0.0666666666666667,"12/59 vs 1/15",0.28216872997726,0.85505675750685,FALSE,"ns","Bacillariophyceae_ASV_9843","Bacillariophyceae",FALSE,FALSE,"No reliable preference"
"SELVA","Bacillariophyceae_ASV_9867",15,59,10,45,TRUE,0.76271186440678,0.666666666666667,"45/59 vs 10/15",0.512663709132717,0.984957708862783,FALSE,"ns","Bacillariophyceae_ASV_9867","Bacillariophyceae",FALSE,FALSE,"No reliable preference"
"SELVA","Bacillariophyceae_ASV_9918",15,59,1,22,TRUE,0.372881355932203,0.0666666666666667,"22/59 vs 1/15",0.0277921094543325,0.672974281346246,FALSE,"ns","Bacillariophyceae_ASV_9918","Bacillariophyceae",FALSE,FALSE,"No reliable preference"
"SELVA","Bacillariophyceae_ASV_9972",15,59,5,28,TRUE,0.474576271186441,0.333333333333333,"28/59 vs 5/15",0.392350545264565,0.902865314829865,FALSE,"ns","Bacillariophyceae_ASV_9972","Bacillariophyceae",FALSE,TRUE,"No reliable preference"
"SELVA","Bacillariophyceae_ASV_9977",15,59,5,20,TRUE,0.338983050847458,0.333333333333333,"20/59 vs 5/15",1,1,FALSE,"ns","Bacillariophyceae_ASV_9977","Bacillariophyceae",FALSE,FALSE,"No reliable preference"
"SELVA","Bougainvillia_ASV_16800",15,59,4,3,TRUE,0.0508474576271186,0.266666666666667,"3/59 vs 4/15",0.0276812778035297,0.672974281346246,FALSE,"ns","Bougainvillia_sp.","Cnidaria",FALSE,FALSE,"No reliable preference"
"SELVA","Bryocamptus_ASV_13856",15,59,1,9,TRUE,0.152542372881356,0.0666666666666667,"9/59 vs 1/15",0.675901668226279,1,FALSE,"ns","Bryocamptus_stillae","Arthropoda",FALSE,FALSE,"No reliable preference"
"SELVA","Bryozoa_XX_ASV_17870",15,59,0,4,TRUE,0.0677966101694915,0,"4/59 vs 0/15",0.576200259684728,0.984957708862783,FALSE,"ns","Bryozoa_XX_ASV_17870","Bryozoa",FALSE,TRUE,"No reliable preference"
"SELVA","CCW10-lineage_X_ASV_13473",15,59,5,22,TRUE,0.372881355932203,0.333333333333333,"22/59 vs 5/15",1,1,FALSE,"ns","CCW10-lineage_X_sp.","Filosa-Thecofilosea",FALSE,FALSE,"No reliable preference"
"SELVA","CCW10-lineage_X_ASV_13478",15,59,4,19,TRUE,0.322033898305085,0.266666666666667,"19/59 vs 4/15",0.764279147864687,1,FALSE,"ns","CCW10-lineage_X_sp.","Filosa-Thecofilosea",FALSE,FALSE,"No reliable preference"
"SELVA","CCW10-lineage_X_ASV_13480",15,59,4,17,TRUE,0.288135593220339,0.266666666666667,"17/59 vs 4/15",1,1,FALSE,"ns","CCW10-lineage_X_sp.","Filosa-Thecofilosea",FALSE,FALSE,"No reliable preference"
"SELVA","Caenogastropoda_ASV_13678",15,59,2,12,TRUE,0.203389830508475,0.133333333333333,"12/59 vs 2/15",0.72074353876483,1,FALSE,"ns","Caenogastropoda_ASV_13678","Mollusca",FALSE,TRUE,"No reliable preference"
"SELVA","Carradoriella_ASV_24925",15,59,5,20,TRUE,0.338983050847458,0.333333333333333,"20/59 vs 5/15",1,1,FALSE,"ns","Carradoriella_elongata","Florideophyceae",FALSE,FALSE,"No reliable preference"
"SELVA","Cephaloidophora_ASV_1583",15,59,0,22,TRUE,0.372881355932203,0,"22/59 vs 0/15",0.00349117236489799,0.232744824326533,FALSE,"ns","Cephaloidophora_communis","Gregarinomorphea",FALSE,FALSE,"No reliable preference"
"SELVA","Cephaloidophora_ASV_1589",15,59,1,12,TRUE,0.203389830508475,0.0666666666666667,"12/59 vs 1/15",0.28216872997726,0.85505675750685,FALSE,"ns","Cephaloidophora_communis","Gregarinomorphea",FALSE,FALSE,"No reliable preference"
"SELVA","Ceramium_ASV_24711",15,59,4,17,TRUE,0.288135593220339,0.266666666666667,"17/59 vs 4/15",1,1,FALSE,"ns","Ceramium_virgatum","Florideophyceae",FALSE,FALSE,"No reliable preference"
"SELVA","Chaetoceros_ASV_11054",15,59,4,33,TRUE,0.559322033898305,0.266666666666667,"33/59 vs 4/15",0.08055841050685,0.730579937442526,FALSE,"ns","Chaetoceros_socialis","Mediophyceae",FALSE,FALSE,"No reliable preference"
"SELVA","Chlamydaster_ASV_21669",15,59,1,8,TRUE,0.135593220338983,0.0666666666666667,"8/59 vs 1/15",0.675901668226279,1,FALSE,"ns","Chlamydaster_sterni","Pterocystida",FALSE,FALSE,"No reliable preference"
"SELVA","Chromadorea_X_ASV_27082",15,59,0,1,TRUE,0.0169491525423729,0,"1/59 vs 0/15",1,1,FALSE,"ns","Chromadorea_X_ASV_27082","Nematoda",FALSE,FALSE,"No reliable preference"
"SELVA","Chromadorina_ASV_18461",15,59,3,18,TRUE,0.305084745762712,0.2,"18/59 vs 3/15",0.532356582267508,0.984957708862783,FALSE,"ns","Chromadorina_sp.","Nematoda",FALSE,FALSE,"No reliable preference"
"SELVA","Chrysolepidomonas_ASV_8860",15,59,4,24,TRUE,0.406779661016949,0.266666666666667,"24/59 vs 4/15",0.383424911204931,0.902865314829865,FALSE,"ns","Chrysolepidomonas_dendrolepidota","Chrysophyceae",FALSE,FALSE,"No reliable preference"
"SELVA","Costaria_ASV_10957",15,59,12,50,TRUE,0.847457627118644,0.8,"50/59 vs 12/15",0.699373075190051,1,FALSE,"ns","Costaria_costata","Phaeophyceae",FALSE,FALSE,"No reliable preference"
"SELVA","Craticula_ASV_10145",15,59,7,39,TRUE,0.661016949152542,0.466666666666667,"39/59 vs 7/15",0.233671064696996,0.848630815333197,FALSE,"ns","Craticula_importuna","Bacillariophyceae",FALSE,FALSE,"No reliable preference"
"SELVA","Cryothecomonas_ASV_15153",15,59,3,23,TRUE,0.389830508474576,0.2,"23/59 vs 3/15",0.231151774235986,0.848630815333197,FALSE,"ns","Cryothecomonas_aestivalis","Filosa-Thecofilosea",FALSE,FALSE,"No reliable preference"
"SELVA","Cymbella_ASV_11535",15,59,7,37,TRUE,0.627118644067797,0.466666666666667,"37/59 vs 7/15",0.377553149454609,0.902865314829865,FALSE,"ns","Cymbella_acuta","Bacillariophyceae",TRUE,TRUE,"No reliable preference"
"SELVA","Desmarestia_ASV_10940",15,59,4,12,TRUE,0.203389830508475,0.266666666666667,"12/59 vs 4/15",0.726204877641659,1,FALSE,"ns","Desmarestia_viridis","Phaeophyceae",FALSE,FALSE,"No reliable preference"
"SELVA","Dino-Group-I-Clade-1_X_ASV_20870",15,59,4,30,TRUE,0.508474576271186,0.266666666666667,"30/59 vs 4/15",0.146299993761244,0.835999964349967,FALSE,"ns","Dino-Group-I-Clade-1_X_sp.","Syndiniales",TRUE,TRUE,"No reliable preference"
"SELVA","Dino-Group-I-Clade-1_X_ASV_20879",15,59,7,33,TRUE,0.559322033898305,0.466666666666667,"33/59 vs 7/15",0.571566683640896,0.984957708862783,FALSE,"ns","Dino-Group-I-Clade-1_X_sp.","Syndiniales",FALSE,FALSE,"No reliable preference"
"SELVA","Dino-Group-I-Clade-1_X_ASV_21077",15,59,5,24,TRUE,0.406779661016949,0.333333333333333,"24/59 vs 5/15",0.769219917700331,1,FALSE,"ns","Dino-Group-I-Clade-1_X_sp.","Syndiniales",FALSE,FALSE,"No reliable preference"
"SELVA","Dino-Group-I-Clade-1_X_ASV_21086",15,59,5,26,TRUE,0.440677966101695,0.333333333333333,"26/59 vs 5/15",0.563316129986212,0.984957708862783,FALSE,"ns","Dino-Group-I-Clade-1_X_sp.","Syndiniales",FALSE,FALSE,"No reliable preference"
"SELVA","Dino-Group-I-Clade-1_X_ASV_25263",15,59,4,29,TRUE,0.491525423728814,0.266666666666667,"29/59 vs 4/15",0.151403478778672,0.841130437659286,FALSE,"ns","Dino-Group-I-Clade-1_X_sp.","Syndiniales",FALSE,FALSE,"No reliable preference"
"SELVA","Dino-Group-I-Clade-1_X_ASV_25271",15,59,6,33,TRUE,0.559322033898305,0.4,"33/59 vs 6/15",0.386136746768435,0.902865314829865,FALSE,"ns","Dino-Group-I-Clade-1_X_sp.","Syndiniales",FALSE,FALSE,"No reliable preference"
"SELVA","Dino-Group-I-Clade-4_X_ASV_21578",15,59,0,12,TRUE,0.203389830508475,0,"12/59 vs 0/15",0.109586990616379,0.730579937442526,FALSE,"ns","Dino-Group-I-Clade-4_X_sp.","Syndiniales",FALSE,FALSE,"No reliable preference"
"SELVA","Dino-Group-II-Clade-10-and-11_X_ASV_23376",15,59,1,28,TRUE,0.474576271186441,0.0666666666666667,"28/59 vs 1/15",0.00328468152326013,0.232744824326533,FALSE,"ns","Dino-Group-II-Clade-10-and-11_X_sp.","Syndiniales",FALSE,FALSE,"No reliable preference"
"SELVA","Diplosoma_ASV_13104",15,59,1,6,TRUE,0.101694915254237,0.0666666666666667,"6/59 vs 1/15",1,1,FALSE,"ns","Diplosoma sp. Diplosoma_ASV_13104","Urochordata",FALSE,FALSE,"No reliable preference"
"SELVA","Disporella_ASV_17008",15,59,0,4,TRUE,0.0677966101694915,0,"4/59 vs 0/15",0.576200259684728,0.984957708862783,FALSE,"ns","Disporella sp. Disporella_ASV_17008","Bryozoa",FALSE,FALSE,"No reliable preference"
"SELVA","Disporella_ASV_17010",15,59,2,7,TRUE,0.11864406779661,0.133333333333333,"7/59 vs 2/15",1,1,FALSE,"ns","Disporella sp. Disporella_ASV_17010","Bryozoa",FALSE,FALSE,"No reliable preference"
"SELVA","Ectocarpus_ASV_8433",15,59,9,47,TRUE,0.796610169491525,0.6,"47/59 vs 9/15",0.174610172443902,0.848630815333197,FALSE,"ns","Ectocarpus sp. Ectocarpus_ASV_8433","Phaeophyceae",FALSE,TRUE,"No reliable preference"
"SELVA","Ectocarpus_ASV_8444",15,59,7,37,TRUE,0.627118644067797,0.466666666666667,"37/59 vs 7/15",0.377553149454609,0.902865314829865,FALSE,"ns","Ectocarpus sp. Ectocarpus_ASV_8444","Phaeophyceae",FALSE,FALSE,"No reliable preference"
"SELVA","Electra_ASV_17846",15,59,5,26,TRUE,0.440677966101695,0.333333333333333,"26/59 vs 5/15",0.563316129986212,0.984957708862783,FALSE,"ns","Electra_pilosa","Bryozoa",FALSE,FALSE,"No reliable preference"
"SELVA","Embryophyceae_XX_ASV_21512",15,59,1,18,TRUE,0.305084745762712,0.0666666666666667,"18/59 vs 1/15",0.0955762539413848,0.730579937442526,FALSE,"ns","Embryophyceae_XX_ASV_21512","Embryophyceae",FALSE,FALSE,"No reliable preference"
"SELVA","Endomyxa_ASV_22154",15,59,0,14,TRUE,0.23728813559322,0,"14/59 vs 0/15",0.0590099283261879,0.694234450896329,FALSE,"ns","Endomyxa_ASV_22154","Endomyxa",FALSE,FALSE,"No reliable preference"
"SELVA","Enoplea_X_ASV_18404",15,59,0,1,TRUE,0.0169491525423729,0,"1/59 vs 0/15",1,1,FALSE,"ns","Enoplea_X_ASV_18404","Nematoda",TRUE,TRUE,"No reliable preference"
"SELVA","Ephelota_ASV_1009",15,59,4,10,TRUE,0.169491525423729,0.266666666666667,"10/59 vs 4/15",0.462968343778519,0.984957708862783,FALSE,"ns","Ephelota_sp.","Phyllopharyngea",FALSE,FALSE,"No reliable preference"
"SELVA","Ephelota_ASV_1020",15,59,2,9,TRUE,0.152542372881356,0.133333333333333,"9/59 vs 2/15",1,1,FALSE,"ns","Ephelota_sp.","Phyllopharyngea",FALSE,FALSE,"No reliable preference"
"SELVA","Ephelota_ASV_2990",15,59,2,7,TRUE,0.11864406779661,0.133333333333333,"7/59 vs 2/15",1,1,FALSE,"ns","Ephelota_truncata","Phyllopharyngea",TRUE,FALSE,"No reliable preference"
"SELVA","Ephelota_ASV_2997",15,59,3,3,TRUE,0.0508474576271186,0.2,"3/59 vs 3/15",0.0934370772386359,0.730579937442526,FALSE,"ns","Ephelota_mammillata","Phyllopharyngea",FALSE,FALSE,"No reliable preference"
"SELVA","Ephelota_ASV_4004",15,59,5,15,TRUE,0.254237288135593,0.333333333333333,"15/59 vs 5/15",0.531359474767012,0.984957708862783,FALSE,"ns","Ephelota sp. Ephelota_ASV_4004","Phyllopharyngea",FALSE,FALSE,"No reliable preference"
"SELVA","Ephelota_ASV_4014",15,59,1,10,TRUE,0.169491525423729,0.0666666666666667,"10/59 vs 1/15",0.442955992263918,0.984957708862783,FALSE,"ns","Ephelota_mammillata","Phyllopharyngea",FALSE,FALSE,"No reliable preference"
"SELVA","Ephelota_ASV_4846",15,59,2,0,TRUE,0,0.133333333333333,"0/59 vs 2/15",0.0388744909292854,0.672974281346246,FALSE,"ns","Ephelota_sp.","Phyllopharyngea",FALSE,TRUE,"No reliable preference"
"SELVA","Ephelota_ASV_661",15,59,0,1,TRUE,0.0169491525423729,0,"1/59 vs 0/15",1,1,FALSE,"ns","Ephelota sp. Ephelota_ASV_661","Phyllopharyngea",TRUE,TRUE,"No reliable preference"
"SELVA","Ephelota_ASV_662",15,59,5,9,TRUE,0.152542372881356,0.333333333333333,"9/59 vs 5/15",0.141761026635059,0.835999964349967,FALSE,"ns","Ephelota sp. Ephelota_ASV_662","Phyllopharyngea",FALSE,FALSE,"No reliable preference"
"SELVA","Euglyphida_XX_ASV_18003",15,59,4,17,TRUE,0.288135593220339,0.266666666666667,"17/59 vs 4/15",1,1,FALSE,"ns","Euglyphida_XX_sp.","Filosa-Imbricatea",FALSE,FALSE,"No reliable preference"
"SELVA","Filosa-Thecofilosea_ASV_15525",15,59,0,10,TRUE,0.169491525423729,0,"10/59 vs 0/15",0.197470797512692,0.848630815333197,FALSE,"ns","Filosa-Thecofilosea_ASV_15525","Filosa-Thecofilosea",FALSE,FALSE,"No reliable preference"
"SELVA","Folliculinidae_ASV_3614",15,59,3,2,TRUE,0.0338983050847458,0.2,"2/59 vs 3/15",0.0535139132958928,0.694234450896329,FALSE,"ns","Folliculinidae_ASV_3614","Heterotrichea",FALSE,FALSE,"No reliable preference"
"SELVA","Fragilariaceae_ASV_10037",15,59,4,31,TRUE,0.525423728813559,0.266666666666667,"31/59 vs 4/15",0.0887447915476101,0.730579937442526,FALSE,"ns","Fragilariaceae_ASV_10037","Bacillariophyceae",FALSE,FALSE,"No reliable preference"
"SELVA","Gastrotricha_XX_ASV_16593",15,59,0,6,TRUE,0.101694915254237,0,"6/59 vs 0/15",0.33666127602827,0.902865314829865,FALSE,"ns","Gastrotricha_XX_ASV_16593","Gastrotricha",FALSE,FALSE,"No reliable preference"
"SELVA","Grammatophora_ASV_10004",15,59,5,24,TRUE,0.406779661016949,0.333333333333333,"24/59 vs 5/15",0.769219917700331,1,FALSE,"ns","Grammatophora_marina","Bacillariophyceae",FALSE,FALSE,"No reliable preference"
"SELVA","Grammonema_ASV_10016",15,59,6,36,TRUE,0.610169491525424,0.4,"36/59 vs 6/15",0.158258723180365,0.848630815333197,FALSE,"ns","Grammonema_striatula","Bacillariophyceae",FALSE,FALSE,"No reliable preference"
"SELVA","Halomonhystera_ASV_27076",15,59,0,13,TRUE,0.220338983050847,0,"13/59 vs 0/15",0.058088877555611,0.694234450896329,FALSE,"ns","Halomonhystera_sp.","Nematoda",FALSE,FALSE,"No reliable preference"
"SELVA","Halomonhystera_ASV_27080",15,59,0,4,TRUE,0.0677966101694915,0,"4/59 vs 0/15",0.576200259684728,0.984957708862783,FALSE,"ns","Halomonhystera_disjuncta","Nematoda",FALSE,FALSE,"No reliable preference"
"SELVA","Halomonhystera_ASV_27093",15,59,0,1,TRUE,0.0169491525423729,0,"1/59 vs 0/15",1,1,FALSE,"ns","Halomonhystera_disjuncta","Nematoda",FALSE,FALSE,"No reliable preference"
"SELVA","Haplogloia_ASV_8474",15,59,6,37,TRUE,0.627118644067797,0.4,"37/59 vs 6/15",0.146119843478767,0.835999964349967,FALSE,"ns","Haplogloia_andersonii","Phaeophyceae",FALSE,FALSE,"No reliable preference"
"SELVA","Harpacticus_ASV_13902",15,59,2,25,TRUE,0.423728813559322,0.133333333333333,"25/59 vs 2/15",0.0410767150656589,0.672974281346246,FALSE,"ns","Harpacticus_sp.","Arthropoda",FALSE,FALSE,"No reliable preference"
"SELVA","Haslea_ASV_9240",15,59,7,36,TRUE,0.610169491525424,0.466666666666667,"36/59 vs 7/15",0.384711712447021,0.902865314829865,FALSE,"ns","Haslea_avium","Bacillariophyceae",FALSE,FALSE,"No reliable preference"
"SELVA","Hemiophrys_ASV_410",15,59,0,3,TRUE,0.0508474576271186,0,"3/59 vs 0/15",1,1,FALSE,"ns","Hemiophrys sp. Hemiophrys_ASV_410","Litostomatea",FALSE,FALSE,"No reliable preference"
"SELVA","Heribaudiella_ASV_10922",15,59,4,18,TRUE,0.305084745762712,0.266666666666667,"18/59 vs 4/15",1,1,FALSE,"ns","Heribaudiella_fluviatilis","Phaeophyceae",FALSE,FALSE,"No reliable preference"
"SELVA","Heribaudiella_ASV_10928",15,59,7,30,TRUE,0.508474576271186,0.466666666666667,"30/59 vs 7/15",1,1,FALSE,"ns","Heribaudiella_fluviatilis","Phaeophyceae",TRUE,FALSE,"No reliable preference"
"SELVA","Hiatella_ASV_13195",15,59,0,14,TRUE,0.23728813559322,0,"14/59 vs 0/15",0.0590099283261879,0.694234450896329,FALSE,"ns","Hiatella_arctica","Mollusca",FALSE,FALSE,"No reliable preference"
"SELVA","Labyrinthulaceae_ANT10_3_ASV_9457",15,59,2,29,TRUE,0.491525423728814,0.133333333333333,"29/59 vs 2/15",0.0175319438576813,0.672974281346246,FALSE,"ns","Labyrinthulaceae_ANT10_3_sp.","Sagenista",FALSE,FALSE,"No reliable preference"
"SELVA","Leathesia_ASV_8462",15,59,5,37,TRUE,0.627118644067797,0.333333333333333,"37/59 vs 5/15",0.0775914075914744,0.730579937442526,FALSE,"ns","Leathesia_difformis","Phaeophyceae",TRUE,TRUE,"No reliable preference"
"SELVA","Lichomolgus_ASV_17960",15,59,0,1,TRUE,0.0169491525423729,0,"1/59 vs 0/15",1,1,FALSE,"ns","Lichomolgus_marginatus","Arthropoda",FALSE,FALSE,"No reliable preference"
"SELVA","Licmophora_ASV_9913",15,59,3,24,TRUE,0.406779661016949,0.2,"24/59 vs 3/15",0.229005668106398,0.848630815333197,FALSE,"ns","Licmophora_gracilis","Bacillariophyceae",FALSE,FALSE,"No reliable preference"
"SELVA","Licmophora_ASV_9996",15,59,5,20,TRUE,0.338983050847458,0.333333333333333,"20/59 vs 5/15",1,1,FALSE,"ns","Licmophora sp. Licmophora_ASV_9996","Bacillariophyceae",FALSE,FALSE,"No reliable preference"
"SELVA","Loxophyllum_ASV_32660",15,59,2,4,TRUE,0.0677966101694915,0.133333333333333,"4/59 vs 2/15",0.59462633535061,1,FALSE,"ns","Loxophyllum_perihoplophorum","Litostomatea",FALSE,FALSE,"No reliable preference"
"SELVA","Loxophyllum_ASV_6533",15,59,1,5,TRUE,0.0847457627118644,0.0666666666666667,"5/59 vs 1/15",1,1,FALSE,"ns","Loxophyllum_rostratum","Litostomatea",FALSE,FALSE,"No reliable preference"
"SELVA","Loxosomella_ASV_16675",15,59,0,1,TRUE,0.0169491525423729,0,"1/59 vs 0/15",1,1,FALSE,"ns","Loxosomella_sp.","Entoprocta",FALSE,FALSE,"No reliable preference"
"SELVA","MAST-3I_ASV_9358",15,59,1,14,TRUE,0.23728813559322,0.0666666666666667,"14/59 vs 1/15",0.278312074293133,0.85505675750685,FALSE,"ns","MAST-3I_sp.","Opalozoa",FALSE,FALSE,"No reliable preference"
"SELVA","Maxillopoda_ASV_13778",15,59,0,4,TRUE,0.0677966101694915,0,"4/59 vs 0/15",0.576200259684728,0.984957708862783,FALSE,"ns","Maxillopoda_ASV_13778","Arthropoda",FALSE,FALSE,"No reliable preference"
"SELVA","Maxillopoda_ASV_13791",15,59,2,7,TRUE,0.11864406779661,0.133333333333333,"7/59 vs 2/15",1,1,FALSE,"ns","Maxillopoda_ASV_13791","Arthropoda",FALSE,FALSE,"No reliable preference"
"SELVA","Maxillopoda_ASV_13792",15,59,3,13,TRUE,0.220338983050847,0.2,"13/59 vs 3/15",1,1,FALSE,"ns","Maxillopoda_ASV_13792","Arthropoda",FALSE,TRUE,"No reliable preference"
"SELVA","Maxillopoda_ASV_13839",15,59,3,12,TRUE,0.203389830508475,0.2,"12/59 vs 3/15",1,1,FALSE,"ns","Maxillopoda_ASV_13839","Arthropoda",FALSE,FALSE,"No reliable preference"
"SELVA","Maxillopoda_ASV_13865",15,59,3,14,TRUE,0.23728813559322,0.2,"14/59 vs 3/15",1,1,FALSE,"ns","Maxillopoda_ASV_13865","Arthropoda",FALSE,FALSE,"No reliable preference"
"SELVA","Maxillopoda_ASV_13878",15,59,2,5,TRUE,0.0847457627118644,0.133333333333333,"5/59 vs 2/15",0.624433222457182,1,FALSE,"ns","Maxillopoda_ASV_13878","Arthropoda",FALSE,TRUE,"No reliable preference"
"SELVA","Maxillopoda_ASV_13929",15,59,4,14,TRUE,0.23728813559322,0.266666666666667,"14/59 vs 4/15",1,1,FALSE,"ns","Maxillopoda_ASV_13929","Arthropoda",FALSE,FALSE,"No reliable preference"
"SELVA","Mediophyceae_ASV_10516",15,59,4,25,TRUE,0.423728813559322,0.266666666666667,"25/59 vs 4/15",0.377071986348656,0.902865314829865,FALSE,"ns","Mediophyceae_ASV_10516","Mediophyceae",FALSE,FALSE,"No reliable preference"
"SELVA","Mediophyceae_ASV_9615",15,59,4,27,TRUE,0.457627118644068,0.266666666666667,"27/59 vs 4/15",0.245344519889429,0.848630815333197,FALSE,"ns","Mediophyceae_ASV_9615","Mediophyceae",FALSE,FALSE,"No reliable preference"
"SELVA","Membranipora_ASV_17859",15,59,2,11,TRUE,0.186440677966102,0.133333333333333,"11/59 vs 2/15",1,1,FALSE,"ns","Membranipora_membranacea","Bryozoa",FALSE,FALSE,"No reliable preference"
"SELVA","Metromonas_ASV_18427",15,59,3,31,TRUE,0.525423728813559,0.2,"31/59 vs 3/15",0.0402175419760454,0.672974281346246,FALSE,"ns","Metromonas_simplex","Filosa-Metromonadea",FALSE,FALSE,"No reliable preference"
"SELVA","Mytilus_ASV_18471",15,59,1,13,TRUE,0.220338983050847,0.0666666666666667,"13/59 vs 1/15",0.274897665803813,0.85505675750685,FALSE,"ns","Mytilus_trossulus","Mollusca",TRUE,FALSE,"No reliable preference"
"SELVA","Navicula_ASV_10078",15,59,7,46,TRUE,0.779661016949153,0.466666666666667,"46/59 vs 7/15",0.0249381590995114,0.672974281346246,FALSE,"ns","Navicula sp. Navicula_ASV_10078","Bacillariophyceae",TRUE,FALSE,"No reliable preference"
"SELVA","Navicula_ASV_10098",15,59,7,40,TRUE,0.677966101694915,0.466666666666667,"40/59 vs 7/15",0.145214825417434,0.835999964349967,FALSE,"ns","Navicula_tripunctata","Bacillariophyceae",TRUE,FALSE,"No reliable preference"
"SELVA","Navicula_ASV_10118",15,59,5,31,TRUE,0.525423728813559,0.333333333333333,"31/59 vs 5/15",0.250258408546493,0.848630815333197,FALSE,"ns","Navicula sp. Navicula_ASV_10118","Bacillariophyceae",FALSE,FALSE,"No reliable preference"
"SELVA","Navicula_ASV_10502",15,59,6,31,TRUE,0.525423728813559,0.4,"31/59 vs 6/15",0.564160551384974,0.984957708862783,FALSE,"ns","Navicula_cryptotenella","Bacillariophyceae",FALSE,FALSE,"No reliable preference"
"SELVA","Navicula_ASV_9836",15,59,4,26,TRUE,0.440677966101695,0.266666666666667,"26/59 vs 4/15",0.254589244599959,0.848630815333197,FALSE,"ns","Navicula sp. Navicula_ASV_9836","Bacillariophyceae",FALSE,FALSE,"No reliable preference"
"SELVA","Naviculaceae_ASV_9674",15,59,2,17,TRUE,0.288135593220339,0.133333333333333,"17/59 vs 2/15",0.326204606540018,0.902865314829865,FALSE,"ns","Naviculaceae_ASV_9674","Bacillariophyceae",FALSE,FALSE,"No reliable preference"
"SELVA","Naviculaceae_ASV_9847",15,59,7,37,TRUE,0.627118644067797,0.466666666666667,"37/59 vs 7/15",0.377553149454609,0.902865314829865,FALSE,"ns","Naviculaceae_ASV_9847","Bacillariophyceae",FALSE,FALSE,"No reliable preference"
"SELVA","Neocalanus_ASV_13969",15,59,1,13,TRUE,0.220338983050847,0.0666666666666667,"13/59 vs 1/15",0.274897665803813,0.85505675750685,FALSE,"ns","Neocalanus_cristatus","Arthropoda",FALSE,FALSE,"No reliable preference"
"SELVA","Nolandella_ASV_19262",15,59,2,19,TRUE,0.322033898305085,0.133333333333333,"19/59 vs 2/15",0.205988525392288,0.848630815333197,FALSE,"ns","Nolandella_sp.","Elardia",FALSE,FALSE,"No reliable preference"
"SELVA","OTU_ASV_12542",15,59,4,26,TRUE,0.440677966101695,0.266666666666667,"26/59 vs 4/15",0.254589244599959,0.848630815333197,FALSE,"ns","OTU_ASV_12542",NA,FALSE,FALSE,"No reliable preference"
"SELVA","OTU_ASV_13187",15,59,0,7,TRUE,0.11864406779661,0,"7/59 vs 0/15",0.332325728812769,0.902865314829865,FALSE,"ns","OTU_ASV_13187",NA,FALSE,FALSE,"No reliable preference"
"SELVA","OTU_ASV_13628",15,59,7,34,TRUE,0.576271186440678,0.466666666666667,"34/59 vs 7/15",0.563480493335283,0.984957708862783,FALSE,"ns","OTU_ASV_13628",NA,FALSE,FALSE,"No reliable preference"
"SELVA","OTU_ASV_14103",15,59,0,12,TRUE,0.203389830508475,0,"12/59 vs 0/15",0.109586990616379,0.730579937442526,FALSE,"ns","OTU_ASV_14103",NA,FALSE,FALSE,"No reliable preference"
"SELVA","OTU_ASV_15511",15,59,6,24,TRUE,0.406779661016949,0.4,"24/59 vs 6/15",1,1,FALSE,"ns","OTU_ASV_15511",NA,FALSE,FALSE,"No reliable preference"
"SELVA","OTU_ASV_16598",15,59,0,2,TRUE,0.0338983050847458,0,"2/59 vs 0/15",1,1,FALSE,"ns","OTU_ASV_16598",NA,TRUE,TRUE,"No reliable preference"
"SELVA","OTU_ASV_16900",15,59,4,12,TRUE,0.203389830508475,0.266666666666667,"12/59 vs 4/15",0.726204877641659,1,FALSE,"ns","OTU_ASV_16900",NA,FALSE,FALSE,"No reliable preference"
"SELVA","OTU_ASV_17235",15,59,5,32,TRUE,0.542372881355932,0.333333333333333,"32/59 vs 5/15",0.247044393432106,0.848630815333197,FALSE,"ns","OTU_ASV_17235",NA,FALSE,FALSE,"No reliable preference"
"SELVA","OTU_ASV_18454",15,59,4,12,TRUE,0.203389830508475,0.266666666666667,"12/59 vs 4/15",0.726204877641659,1,FALSE,"ns","OTU_ASV_18454",NA,FALSE,FALSE,"No reliable preference"
"SELVA","OTU_ASV_21964",15,59,1,3,TRUE,0.0508474576271186,0.0666666666666667,"3/59 vs 1/15",1,1,FALSE,"ns","OTU_ASV_21964",NA,FALSE,FALSE,"No reliable preference"
"SELVA","OTU_ASV_22251",15,59,0,4,TRUE,0.0677966101694915,0,"4/59 vs 0/15",0.576200259684728,0.984957708862783,FALSE,"ns","OTU_ASV_22251",NA,TRUE,TRUE,"No reliable preference"
"SELVA","OTU_ASV_22253",15,59,2,6,TRUE,0.101694915254237,0.133333333333333,"6/59 vs 2/15",0.660468414332293,1,FALSE,"ns","OTU_ASV_22253",NA,FALSE,FALSE,"No reliable preference"
"SELVA","OTU_ASV_33054",15,59,3,8,TRUE,0.135593220338983,0.2,"8/59 vs 3/15",0.684341728949553,1,FALSE,"ns","OTU_ASV_33054",NA,FALSE,TRUE,"No reliable preference"
"SELVA","OTU_ASV_33058",15,59,0,2,TRUE,0.0338983050847458,0,"2/59 vs 0/15",1,1,FALSE,"ns","OTU_ASV_33058",NA,TRUE,FALSE,"No reliable preference"
"SELVA","OTU_ASV_5396",15,59,2,9,TRUE,0.152542372881356,0.133333333333333,"9/59 vs 2/15",1,1,FALSE,"ns","OTU_ASV_5396",NA,TRUE,TRUE,"No reliable preference"
"SELVA","OTU_ASV_7470",15,59,0,3,TRUE,0.0508474576271186,0,"3/59 vs 0/15",1,1,FALSE,"ns","OTU_ASV_7470",NA,FALSE,FALSE,"No reliable preference"
"SELVA","OTU_ASV_8306",15,59,6,42,TRUE,0.711864406779661,0.4,"42/59 vs 6/15",0.0344046622639465,0.672974281346246,FALSE,"ns","OTU_ASV_8306",NA,FALSE,FALSE,"No reliable preference"
"SELVA","OTU_ASV_9154",15,59,2,16,TRUE,0.271186440677966,0.133333333333333,"16/59 vs 2/15",0.333138154405307,0.902865314829865,FALSE,"ns","OTU_ASV_9154",NA,FALSE,FALSE,"No reliable preference"
"SELVA","Obelia_ASV_16795",15,59,4,10,TRUE,0.169491525423729,0.266666666666667,"10/59 vs 4/15",0.462968343778519,0.984957708862783,FALSE,"ns","Obelia_longissima","Cnidaria",FALSE,FALSE,"No reliable preference"
"SELVA","Oerstedia_ASV_17136",15,59,0,5,TRUE,0.0847457627118644,0,"5/59 vs 0/15",0.576200259684728,0.984957708862783,FALSE,"ns","Oerstedia_dorsalis","Nemertea",FALSE,FALSE,"No reliable preference"
"SELVA","Palmaria_ASV_24380",15,59,2,20,TRUE,0.338983050847458,0.133333333333333,"20/59 vs 2/15",0.204615756018192,0.848630815333197,FALSE,"ns","Palmaria_palmata","Florideophyceae",FALSE,FALSE,"No reliable preference"
"SELVA","Pelagomonadales_clade_A3_ASV_10742",15,59,3,21,TRUE,0.355932203389831,0.2,"21/59 vs 3/15",0.358142226064799,0.902865314829865,FALSE,"ns","Pelagomonadales_clade_A3_sp.","Pelagophyceae",FALSE,FALSE,"No reliable preference"
"SELVA","Phaeocystis_ASV_20921",15,59,2,11,TRUE,0.186440677966102,0.133333333333333,"11/59 vs 2/15",1,1,FALSE,"ns","Phaeocystis_globosa","Prymnesiophyceae",FALSE,FALSE,"No reliable preference"
"SELVA","Phaeophyceae_XX_ASV_10925",15,59,5,19,TRUE,0.322033898305085,0.333333333333333,"19/59 vs 5/15",1,1,FALSE,"ns","Phaeophyceae_XX_ASV_10925","Phaeophyceae",FALSE,FALSE,"No reliable preference"
"SELVA","Phaeophyceae_XX_ASV_8454",15,59,8,45,TRUE,0.76271186440678,0.533333333333333,"45/59 vs 8/15",0.109118163667903,0.730579937442526,FALSE,"ns","Phaeophyceae_XX_ASV_8454","Phaeophyceae",FALSE,FALSE,"No reliable preference"
"SELVA","Phaeophyceae_XX_ASV_8496",15,59,10,40,TRUE,0.677966101694915,0.666666666666667,"40/59 vs 10/15",1,1,FALSE,"ns","Phaeophyceae_XX_ASV_8496","Phaeophyceae",FALSE,FALSE,"No reliable preference"
"SELVA","Phaeophyceae_XX_ASV_8499",15,59,4,15,TRUE,0.254237288135593,0.266666666666667,"15/59 vs 4/15",1,1,FALSE,"ns","Phaeophyceae_XX_ASV_8499","Phaeophyceae",TRUE,FALSE,"No reliable preference"
"SELVA","Phaeophyceae_XX_ASV_8507",15,59,9,46,TRUE,0.779661016949153,0.6,"46/59 vs 9/15",0.190156958155073,0.848630815333197,FALSE,"ns","Phaeophyceae_XX_ASV_8507","Phaeophyceae",FALSE,FALSE,"No reliable preference"
"SELVA","Phallusia_ASV_17107",15,59,8,42,TRUE,0.711864406779661,0.533333333333333,"42/59 vs 8/15",0.223431959287566,0.848630815333197,FALSE,"ns","Phallusia sp. Phallusia_ASV_17107","Urochordata",FALSE,FALSE,"No reliable preference"
"SELVA","Phyllopharyngea_ASV_3826",15,59,3,14,TRUE,0.23728813559322,0.2,"14/59 vs 3/15",1,1,FALSE,"ns","Phyllopharyngea_ASV_3826","Phyllopharyngea",FALSE,FALSE,"No reliable preference"
"SELVA","Phymatolithon_ASV_24738",15,59,0,6,TRUE,0.101694915254237,0,"6/59 vs 0/15",0.33666127602827,0.902865314829865,FALSE,"ns","Phymatolithon_calcareum","Florideophyceae",FALSE,FALSE,"No reliable preference"
"SELVA","Placidae_X_ASV_29901",15,59,0,2,TRUE,0.0338983050847458,0,"2/59 vs 0/15",1,1,FALSE,"ns","Placidae_X_sp.","Prostomatea_2",TRUE,FALSE,"No reliable preference"
"SELVA","Placuna_ASV_17776",15,59,3,11,TRUE,0.186440677966102,0.2,"11/59 vs 3/15",1,1,FALSE,"ns","Placuna_placenta","Mollusca",FALSE,TRUE,"No reliable preference"
"SELVA","Pleurosigma_ASV_10232",15,59,5,25,TRUE,0.423728813559322,0.333333333333333,"25/59 vs 5/15",0.57140841858633,0.984957708862783,FALSE,"ns","Pleurosigma_sp.","Bacillariophyceae",FALSE,FALSE,"No reliable preference"
"SELVA","Pleurosigma_ASV_10236",15,59,4,31,TRUE,0.525423728813559,0.266666666666667,"31/59 vs 4/15",0.0887447915476101,0.730579937442526,FALSE,"ns","Pleurosigma_intermedium","Bacillariophyceae",FALSE,FALSE,"No reliable preference"
"SELVA","Pleurosigma_ASV_10260",15,59,6,18,TRUE,0.305084745762712,0.4,"18/59 vs 6/15",0.543021325778769,0.984957708862783,FALSE,"ns","Pleurosigma_intermedium","Bacillariophyceae",FALSE,FALSE,"No reliable preference"
"SELVA","Polycera_ASV_19036",15,59,3,10,TRUE,0.169491525423729,0.2,"10/59 vs 3/15",0.719209162604197,1,FALSE,"ns","Polycera_quadrilineata","Mollusca",FALSE,FALSE,"No reliable preference"
"SELVA","Pomatoceros_ASV_18128",15,59,1,1,TRUE,0.0169491525423729,0.0666666666666667,"1/59 vs 1/15",0.36653091447612,0.902865314829865,FALSE,"ns","Pomatoceros_triqueter","Annelida",FALSE,FALSE,"No reliable preference"
"SELVA","Prolecithophora_ASV_18418",15,59,1,0,TRUE,0,0.0666666666666667,"0/59 vs 1/15",0.202702702702703,0.848630815333197,FALSE,"ns","Prolecithophora_ASV_18418","Platyhelminthes",FALSE,TRUE,"No reliable preference"
"SELVA","Protaspa_ASV_15671",15,59,4,21,TRUE,0.355932203389831,0.266666666666667,"21/59 vs 4/15",0.76063021826507,1,FALSE,"ns","Protaspa_sp.","Filosa-Thecofilosea",FALSE,FALSE,"No reliable preference"
"SELVA","Protolitonotus_ASV_6509",15,59,2,10,TRUE,0.169491525423729,0.133333333333333,"10/59 vs 2/15",1,1,FALSE,"ns","Protolitonotus_clampi","Litostomatea",FALSE,TRUE,"No reliable preference"
"SELVA","Pseudoscourfieldiaceae_X_ASV_25684",15,59,9,42,TRUE,0.711864406779661,0.6,"42/59 vs 9/15",0.533069699597993,0.984957708862783,FALSE,"ns","Pseudoscourfieldiaceae_X_sp.","Pseudoscourfieldiophyceae",FALSE,FALSE,"No reliable preference"
"SELVA","Pseudovorticella_ASV_29493",15,59,3,14,TRUE,0.23728813559322,0.2,"14/59 vs 3/15",1,1,FALSE,"ns","Pseudovorticella sp. Pseudovorticella_ASV_29493","Oligohymenophorea",FALSE,FALSE,"No reliable preference"
"SELVA","Pseudovorticella_ASV_29497",15,59,4,14,TRUE,0.23728813559322,0.266666666666667,"14/59 vs 4/15",1,1,FALSE,"ns","Pseudovorticella sp. Pseudovorticella_ASV_29497","Oligohymenophorea",FALSE,FALSE,"No reliable preference"
"SELVA","Pseudovorticella_ASV_29499",15,59,4,26,TRUE,0.440677966101695,0.266666666666667,"26/59 vs 4/15",0.254589244599959,0.848630815333197,FALSE,"ns","Pseudovorticella_sinensis","Oligohymenophorea",FALSE,FALSE,"No reliable preference"
"SELVA","Pterocystida_ASV_20844",15,59,5,26,TRUE,0.440677966101695,0.333333333333333,"26/59 vs 5/15",0.563316129986212,0.984957708862783,FALSE,"ns","Pterocystida_ASV_20844","Pterocystida",FALSE,FALSE,"No reliable preference"
"SELVA","Pterocystida_ASV_21630",15,59,4,18,TRUE,0.305084745762712,0.266666666666667,"18/59 vs 4/15",1,1,FALSE,"ns","Pterocystida_ASV_21630","Pterocystida",FALSE,FALSE,"No reliable preference"
"SELVA","Pterocystida_ASV_21672",15,59,8,28,TRUE,0.474576271186441,0.533333333333333,"28/59 vs 8/15",0.776190553413906,1,FALSE,"ns","Pterocystida_ASV_21672","Pterocystida",FALSE,FALSE,"No reliable preference"
"SELVA","Pterocystida_ASV_21674",15,59,7,25,TRUE,0.423728813559322,0.466666666666667,"25/59 vs 7/15",0.778475141036662,1,FALSE,"ns","Pterocystida_ASV_21674","Pterocystida",FALSE,FALSE,"No reliable preference"
"SELVA","Pterocystida_ASV_21718",15,59,6,15,TRUE,0.254237288135593,0.4,"15/59 vs 6/15",0.337828294902278,0.902865314829865,FALSE,"ns","Pterocystida_ASV_21718","Pterocystida",FALSE,FALSE,"No reliable preference"
"SELVA","Pterocystida_ASV_21754",15,59,2,10,TRUE,0.169491525423729,0.133333333333333,"10/59 vs 2/15",1,1,FALSE,"ns","Pterocystida_ASV_21754","Pterocystida",FALSE,FALSE,"No reliable preference"
"SELVA","Pterocystidae_ASV_21676",15,59,4,18,TRUE,0.305084745762712,0.266666666666667,"18/59 vs 4/15",1,1,FALSE,"ns","Pterocystidae_ASV_21676","Pterocystida",FALSE,FALSE,"No reliable preference"
"SELVA","Pterocystidae_ASV_21684",15,59,4,16,TRUE,0.271186440677966,0.266666666666667,"16/59 vs 4/15",1,1,FALSE,"ns","Pterocystidae_ASV_21684","Pterocystida",FALSE,TRUE,"No reliable preference"
"SELVA","Pterocystidae_ASV_21686",15,59,6,19,TRUE,0.322033898305085,0.4,"19/59 vs 6/15",0.558564818099219,0.984957708862783,FALSE,"ns","Pterocystidae_ASV_21686","Pterocystida",FALSE,FALSE,"No reliable preference"
"SELVA","Pylaiella_ASV_8146",15,59,6,40,TRUE,0.677966101694915,0.4,"40/59 vs 6/15",0.0725801250055661,0.730579937442526,FALSE,"ns","Pylaiella_littoralis","Phaeophyceae",FALSE,FALSE,"No reliable preference"
"SELVA","Reckertia_ASV_15655",15,59,2,12,TRUE,0.203389830508475,0.133333333333333,"12/59 vs 2/15",0.72074353876483,1,FALSE,"ns","Reckertia_filosa","Filosa-Imbricatea",FALSE,FALSE,"No reliable preference"
"SELVA","Reckertia_ASV_16338",15,59,8,37,TRUE,0.627118644067797,0.533333333333333,"37/59 vs 8/15",0.56151784363063,0.984957708862783,FALSE,"ns","Reckertia_filosa","Filosa-Imbricatea",FALSE,FALSE,"No reliable preference"
"SELVA","Rhabdochona_ASV_27104",15,59,4,19,TRUE,0.322033898305085,0.266666666666667,"19/59 vs 4/15",0.764279147864687,1,FALSE,"ns","Rhabdochona_guerreroensis","Nematoda",FALSE,FALSE,"No reliable preference"
"SELVA","Rotifera_XX_ASV_16726",15,59,1,1,TRUE,0.0169491525423729,0.0666666666666667,"1/59 vs 1/15",0.36653091447612,0.902865314829865,FALSE,"ns","Rotifera_XX_ASV_16726","Rotifera",FALSE,FALSE,"No reliable preference"
"SELVA","Saccharina_ASV_10960",15,59,8,43,TRUE,0.728813559322034,0.533333333333333,"43/59 vs 8/15",0.210558030180689,0.848630815333197,FALSE,"ns","Saccharina_japonica","Phaeophyceae",FALSE,FALSE,"No reliable preference"
"SELVA","Scruparia_ASV_17844",15,59,0,8,TRUE,0.135593220338983,0,"8/59 vs 0/15",0.195421658281485,0.848630815333197,FALSE,"ns","Scruparia_chelata","Bryozoa",FALSE,FALSE,"No reliable preference"
"SELVA","Scytosiphon_ASV_8447",15,59,8,43,TRUE,0.728813559322034,0.533333333333333,"43/59 vs 8/15",0.210558030180689,0.848630815333197,FALSE,"ns","Scytosiphon_lomentaria","Phaeophyceae",TRUE,TRUE,"No reliable preference"
"SELVA","Spirotrachelostyla_ASV_26308",15,59,0,5,TRUE,0.0847457627118644,0,"5/59 vs 0/15",0.576200259684728,0.984957708862783,FALSE,"ns","Spirotrachelostyla_tani","Spirotrichea",FALSE,FALSE,"No reliable preference"
"SELVA","Spirotrachelostyla_ASV_29955",15,59,2,14,TRUE,0.23728813559322,0.133333333333333,"14/59 vs 2/15",0.499013180365588,0.984957708862783,FALSE,"ns","Spirotrachelostyla_tani","Spirotrichea",FALSE,FALSE,"No reliable preference"
"SELVA","Spirotrichea_ASV_12539",15,59,6,26,TRUE,0.440677966101695,0.4,"26/59 vs 6/15",1,1,FALSE,"ns","Spirotrichea_ASV_12539","Spirotrichea",FALSE,FALSE,"No reliable preference"
"SELVA","Spirotrichea_ASV_29934",15,59,1,5,TRUE,0.0847457627118644,0.0666666666666667,"5/59 vs 1/15",1,1,FALSE,"ns","Spirotrichea_ASV_29934","Spirotrichea",FALSE,FALSE,"No reliable preference"
"SELVA","Spirotrichea_ASV_29935",15,59,0,1,TRUE,0.0169491525423729,0,"1/59 vs 0/15",1,1,FALSE,"ns","Spirotrichea_ASV_29935","Spirotrichea",TRUE,FALSE,"No reliable preference"
"SELVA","Spirotrichea_ASV_33143",15,59,5,18,TRUE,0.305084745762712,0.333333333333333,"18/59 vs 5/15",1,1,FALSE,"ns","Spirotrichea_ASV_33143","Spirotrichea",FALSE,FALSE,"No reliable preference"
"SELVA","Stypopodium_ASV_10934",15,59,8,42,TRUE,0.711864406779661,0.533333333333333,"42/59 vs 8/15",0.223431959287566,0.848630815333197,FALSE,"ns","Stypopodium_sp.","Phaeophyceae",FALSE,FALSE,"No reliable preference"
"SELVA","Suctoria_XX_ASV_12412",15,59,1,7,TRUE,0.11864406779661,0.0666666666666667,"7/59 vs 1/15",1,1,FALSE,"ns","Suctoria_XX_sp.","Phyllopharyngea",TRUE,FALSE,"No reliable preference"
"SELVA","Telonema-Group-1_ASV_18184",15,59,4,34,TRUE,0.576271186440678,0.266666666666667,"34/59 vs 4/15",0.043743328287506,0.672974281346246,FALSE,"ns","Telonema_subtile","Telonemia_XX",FALSE,FALSE,"No reliable preference"
"SELVA","Tiaropsidium_ASV_16743",15,59,5,23,TRUE,0.389830508474576,0.333333333333333,"23/59 vs 5/15",0.772446107108062,1,FALSE,"ns","Tiaropsidium_kelseyi","Cnidaria",FALSE,TRUE,"No reliable preference"
"SELVA","Tisbe_ASV_13853",15,59,0,4,TRUE,0.0677966101694915,0,"4/59 vs 0/15",0.576200259684728,0.984957708862783,FALSE,"ns","Tisbe_sp.","Arthropoda",FALSE,FALSE,"No reliable preference"
"SELVA","Zoothamnium_1_ASV_32724",15,59,4,12,TRUE,0.203389830508475,0.266666666666667,"12/59 vs 4/15",0.726204877641659,1,FALSE,"ns","Zoothamnium_duplicatum","Oligohymenophorea",FALSE,FALSE,"No reliable preference"
"SELVA","Zoothamnium_1_ASV_32734",15,59,3,12,TRUE,0.203389830508475,0.2,"12/59 vs 3/15",1,1,FALSE,"ns","Zoothamnium_1 sp. Zoothamnium_1_ASV_32734","Oligohymenophorea",TRUE,TRUE,"No reliable preference"
"SELVA","Zoothamnium_2_ASV_2729",15,59,3,3,TRUE,0.0508474576271186,0.2,"3/59 vs 3/15",0.0934370772386359,0.730579937442526,FALSE,"ns","Zoothamnium_alternans","Oligohymenophorea",FALSE,FALSE,"No reliable preference"
"TBS","Adineta_ASV_17598",15,57,0,2,TRUE,0.0350877192982456,0,"2/57 vs 0/15",1,1,FALSE,"ns","Adineta_vaga","Rotifera",FALSE,FALSE,"No reliable preference"
"TBS","Adineta_ASV_17599",15,57,0,2,TRUE,0.0350877192982456,0,"2/57 vs 0/15",1,1,FALSE,"ns","Adineta_vaga","Rotifera",FALSE,FALSE,"No reliable preference"
"TBS","Amphileptus_ASV_432",15,57,3,13,TRUE,0.228070175438596,0.2,"13/57 vs 3/15",1,1,FALSE,"ns","Amphileptus sp. Amphileptus_ASV_432","Litostomatea",FALSE,FALSE,"No reliable preference"
"TBS","Amphora_ASV_11507",15,57,9,30,TRUE,0.526315789473684,0.6,"30/57 vs 9/15",0.772528897559586,1,FALSE,"ns","Amphora_coffeaeformis","Bacillariophyceae",FALSE,FALSE,"No reliable preference"
"TBS","Ampullofolliculina_ASV_3611",15,57,3,13,TRUE,0.228070175438596,0.2,"13/57 vs 3/15",1,1,FALSE,"ns","Ampullofolliculina_lageniformis","Heterotrichea",FALSE,FALSE,"No reliable preference"
"TBS","Ampullofolliculina_ASV_3619",15,57,4,13,TRUE,0.228070175438596,0.266666666666667,"13/57 vs 4/15",0.741801738952864,1,FALSE,"ns","Ampullofolliculina_lageniformis","Heterotrichea",FALSE,FALSE,"No reliable preference"
"TBS","Annelida_XX_ASV_18258",15,57,2,17,TRUE,0.298245614035088,0.133333333333333,"17/57 vs 2/15",0.324342095978016,1,FALSE,"ns","Annelida_XX_ASV_18258","Annelida",FALSE,FALSE,"No reliable preference"
"TBS","Aplanochytrium_ASV_9331",15,57,9,40,TRUE,0.701754385964912,0.6,"40/57 vs 9/15",0.537393933534734,1,FALSE,"ns","Aplanochytrium_sp.","Sagenista",FALSE,FALSE,"No reliable preference"
"TBS","Arcocellulus_ASV_11592",15,57,8,35,TRUE,0.614035087719298,0.533333333333333,"35/57 vs 8/15",0.571105989072117,1,FALSE,"ns","Arcocellulus_cornucervis","Mediophyceae",FALSE,FALSE,"No reliable preference"
"TBS","Argopecten_ASV_16928",15,57,2,9,TRUE,0.157894736842105,0.133333333333333,"9/57 vs 2/15",1,1,FALSE,"ns","Argopecten sp. Argopecten_ASV_16928","Mollusca",FALSE,FALSE,"No reliable preference"
"TBS","Arthropoda_ASV_17239",15,57,5,20,TRUE,0.350877192982456,0.333333333333333,"20/57 vs 5/15",1,1,FALSE,"ns","Arthropoda_ASV_17239","Arthropoda",FALSE,FALSE,"No reliable preference"
"TBS","Ascidiella_ASV_17116",15,57,5,19,TRUE,0.333333333333333,0.333333333333333,"19/57 vs 5/15",1,1,FALSE,"ns","Ascidiella_sp.","Urochordata",FALSE,FALSE,"No reliable preference"
"TBS","Bacillariaceae_ASV_10164",15,57,6,30,TRUE,0.526315789473684,0.4,"30/57 vs 6/15",0.562762990166328,1,FALSE,"ns","Bacillariaceae_ASV_10164","Bacillariophyceae",FALSE,FALSE,"No reliable preference"
"TBS","Bacillariaceae_ASV_10168",15,57,9,40,TRUE,0.701754385964912,0.6,"40/57 vs 9/15",0.537393933534734,1,FALSE,"ns","Bacillariaceae_ASV_10168","Bacillariophyceae",FALSE,FALSE,"No reliable preference"
"TBS","Bacillariaceae_ASV_10197",15,57,5,27,TRUE,0.473684210526316,0.333333333333333,"27/57 vs 5/15",0.39180897465044,1,FALSE,"ns","Bacillariaceae_ASV_10197","Bacillariophyceae",FALSE,FALSE,"No reliable preference"
"TBS","Bacillariophyceae_ASV_10048",15,57,2,20,TRUE,0.350877192982456,0.133333333333333,"20/57 vs 2/15",0.126570545943376,1,FALSE,"ns","Bacillariophyceae_ASV_10048","Bacillariophyceae",FALSE,FALSE,"No reliable preference"
"TBS","Bacillariophyceae_ASV_10151",15,57,8,33,TRUE,0.578947368421053,0.533333333333333,"33/57 vs 8/15",0.776753292507054,1,FALSE,"ns","Bacillariophyceae_ASV_10151","Bacillariophyceae",FALSE,FALSE,"No reliable preference"
"TBS","Bacillariophyceae_ASV_10160",15,57,4,14,TRUE,0.245614035087719,0.266666666666667,"14/57 vs 4/15",1,1,FALSE,"ns","Bacillariophyceae_ASV_10160","Bacillariophyceae",FALSE,FALSE,"No reliable preference"
"TBS","Bacillariophyceae_ASV_10175",15,57,8,35,TRUE,0.614035087719298,0.533333333333333,"35/57 vs 8/15",0.571105989072117,1,FALSE,"ns","Bacillariophyceae_ASV_10175","Bacillariophyceae",FALSE,FALSE,"No reliable preference"
"TBS","Bacillariophyceae_ASV_10229",15,57,3,16,TRUE,0.280701754385965,0.2,"16/57 vs 3/15",0.744305479666048,1,FALSE,"ns","Bacillariophyceae_ASV_10229","Bacillariophyceae",FALSE,FALSE,"No reliable preference"
"TBS","Bacillariophyceae_ASV_11568",15,57,9,35,TRUE,0.614035087719298,0.6,"35/57 vs 9/15",1,1,FALSE,"ns","Bacillariophyceae_ASV_11568","Bacillariophyceae",FALSE,FALSE,"No reliable preference"
"TBS","Bacillariophyceae_ASV_32933",15,57,11,40,TRUE,0.701754385964912,0.733333333333333,"40/57 vs 11/15",1,1,FALSE,"ns","Bacillariophyceae_ASV_32933","Bacillariophyceae",FALSE,FALSE,"No reliable preference"
"TBS","Bacillariophyceae_ASV_6651",15,57,9,39,TRUE,0.684210526315789,0.6,"39/57 vs 9/15",0.551602081060037,1,FALSE,"ns","Bacillariophyceae_ASV_6651","Bacillariophyceae",FALSE,FALSE,"No reliable preference"
"TBS","Bacillariophyceae_ASV_8723",15,57,7,31,TRUE,0.543859649122807,0.466666666666667,"31/57 vs 7/15",0.772312875619947,1,FALSE,"ns","Bacillariophyceae_ASV_8723","Bacillariophyceae",FALSE,FALSE,"No reliable preference"
"TBS","Bacillariophyceae_ASV_9683",15,57,6,24,TRUE,0.421052631578947,0.4,"24/57 vs 6/15",1,1,FALSE,"ns","Bacillariophyceae_ASV_9683","Bacillariophyceae",FALSE,FALSE,"No reliable preference"
"TBS","Bacillariophyceae_ASV_9843",15,57,6,26,TRUE,0.456140350877193,0.4,"26/57 vs 6/15",0.775975429414744,1,FALSE,"ns","Bacillariophyceae_ASV_9843","Bacillariophyceae",FALSE,FALSE,"No reliable preference"
"TBS","Bacillariophyceae_ASV_9867",15,57,10,47,TRUE,0.824561403508772,0.666666666666667,"47/57 vs 10/15",0.281026231793433,1,FALSE,"ns","Bacillariophyceae_ASV_9867","Bacillariophyceae",FALSE,FALSE,"No reliable preference"
"TBS","Bacillariophyceae_ASV_9918",15,57,10,37,TRUE,0.649122807017544,0.666666666666667,"37/57 vs 10/15",1,1,FALSE,"ns","Bacillariophyceae_ASV_9918","Bacillariophyceae",FALSE,FALSE,"No reliable preference"
"TBS","Bacillariophyceae_ASV_9972",15,57,6,23,TRUE,0.403508771929825,0.4,"23/57 vs 6/15",1,1,FALSE,"ns","Bacillariophyceae_ASV_9972","Bacillariophyceae",FALSE,FALSE,"No reliable preference"
"TBS","Bacillariophyceae_ASV_9977",15,57,6,21,TRUE,0.368421052631579,0.4,"21/57 vs 6/15",1,1,FALSE,"ns","Bacillariophyceae_ASV_9977","Bacillariophyceae",FALSE,FALSE,"No reliable preference"
"TBS","Bougainvillia_ASV_16800",15,57,1,6,TRUE,0.105263157894737,0.0666666666666667,"6/57 vs 1/15",1,1,FALSE,"ns","Bougainvillia_sp.","Cnidaria",FALSE,FALSE,"No reliable preference"
"TBS","Bryocamptus_ASV_13856",15,57,3,8,TRUE,0.140350877192982,0.2,"8/57 vs 3/15",0.687445616978124,1,FALSE,"ns","Bryocamptus_stillae","Arthropoda",FALSE,FALSE,"No reliable preference"
"TBS","Bryozoa_XX_ASV_17870",15,57,0,6,TRUE,0.105263157894737,0,"6/57 vs 0/15",0.332543722079778,1,FALSE,"ns","Bryozoa_XX_ASV_17870","Bryozoa",FALSE,FALSE,"No reliable preference"
"TBS","CCW10-lineage_X_ASV_13473",15,57,6,18,TRUE,0.315789473684211,0.4,"18/57 vs 6/15",0.551602081060037,1,FALSE,"ns","CCW10-lineage_X_sp.","Filosa-Thecofilosea",FALSE,FALSE,"No reliable preference"
"TBS","CCW10-lineage_X_ASV_13478",15,57,4,18,TRUE,0.315789473684211,0.266666666666667,"18/57 vs 4/15",1,1,FALSE,"ns","CCW10-lineage_X_sp.","Filosa-Thecofilosea",FALSE,FALSE,"No reliable preference"
"TBS","CCW10-lineage_X_ASV_13480",15,57,3,16,TRUE,0.280701754385965,0.2,"16/57 vs 3/15",0.744305479666048,1,FALSE,"ns","CCW10-lineage_X_sp.","Filosa-Thecofilosea",FALSE,FALSE,"No reliable preference"
"TBS","Caenogastropoda_ASV_13678",15,57,4,14,TRUE,0.245614035087719,0.266666666666667,"14/57 vs 4/15",1,1,FALSE,"ns","Caenogastropoda_ASV_13678","Mollusca",FALSE,FALSE,"No reliable preference"
"TBS","Carradoriella_ASV_24925",15,57,5,21,TRUE,0.368421052631579,0.333333333333333,"21/57 vs 5/15",1,1,FALSE,"ns","Carradoriella_elongata","Florideophyceae",FALSE,FALSE,"No reliable preference"
"TBS","Cephaloidophora_ASV_1583",15,57,4,14,TRUE,0.245614035087719,0.266666666666667,"14/57 vs 4/15",1,1,FALSE,"ns","Cephaloidophora_communis","Gregarinomorphea",FALSE,FALSE,"No reliable preference"
"TBS","Cephaloidophora_ASV_1589",15,57,4,24,TRUE,0.421052631578947,0.266666666666667,"24/57 vs 4/15",0.376183829361183,1,FALSE,"ns","Cephaloidophora_communis","Gregarinomorphea",FALSE,FALSE,"No reliable preference"
"TBS","Ceramium_ASV_24711",15,57,9,31,TRUE,0.543859649122807,0.6,"31/57 vs 9/15",0.775975429414744,1,FALSE,"ns","Ceramium_virgatum","Florideophyceae",FALSE,FALSE,"No reliable preference"
"TBS","Chaetoceros_ASV_11054",15,57,10,30,TRUE,0.526315789473684,0.666666666666667,"30/57 vs 10/15",0.39180897465044,1,FALSE,"ns","Chaetoceros_socialis","Mediophyceae",FALSE,FALSE,"No reliable preference"
"TBS","Chlamydaster_ASV_21669",15,57,8,27,TRUE,0.473684210526316,0.533333333333333,"27/57 vs 8/15",0.775308758835474,1,FALSE,"ns","Chlamydaster_sterni","Pterocystida",FALSE,FALSE,"No reliable preference"
"TBS","Chromadorea_X_ASV_27082",15,57,2,13,TRUE,0.228070175438596,0.133333333333333,"13/57 vs 2/15",0.721481857980972,1,FALSE,"ns","Chromadorea_X_ASV_27082","Nematoda",FALSE,FALSE,"No reliable preference"
"TBS","Chromadorina_ASV_18461",15,57,7,29,TRUE,0.508771929824561,0.466666666666667,"29/57 vs 7/15",1,1,FALSE,"ns","Chromadorina_sp.","Nematoda",FALSE,FALSE,"No reliable preference"
"TBS","Chrysolepidomonas_ASV_8860",15,57,6,26,TRUE,0.456140350877193,0.4,"26/57 vs 6/15",0.775975429414744,1,FALSE,"ns","Chrysolepidomonas_dendrolepidota","Chrysophyceae",FALSE,FALSE,"No reliable preference"
"TBS","Costaria_ASV_10957",15,57,13,46,TRUE,0.807017543859649,0.866666666666667,"46/57 vs 13/15",0.722902606002901,1,FALSE,"ns","Costaria_costata","Phaeophyceae",FALSE,FALSE,"No reliable preference"
"TBS","Craticula_ASV_10145",15,57,8,38,TRUE,0.666666666666667,0.533333333333333,"38/57 vs 8/15",0.375799327066193,1,FALSE,"ns","Craticula_importuna","Bacillariophyceae",FALSE,FALSE,"No reliable preference"
"TBS","Cryothecomonas_ASV_15153",15,57,7,24,TRUE,0.421052631578947,0.466666666666667,"24/57 vs 7/15",0.776753292507054,1,FALSE,"ns","Cryothecomonas_aestivalis","Filosa-Thecofilosea",FALSE,FALSE,"No reliable preference"
"TBS","Cymbella_ASV_11535",15,57,8,39,TRUE,0.684210526315789,0.533333333333333,"39/57 vs 8/15",0.362360973284417,1,FALSE,"ns","Cymbella_acuta","Bacillariophyceae",FALSE,FALSE,"No reliable preference"
"TBS","Desmarestia_ASV_10940",15,57,3,15,TRUE,0.263157894736842,0.2,"15/57 vs 3/15",0.746496252790084,1,FALSE,"ns","Desmarestia_viridis","Phaeophyceae",FALSE,FALSE,"No reliable preference"
"TBS","Dino-Group-I-Clade-1_X_ASV_20870",15,57,8,32,TRUE,0.56140350877193,0.533333333333333,"32/57 vs 8/15",1,1,FALSE,"ns","Dino-Group-I-Clade-1_X_sp.","Syndiniales",FALSE,FALSE,"No reliable preference"
"TBS","Dino-Group-I-Clade-1_X_ASV_20879",15,57,8,32,TRUE,0.56140350877193,0.533333333333333,"32/57 vs 8/15",1,1,FALSE,"ns","Dino-Group-I-Clade-1_X_sp.","Syndiniales",FALSE,FALSE,"No reliable preference"
"TBS","Dino-Group-I-Clade-1_X_ASV_21077",15,57,8,25,TRUE,0.43859649122807,0.533333333333333,"25/57 vs 8/15",0.569396266985225,1,FALSE,"ns","Dino-Group-I-Clade-1_X_sp.","Syndiniales",FALSE,FALSE,"No reliable preference"
"TBS","Dino-Group-I-Clade-1_X_ASV_21086",15,57,8,31,TRUE,0.543859649122807,0.533333333333333,"31/57 vs 8/15",1,1,FALSE,"ns","Dino-Group-I-Clade-1_X_sp.","Syndiniales",FALSE,FALSE,"No reliable preference"
"TBS","Dino-Group-I-Clade-1_X_ASV_25263",15,57,7,26,TRUE,0.456140350877193,0.466666666666667,"26/57 vs 7/15",1,1,FALSE,"ns","Dino-Group-I-Clade-1_X_sp.","Syndiniales",FALSE,FALSE,"No reliable preference"
"TBS","Dino-Group-I-Clade-1_X_ASV_25271",15,57,9,31,TRUE,0.543859649122807,0.6,"31/57 vs 9/15",0.775975429414744,1,FALSE,"ns","Dino-Group-I-Clade-1_X_sp.","Syndiniales",FALSE,FALSE,"No reliable preference"
"TBS","Dino-Group-I-Clade-4_X_ASV_21578",15,57,2,12,TRUE,0.210526315789474,0.133333333333333,"12/57 vs 2/15",0.71905996109385,1,FALSE,"ns","Dino-Group-I-Clade-4_X_sp.","Syndiniales",FALSE,FALSE,"No reliable preference"
"TBS","Dino-Group-II-Clade-10-and-11_X_ASV_23376",15,57,4,27,TRUE,0.473684210526316,0.266666666666667,"27/57 vs 4/15",0.24095332309985,1,FALSE,"ns","Dino-Group-II-Clade-10-and-11_X_sp.","Syndiniales",FALSE,FALSE,"No reliable preference"
"TBS","Diplosoma_ASV_13104",15,57,4,10,TRUE,0.175438596491228,0.266666666666667,"10/57 vs 4/15",0.470536080523026,1,FALSE,"ns","Diplosoma sp. Diplosoma_ASV_13104","Urochordata",FALSE,FALSE,"No reliable preference"
"TBS","Disporella_ASV_17008",15,57,5,16,TRUE,0.280701754385965,0.333333333333333,"16/57 vs 5/15",0.753307616422021,1,FALSE,"ns","Disporella sp. Disporella_ASV_17008","Bryozoa",FALSE,FALSE,"No reliable preference"
"TBS","Disporella_ASV_17010",15,57,3,13,TRUE,0.228070175438596,0.2,"13/57 vs 3/15",1,1,FALSE,"ns","Disporella sp. Disporella_ASV_17010","Bryozoa",FALSE,FALSE,"No reliable preference"
"TBS","Ectocarpus_ASV_8433",15,57,10,41,TRUE,0.719298245614035,0.666666666666667,"41/57 vs 10/15",0.753307616422021,1,FALSE,"ns","Ectocarpus sp. Ectocarpus_ASV_8433","Phaeophyceae",FALSE,FALSE,"No reliable preference"
"TBS","Ectocarpus_ASV_8444",15,57,4,22,TRUE,0.385964912280702,0.266666666666667,"22/57 vs 4/15",0.54841087339318,1,FALSE,"ns","Ectocarpus sp. Ectocarpus_ASV_8444","Phaeophyceae",FALSE,FALSE,"No reliable preference"
"TBS","Electra_ASV_17846",15,57,6,36,TRUE,0.631578947368421,0.4,"36/57 vs 6/15",0.143241018731616,1,FALSE,"ns","Electra_pilosa","Bryozoa",FALSE,FALSE,"No reliable preference"
"TBS","Embryophyceae_XX_ASV_21512",15,57,6,28,TRUE,0.491228070175439,0.4,"28/57 vs 6/15",0.574004735030868,1,FALSE,"ns","Embryophyceae_XX_ASV_21512","Embryophyceae",FALSE,FALSE,"No reliable preference"
"TBS","Endomyxa_ASV_22154",15,57,2,8,TRUE,0.140350877192982,0.133333333333333,"8/57 vs 2/15",1,1,FALSE,"ns","Endomyxa_ASV_22154","Endomyxa",FALSE,FALSE,"No reliable preference"
"TBS","Enoplea_X_ASV_18404",15,57,1,8,TRUE,0.140350877192982,0.0666666666666667,"8/57 vs 1/15",0.673839353447094,1,FALSE,"ns","Enoplea_X_ASV_18404","Nematoda",FALSE,FALSE,"No reliable preference"
"TBS","Ephelota_ASV_1009",15,57,3,18,TRUE,0.315789473684211,0.2,"18/57 vs 3/15",0.52827602749967,1,FALSE,"ns","Ephelota_sp.","Phyllopharyngea",FALSE,FALSE,"No reliable preference"
"TBS","Ephelota_ASV_1020",15,57,5,19,TRUE,0.333333333333333,0.333333333333333,"19/57 vs 5/15",1,1,FALSE,"ns","Ephelota_sp.","Phyllopharyngea",FALSE,FALSE,"No reliable preference"
"TBS","Ephelota_ASV_2990",15,57,1,10,TRUE,0.175438596491228,0.0666666666666667,"10/57 vs 1/15",0.438677842736223,1,FALSE,"ns","Ephelota_truncata","Phyllopharyngea",FALSE,FALSE,"No reliable preference"
"TBS","Ephelota_ASV_2997",15,57,4,11,TRUE,0.192982456140351,0.266666666666667,"11/57 vs 4/15",0.498996951634412,1,FALSE,"ns","Ephelota_mammillata","Phyllopharyngea",FALSE,FALSE,"No reliable preference"
"TBS","Ephelota_ASV_4004",15,57,4,19,TRUE,0.333333333333333,0.266666666666667,"19/57 vs 4/15",0.760681515120692,1,FALSE,"ns","Ephelota sp. Ephelota_ASV_4004","Phyllopharyngea",FALSE,FALSE,"No reliable preference"
"TBS","Ephelota_ASV_4014",15,57,5,17,TRUE,0.298245614035088,0.333333333333333,"17/57 vs 5/15",0.763519283716099,1,FALSE,"ns","Ephelota_mammillata","Phyllopharyngea",FALSE,FALSE,"No reliable preference"
"TBS","Ephelota_ASV_4846",15,57,1,5,TRUE,0.087719298245614,0.0666666666666667,"5/57 vs 1/15",1,1,FALSE,"ns","Ephelota_sp.","Phyllopharyngea",FALSE,FALSE,"No reliable preference"
"TBS","Ephelota_ASV_661",15,57,2,5,TRUE,0.087719298245614,0.133333333333333,"5/57 vs 2/15",0.630493385168821,1,FALSE,"ns","Ephelota sp. Ephelota_ASV_661","Phyllopharyngea",FALSE,FALSE,"No reliable preference"
"TBS","Ephelota_ASV_662",15,57,5,19,TRUE,0.333333333333333,0.333333333333333,"19/57 vs 5/15",1,1,FALSE,"ns","Ephelota sp. Ephelota_ASV_662","Phyllopharyngea",FALSE,FALSE,"No reliable preference"
"TBS","Euglyphida_XX_ASV_18003",15,57,7,32,TRUE,0.56140350877193,0.466666666666667,"32/57 vs 7/15",0.569396266985225,1,FALSE,"ns","Euglyphida_XX_sp.","Filosa-Imbricatea",FALSE,FALSE,"No reliable preference"
"TBS","Filosa-Thecofilosea_ASV_15525",15,57,5,18,TRUE,0.315789473684211,0.333333333333333,"18/57 vs 5/15",1,1,FALSE,"ns","Filosa-Thecofilosea_ASV_15525","Filosa-Thecofilosea",FALSE,FALSE,"No reliable preference"
"TBS","Folliculinidae_ASV_3614",15,57,6,20,TRUE,0.350877192982456,0.4,"20/57 vs 6/15",0.767933365493717,1,FALSE,"ns","Folliculinidae_ASV_3614","Heterotrichea",FALSE,FALSE,"No reliable preference"
"TBS","Fragilariaceae_ASV_10037",15,57,4,25,TRUE,0.43859649122807,0.266666666666667,"25/57 vs 4/15",0.255527053287343,1,FALSE,"ns","Fragilariaceae_ASV_10037","Bacillariophyceae",FALSE,TRUE,"No reliable preference"
"TBS","Gastrotricha_XX_ASV_16593",15,57,0,3,TRUE,0.0526315789473684,0,"3/57 vs 0/15",1,1,FALSE,"ns","Gastrotricha_XX_ASV_16593","Gastrotricha",FALSE,FALSE,"No reliable preference"
"TBS","Grammatophora_ASV_10004",15,57,10,45,TRUE,0.789473684210526,0.666666666666667,"45/57 vs 10/15",0.32453168211375,1,FALSE,"ns","Grammatophora_marina","Bacillariophyceae",FALSE,FALSE,"No reliable preference"
"TBS","Grammonema_ASV_10016",15,57,9,34,TRUE,0.596491228070175,0.6,"34/57 vs 9/15",1,1,FALSE,"ns","Grammonema_striatula","Bacillariophyceae",FALSE,FALSE,"No reliable preference"
"TBS","Halomonhystera_ASV_27076",15,57,2,23,TRUE,0.403508771929825,0.133333333333333,"23/57 vs 2/15",0.0686584107401541,1,FALSE,"ns","Halomonhystera_sp.","Nematoda",FALSE,FALSE,"No reliable preference"
"TBS","Halomonhystera_ASV_27080",15,57,2,4,TRUE,0.0701754385964912,0.133333333333333,"4/57 vs 2/15",0.598009287161684,1,FALSE,"ns","Halomonhystera_disjuncta","Nematoda",FALSE,FALSE,"No reliable preference"
"TBS","Halomonhystera_ASV_27093",15,57,1,1,TRUE,0.0175438596491228,0.0666666666666667,"1/57 vs 1/15",0.375586854460094,1,FALSE,"ns","Halomonhystera_disjuncta","Nematoda",FALSE,FALSE,"No reliable preference"
"TBS","Haplogloia_ASV_8474",15,57,9,36,TRUE,0.631578947368421,0.6,"36/57 vs 9/15",1,1,FALSE,"ns","Haplogloia_andersonii","Phaeophyceae",FALSE,FALSE,"No reliable preference"
"TBS","Harpacticus_ASV_13902",15,57,5,13,TRUE,0.228070175438596,0.333333333333333,"13/57 vs 5/15",0.504259338789498,1,FALSE,"ns","Harpacticus_sp.","Arthropoda",FALSE,FALSE,"No reliable preference"
"TBS","Haslea_ASV_9240",15,57,8,27,TRUE,0.473684210526316,0.533333333333333,"27/57 vs 8/15",0.775308758835474,1,FALSE,"ns","Haslea_avium","Bacillariophyceae",FALSE,FALSE,"No reliable preference"
"TBS","Hemiophrys_ASV_410",15,57,3,14,TRUE,0.245614035087719,0.2,"14/57 vs 3/15",1,1,FALSE,"ns","Hemiophrys sp. Hemiophrys_ASV_410","Litostomatea",FALSE,FALSE,"No reliable preference"
"TBS","Heribaudiella_ASV_10922",15,57,6,29,TRUE,0.508771929824561,0.4,"29/57 vs 6/15",0.565596933748583,1,FALSE,"ns","Heribaudiella_fluviatilis","Phaeophyceae",FALSE,FALSE,"No reliable preference"
"TBS","Heribaudiella_ASV_10928",15,57,8,32,TRUE,0.56140350877193,0.533333333333333,"32/57 vs 8/15",1,1,FALSE,"ns","Heribaudiella_fluviatilis","Phaeophyceae",FALSE,FALSE,"No reliable preference"
"TBS","Hiatella_ASV_13195",15,57,5,21,TRUE,0.368421052631579,0.333333333333333,"21/57 vs 5/15",1,1,FALSE,"ns","Hiatella_arctica","Mollusca",FALSE,FALSE,"No reliable preference"
"TBS","Labyrinthulaceae_ANT10_3_ASV_9457",15,57,7,41,TRUE,0.719298245614035,0.466666666666667,"41/57 vs 7/15",0.12117132611941,1,FALSE,"ns","Labyrinthulaceae_ANT10_3_sp.","Sagenista",FALSE,FALSE,"No reliable preference"
"TBS","Leathesia_ASV_8462",15,57,9,31,TRUE,0.543859649122807,0.6,"31/57 vs 9/15",0.775975429414744,1,FALSE,"ns","Leathesia_difformis","Phaeophyceae",FALSE,FALSE,"No reliable preference"
"TBS","Lichomolgus_ASV_17960",15,57,2,10,TRUE,0.175438596491228,0.133333333333333,"10/57 vs 2/15",1,1,FALSE,"ns","Lichomolgus_marginatus","Arthropoda",FALSE,FALSE,"No reliable preference"
"TBS","Licmophora_ASV_9913",15,57,6,22,TRUE,0.385964912280702,0.4,"22/57 vs 6/15",1,1,FALSE,"ns","Licmophora_gracilis","Bacillariophyceae",FALSE,FALSE,"No reliable preference"
"TBS","Licmophora_ASV_9996",15,57,6,15,TRUE,0.263157894736842,0.4,"15/57 vs 6/15",0.345540928553019,1,FALSE,"ns","Licmophora sp. Licmophora_ASV_9996","Bacillariophyceae",FALSE,FALSE,"No reliable preference"
"TBS","Loxophyllum_ASV_32660",15,57,4,15,TRUE,0.263157894736842,0.266666666666667,"15/57 vs 4/15",1,1,FALSE,"ns","Loxophyllum_perihoplophorum","Litostomatea",FALSE,FALSE,"No reliable preference"
"TBS","Loxophyllum_ASV_6533",15,57,7,21,TRUE,0.368421052631579,0.466666666666667,"21/57 vs 7/15",0.557801195496535,1,FALSE,"ns","Loxophyllum_rostratum","Litostomatea",FALSE,FALSE,"No reliable preference"
"TBS","Loxosomella_ASV_16675",15,57,4,16,TRUE,0.280701754385965,0.266666666666667,"16/57 vs 4/15",1,1,FALSE,"ns","Loxosomella_sp.","Entoprocta",FALSE,TRUE,"No reliable preference"
"TBS","MAST-3I_ASV_9358",15,57,6,24,TRUE,0.421052631578947,0.4,"24/57 vs 6/15",1,1,FALSE,"ns","MAST-3I_sp.","Opalozoa",FALSE,FALSE,"No reliable preference"
"TBS","Maxillopoda_ASV_13778",15,57,2,11,TRUE,0.192982456140351,0.133333333333333,"11/57 vs 2/15",0.722902606002901,1,FALSE,"ns","Maxillopoda_ASV_13778","Arthropoda",FALSE,FALSE,"No reliable preference"
"TBS","Maxillopoda_ASV_13791",15,57,5,24,TRUE,0.421052631578947,0.333333333333333,"24/57 vs 5/15",0.768165399498442,1,FALSE,"ns","Maxillopoda_ASV_13791","Arthropoda",FALSE,FALSE,"No reliable preference"
"TBS","Maxillopoda_ASV_13792",15,57,1,3,TRUE,0.0526315789473684,0.0666666666666667,"3/57 vs 1/15",1,1,FALSE,"ns","Maxillopoda_ASV_13792","Arthropoda",FALSE,FALSE,"No reliable preference"
"TBS","Maxillopoda_ASV_13839",15,57,3,19,TRUE,0.333333333333333,0.2,"19/57 vs 3/15",0.529403374595036,1,FALSE,"ns","Maxillopoda_ASV_13839","Arthropoda",FALSE,FALSE,"No reliable preference"
"TBS","Maxillopoda_ASV_13865",15,57,7,18,TRUE,0.315789473684211,0.466666666666667,"18/57 vs 7/15",0.362360973284417,1,FALSE,"ns","Maxillopoda_ASV_13865","Arthropoda",FALSE,FALSE,"No reliable preference"
"TBS","Maxillopoda_ASV_13878",15,57,1,4,TRUE,0.0701754385964912,0.0666666666666667,"4/57 vs 1/15",1,1,FALSE,"ns","Maxillopoda_ASV_13878","Arthropoda",FALSE,TRUE,"No reliable preference"
"TBS","Maxillopoda_ASV_13929",15,57,4,16,TRUE,0.280701754385965,0.266666666666667,"16/57 vs 4/15",1,1,FALSE,"ns","Maxillopoda_ASV_13929","Arthropoda",FALSE,FALSE,"No reliable preference"
"TBS","Mediophyceae_ASV_10516",15,57,8,32,TRUE,0.56140350877193,0.533333333333333,"32/57 vs 8/15",1,1,FALSE,"ns","Mediophyceae_ASV_10516","Mediophyceae",FALSE,FALSE,"No reliable preference"
"TBS","Mediophyceae_ASV_9615",15,57,7,26,TRUE,0.456140350877193,0.466666666666667,"26/57 vs 7/15",1,1,FALSE,"ns","Mediophyceae_ASV_9615","Mediophyceae",FALSE,FALSE,"No reliable preference"
"TBS","Membranipora_ASV_17859",15,57,1,13,TRUE,0.228070175438596,0.0666666666666667,"13/57 vs 1/15",0.273280308525091,1,FALSE,"ns","Membranipora_membranacea","Bryozoa",FALSE,FALSE,"No reliable preference"
"TBS","Metromonas_ASV_18427",15,57,7,30,TRUE,0.526315789473684,0.466666666666667,"30/57 vs 7/15",0.775308758835474,1,FALSE,"ns","Metromonas_simplex","Filosa-Metromonadea",FALSE,FALSE,"No reliable preference"
"TBS","Mytilus_ASV_18471",15,57,3,16,TRUE,0.280701754385965,0.2,"16/57 vs 3/15",0.744305479666048,1,FALSE,"ns","Mytilus_trossulus","Mollusca",FALSE,FALSE,"No reliable preference"
"TBS","Navicula_ASV_10078",15,57,10,41,TRUE,0.719298245614035,0.666666666666667,"41/57 vs 10/15",0.753307616422021,1,FALSE,"ns","Navicula sp. Navicula_ASV_10078","Bacillariophyceae",FALSE,FALSE,"No reliable preference"
"TBS","Navicula_ASV_10098",15,57,10,36,TRUE,0.631578947368421,0.666666666666667,"36/57 vs 10/15",1,1,FALSE,"ns","Navicula_tripunctata","Bacillariophyceae",FALSE,FALSE,"No reliable preference"
"TBS","Navicula_ASV_10118",15,57,9,33,TRUE,0.578947368421053,0.6,"33/57 vs 9/15",1,1,FALSE,"ns","Navicula sp. Navicula_ASV_10118","Bacillariophyceae",FALSE,FALSE,"No reliable preference"
"TBS","Navicula_ASV_10502",15,57,8,36,TRUE,0.631578947368421,0.533333333333333,"36/57 vs 8/15",0.557801195496535,1,FALSE,"ns","Navicula_cryptotenella","Bacillariophyceae",FALSE,FALSE,"No reliable preference"
"TBS","Navicula_ASV_9836",15,57,9,39,TRUE,0.684210526315789,0.6,"39/57 vs 9/15",0.551602081060037,1,FALSE,"ns","Navicula sp. Navicula_ASV_9836","Bacillariophyceae",FALSE,FALSE,"No reliable preference"
"TBS","Naviculaceae_ASV_9674",15,57,7,31,TRUE,0.543859649122807,0.466666666666667,"31/57 vs 7/15",0.772312875619947,1,FALSE,"ns","Naviculaceae_ASV_9674","Bacillariophyceae",FALSE,FALSE,"No reliable preference"
"TBS","Naviculaceae_ASV_9847",15,57,7,34,TRUE,0.596491228070175,0.466666666666667,"34/57 vs 7/15",0.394446093721432,1,FALSE,"ns","Naviculaceae_ASV_9847","Bacillariophyceae",FALSE,FALSE,"No reliable preference"
"TBS","Neocalanus_ASV_13969",15,57,1,7,TRUE,0.12280701754386,0.0666666666666667,"7/57 vs 1/15",1,1,FALSE,"ns","Neocalanus_cristatus","Arthropoda",FALSE,FALSE,"No reliable preference"
"TBS","Nolandella_ASV_19262",15,57,2,15,TRUE,0.263157894736842,0.133333333333333,"15/57 vs 2/15",0.495339762498779,1,FALSE,"ns","Nolandella_sp.","Elardia",FALSE,FALSE,"No reliable preference"
"TBS","OTU_ASV_12542",15,57,7,22,TRUE,0.385964912280702,0.466666666666667,"22/57 vs 7/15",0.571105989072117,1,FALSE,"ns","OTU_ASV_12542",NA,FALSE,FALSE,"No reliable preference"
"TBS","OTU_ASV_13187",15,57,3,10,TRUE,0.175438596491228,0.2,"10/57 vs 3/15",1,1,FALSE,"ns","OTU_ASV_13187",NA,FALSE,FALSE,"No reliable preference"
"TBS","OTU_ASV_13628",15,57,6,26,TRUE,0.456140350877193,0.4,"26/57 vs 6/15",0.775975429414744,1,FALSE,"ns","OTU_ASV_13628",NA,FALSE,TRUE,"No reliable preference"
"TBS","OTU_ASV_14103",15,57,5,17,TRUE,0.298245614035088,0.333333333333333,"17/57 vs 5/15",0.763519283716099,1,FALSE,"ns","OTU_ASV_14103",NA,FALSE,FALSE,"No reliable preference"
"TBS","OTU_ASV_15511",15,57,4,16,TRUE,0.280701754385965,0.266666666666667,"16/57 vs 4/15",1,1,FALSE,"ns","OTU_ASV_15511",NA,FALSE,FALSE,"No reliable preference"
"TBS","OTU_ASV_16598",15,57,1,4,TRUE,0.0701754385964912,0.0666666666666667,"4/57 vs 1/15",1,1,FALSE,"ns","OTU_ASV_16598",NA,FALSE,FALSE,"No reliable preference"
"TBS","OTU_ASV_16900",15,57,5,27,TRUE,0.473684210526316,0.333333333333333,"27/57 vs 5/15",0.39180897465044,1,FALSE,"ns","OTU_ASV_16900",NA,FALSE,FALSE,"No reliable preference"
"TBS","OTU_ASV_17235",15,57,3,22,TRUE,0.385964912280702,0.2,"22/57 vs 3/15",0.231538186360596,1,FALSE,"ns","OTU_ASV_17235",NA,FALSE,FALSE,"No reliable preference"
"TBS","OTU_ASV_18454",15,57,1,0,TRUE,0,0.0666666666666667,"0/57 vs 1/15",0.208333333333333,1,FALSE,"ns","OTU_ASV_18454",NA,FALSE,FALSE,"No reliable preference"
"TBS","OTU_ASV_21964",15,57,0,3,TRUE,0.0526315789473684,0,"3/57 vs 0/15",1,1,FALSE,"ns","OTU_ASV_21964",NA,FALSE,FALSE,"No reliable preference"
"TBS","OTU_ASV_22251",15,57,3,14,TRUE,0.245614035087719,0.2,"14/57 vs 3/15",1,1,FALSE,"ns","OTU_ASV_22251",NA,FALSE,FALSE,"No reliable preference"
"TBS","OTU_ASV_22253",15,57,4,6,TRUE,0.105263157894737,0.266666666666667,"6/57 vs 4/15",0.200417462595169,1,FALSE,"ns","OTU_ASV_22253",NA,FALSE,FALSE,"No reliable preference"
"TBS","OTU_ASV_33054",15,57,4,15,TRUE,0.263157894736842,0.266666666666667,"15/57 vs 4/15",1,1,FALSE,"ns","OTU_ASV_33054",NA,FALSE,FALSE,"No reliable preference"
"TBS","OTU_ASV_33058",15,57,3,12,TRUE,0.210526315789474,0.2,"12/57 vs 3/15",1,1,FALSE,"ns","OTU_ASV_33058",NA,FALSE,FALSE,"No reliable preference"
"TBS","OTU_ASV_5396",15,57,3,13,TRUE,0.228070175438596,0.2,"13/57 vs 3/15",1,1,FALSE,"ns","OTU_ASV_5396",NA,FALSE,FALSE,"No reliable preference"
"TBS","OTU_ASV_7470",15,57,1,9,TRUE,0.157894736842105,0.0666666666666667,"9/57 vs 1/15",0.676427930007038,1,FALSE,"ns","OTU_ASV_7470",NA,FALSE,FALSE,"No reliable preference"
"TBS","OTU_ASV_8306",15,57,10,42,TRUE,0.736842105263158,0.666666666666667,"42/57 vs 10/15",0.746717692122029,1,FALSE,"ns","OTU_ASV_8306",NA,FALSE,FALSE,"No reliable preference"
"TBS","OTU_ASV_9154",15,57,5,25,TRUE,0.43859649122807,0.333333333333333,"25/57 vs 5/15",0.562903203373308,1,FALSE,"ns","OTU_ASV_9154",NA,FALSE,FALSE,"No reliable preference"
"TBS","Obelia_ASV_16795",15,57,0,7,TRUE,0.12280701754386,0,"7/57 vs 0/15",0.332045734728253,1,FALSE,"ns","Obelia_longissima","Cnidaria",FALSE,FALSE,"No reliable preference"
"TBS","Oerstedia_ASV_17136",15,57,0,2,TRUE,0.0350877192982456,0,"2/57 vs 0/15",1,1,FALSE,"ns","Oerstedia_dorsalis","Nemertea",FALSE,FALSE,"No reliable preference"
"TBS","Palmaria_ASV_24380",15,57,4,26,TRUE,0.456140350877193,0.266666666666667,"26/57 vs 4/15",0.24476715505144,1,FALSE,"ns","Palmaria_palmata","Florideophyceae",FALSE,FALSE,"No reliable preference"
"TBS","Pelagomonadales_clade_A3_ASV_10742",15,57,3,18,TRUE,0.315789473684211,0.2,"18/57 vs 3/15",0.52827602749967,1,FALSE,"ns","Pelagomonadales_clade_A3_sp.","Pelagophyceae",FALSE,FALSE,"No reliable preference"
"TBS","Phaeocystis_ASV_20921",15,57,3,13,TRUE,0.228070175438596,0.2,"13/57 vs 3/15",1,1,FALSE,"ns","Phaeocystis_globosa","Prymnesiophyceae",FALSE,FALSE,"No reliable preference"
"TBS","Phaeophyceae_XX_ASV_10925",15,57,7,23,TRUE,0.403508771929825,0.466666666666667,"23/57 vs 7/15",0.770861150667065,1,FALSE,"ns","Phaeophyceae_XX_ASV_10925","Phaeophyceae",FALSE,FALSE,"No reliable preference"
"TBS","Phaeophyceae_XX_ASV_8454",15,57,10,40,TRUE,0.701754385964912,0.666666666666667,"40/57 vs 10/15",0.763519283716099,1,FALSE,"ns","Phaeophyceae_XX_ASV_8454","Phaeophyceae",FALSE,FALSE,"No reliable preference"
"TBS","Phaeophyceae_XX_ASV_8496",15,57,8,35,TRUE,0.614035087719298,0.533333333333333,"35/57 vs 8/15",0.571105989072117,1,FALSE,"ns","Phaeophyceae_XX_ASV_8496","Phaeophyceae",FALSE,FALSE,"No reliable preference"
"TBS","Phaeophyceae_XX_ASV_8499",15,57,3,17,TRUE,0.298245614035088,0.2,"17/57 vs 3/15",0.534442995995729,1,FALSE,"ns","Phaeophyceae_XX_ASV_8499","Phaeophyceae",FALSE,FALSE,"No reliable preference"
"TBS","Phaeophyceae_XX_ASV_8507",15,57,11,41,TRUE,0.719298245614035,0.733333333333333,"41/57 vs 11/15",1,1,FALSE,"ns","Phaeophyceae_XX_ASV_8507","Phaeophyceae",FALSE,FALSE,"No reliable preference"
"TBS","Phallusia_ASV_17107",15,57,6,30,TRUE,0.526315789473684,0.4,"30/57 vs 6/15",0.562762990166328,1,FALSE,"ns","Phallusia sp. Phallusia_ASV_17107","Urochordata",FALSE,FALSE,"No reliable preference"
"TBS","Phyllopharyngea_ASV_3826",15,57,3,10,TRUE,0.175438596491228,0.2,"10/57 vs 3/15",1,1,FALSE,"ns","Phyllopharyngea_ASV_3826","Phyllopharyngea",FALSE,FALSE,"No reliable preference"
"TBS","Phymatolithon_ASV_24738",15,57,1,10,TRUE,0.175438596491228,0.0666666666666667,"10/57 vs 1/15",0.438677842736223,1,FALSE,"ns","Phymatolithon_calcareum","Florideophyceae",FALSE,FALSE,"No reliable preference"
"TBS","Placidae_X_ASV_29901",15,57,4,17,TRUE,0.298245614035088,0.266666666666667,"17/57 vs 4/15",1,1,FALSE,"ns","Placidae_X_sp.","Prostomatea_2",FALSE,FALSE,"No reliable preference"
"TBS","Placuna_ASV_17776",15,57,3,14,TRUE,0.245614035087719,0.2,"14/57 vs 3/15",1,1,FALSE,"ns","Placuna_placenta","Mollusca",FALSE,FALSE,"No reliable preference"
"TBS","Pleurosigma_ASV_10232",15,57,8,36,TRUE,0.631578947368421,0.533333333333333,"36/57 vs 8/15",0.557801195496535,1,FALSE,"ns","Pleurosigma_sp.","Bacillariophyceae",FALSE,FALSE,"No reliable preference"
"TBS","Pleurosigma_ASV_10236",15,57,10,39,TRUE,0.684210526315789,0.666666666666667,"39/57 vs 10/15",1,1,FALSE,"ns","Pleurosigma_intermedium","Bacillariophyceae",FALSE,FALSE,"No reliable preference"
"TBS","Pleurosigma_ASV_10260",15,57,5,28,TRUE,0.491228070175439,0.333333333333333,"28/57 vs 5/15",0.384575996252389,1,FALSE,"ns","Pleurosigma_intermedium","Bacillariophyceae",FALSE,FALSE,"No reliable preference"
"TBS","Polycera_ASV_19036",15,57,3,12,TRUE,0.210526315789474,0.2,"12/57 vs 3/15",1,1,FALSE,"ns","Polycera_quadrilineata","Mollusca",FALSE,FALSE,"No reliable preference"
"TBS","Pomatoceros_ASV_18128",15,57,3,11,TRUE,0.192982456140351,0.2,"11/57 vs 3/15",1,1,FALSE,"ns","Pomatoceros_triqueter","Annelida",FALSE,FALSE,"No reliable preference"
"TBS","Prolecithophora_ASV_18418",15,57,0,4,TRUE,0.0701754385964912,0,"4/57 vs 0/15",0.573382322923045,1,FALSE,"ns","Prolecithophora_ASV_18418","Platyhelminthes",FALSE,FALSE,"No reliable preference"
"TBS","Protaspa_ASV_15671",15,57,4,16,TRUE,0.280701754385965,0.266666666666667,"16/57 vs 4/15",1,1,FALSE,"ns","Protaspa_sp.","Filosa-Thecofilosea",FALSE,FALSE,"No reliable preference"
"TBS","Protolitonotus_ASV_6509",15,57,3,15,TRUE,0.263157894736842,0.2,"15/57 vs 3/15",0.746496252790084,1,FALSE,"ns","Protolitonotus_clampi","Litostomatea",FALSE,FALSE,"No reliable preference"
"TBS","Pseudoscourfieldiaceae_X_ASV_25684",15,57,7,38,TRUE,0.666666666666667,0.466666666666667,"38/57 vs 7/15",0.230244043148197,1,FALSE,"ns","Pseudoscourfieldiaceae_X_sp.","Pseudoscourfieldiophyceae",FALSE,FALSE,"No reliable preference"
"TBS","Pseudovorticella_ASV_29493",15,57,2,12,TRUE,0.210526315789474,0.133333333333333,"12/57 vs 2/15",0.71905996109385,1,FALSE,"ns","Pseudovorticella sp. Pseudovorticella_ASV_29493","Oligohymenophorea",FALSE,FALSE,"No reliable preference"
"TBS","Pseudovorticella_ASV_29497",15,57,10,32,TRUE,0.56140350877193,0.666666666666667,"32/57 vs 10/15",0.562903203373308,1,FALSE,"ns","Pseudovorticella sp. Pseudovorticella_ASV_29497","Oligohymenophorea",FALSE,FALSE,"No reliable preference"
"TBS","Pseudovorticella_ASV_29499",15,57,8,35,TRUE,0.614035087719298,0.533333333333333,"35/57 vs 8/15",0.571105989072117,1,FALSE,"ns","Pseudovorticella_sinensis","Oligohymenophorea",FALSE,FALSE,"No reliable preference"
"TBS","Pterocystida_ASV_20844",15,57,8,36,TRUE,0.631578947368421,0.533333333333333,"36/57 vs 8/15",0.557801195496535,1,FALSE,"ns","Pterocystida_ASV_20844","Pterocystida",FALSE,FALSE,"No reliable preference"
"TBS","Pterocystida_ASV_21630",15,57,6,22,TRUE,0.385964912280702,0.4,"22/57 vs 6/15",1,1,FALSE,"ns","Pterocystida_ASV_21630","Pterocystida",FALSE,FALSE,"No reliable preference"
"TBS","Pterocystida_ASV_21672",15,57,10,41,TRUE,0.719298245614035,0.666666666666667,"41/57 vs 10/15",0.753307616422021,1,FALSE,"ns","Pterocystida_ASV_21672","Pterocystida",FALSE,FALSE,"No reliable preference"
"TBS","Pterocystida_ASV_21674",15,57,9,35,TRUE,0.614035087719298,0.6,"35/57 vs 9/15",1,1,FALSE,"ns","Pterocystida_ASV_21674","Pterocystida",FALSE,FALSE,"No reliable preference"
"TBS","Pterocystida_ASV_21718",15,57,4,18,TRUE,0.315789473684211,0.266666666666667,"18/57 vs 4/15",1,1,FALSE,"ns","Pterocystida_ASV_21718","Pterocystida",FALSE,FALSE,"No reliable preference"
"TBS","Pterocystida_ASV_21754",15,57,2,4,TRUE,0.0701754385964912,0.133333333333333,"4/57 vs 2/15",0.598009287161684,1,FALSE,"ns","Pterocystida_ASV_21754","Pterocystida",FALSE,FALSE,"No reliable preference"
"TBS","Pterocystidae_ASV_21676",15,57,7,33,TRUE,0.578947368421053,0.466666666666667,"33/57 vs 7/15",0.561524558427149,1,FALSE,"ns","Pterocystidae_ASV_21676","Pterocystida",FALSE,FALSE,"No reliable preference"
"TBS","Pterocystidae_ASV_21684",15,57,6,21,TRUE,0.368421052631579,0.4,"21/57 vs 6/15",1,1,FALSE,"ns","Pterocystidae_ASV_21684","Pterocystida",FALSE,FALSE,"No reliable preference"
"TBS","Pterocystidae_ASV_21686",15,57,5,25,TRUE,0.43859649122807,0.333333333333333,"25/57 vs 5/15",0.562903203373308,1,FALSE,"ns","Pterocystidae_ASV_21686","Pterocystida",FALSE,FALSE,"No reliable preference"
"TBS","Pylaiella_ASV_8146",15,57,8,37,TRUE,0.649122807017544,0.533333333333333,"37/57 vs 8/15",0.550084252073788,1,FALSE,"ns","Pylaiella_littoralis","Phaeophyceae",FALSE,FALSE,"No reliable preference"
"TBS","Reckertia_ASV_15655",15,57,2,12,TRUE,0.210526315789474,0.133333333333333,"12/57 vs 2/15",0.71905996109385,1,FALSE,"ns","Reckertia_filosa","Filosa-Imbricatea",FALSE,FALSE,"No reliable preference"
"TBS","Reckertia_ASV_16338",15,57,7,31,TRUE,0.543859649122807,0.466666666666667,"31/57 vs 7/15",0.772312875619947,1,FALSE,"ns","Reckertia_filosa","Filosa-Imbricatea",FALSE,FALSE,"No reliable preference"
"TBS","Rhabdochona_ASV_27104",15,57,3,12,TRUE,0.210526315789474,0.2,"12/57 vs 3/15",1,1,FALSE,"ns","Rhabdochona_guerreroensis","Nematoda",FALSE,FALSE,"No reliable preference"
"TBS","Rotifera_XX_ASV_16726",15,57,5,21,TRUE,0.368421052631579,0.333333333333333,"21/57 vs 5/15",1,1,FALSE,"ns","Rotifera_XX_ASV_16726","Rotifera",FALSE,FALSE,"No reliable preference"
"TBS","Saccharina_ASV_10960",15,57,2,11,TRUE,0.192982456140351,0.133333333333333,"11/57 vs 2/15",0.722902606002901,1,FALSE,"ns","Saccharina_japonica","Phaeophyceae",FALSE,FALSE,"No reliable preference"
"TBS","Scruparia_ASV_17844",15,57,3,15,TRUE,0.263157894736842,0.2,"15/57 vs 3/15",0.746496252790084,1,FALSE,"ns","Scruparia_chelata","Bryozoa",FALSE,FALSE,"No reliable preference"
"TBS","Scytosiphon_ASV_8447",15,57,7,25,TRUE,0.43859649122807,0.466666666666667,"25/57 vs 7/15",1,1,FALSE,"ns","Scytosiphon_lomentaria","Phaeophyceae",FALSE,FALSE,"No reliable preference"
"TBS","Spirotrachelostyla_ASV_26308",15,57,4,15,TRUE,0.263157894736842,0.266666666666667,"15/57 vs 4/15",1,1,FALSE,"ns","Spirotrachelostyla_tani","Spirotrichea",FALSE,FALSE,"No reliable preference"
"TBS","Spirotrachelostyla_ASV_29955",15,57,5,18,TRUE,0.315789473684211,0.333333333333333,"18/57 vs 5/15",1,1,FALSE,"ns","Spirotrachelostyla_tani","Spirotrichea",FALSE,FALSE,"No reliable preference"
"TBS","Spirotrichea_ASV_12539",15,57,9,34,TRUE,0.596491228070175,0.6,"34/57 vs 9/15",1,1,FALSE,"ns","Spirotrichea_ASV_12539","Spirotrichea",FALSE,FALSE,"No reliable preference"
"TBS","Spirotrichea_ASV_29934",15,57,5,21,TRUE,0.368421052631579,0.333333333333333,"21/57 vs 5/15",1,1,FALSE,"ns","Spirotrichea_ASV_29934","Spirotrichea",FALSE,FALSE,"No reliable preference"
"TBS","Spirotrichea_ASV_29935",15,57,3,8,TRUE,0.140350877192982,0.2,"8/57 vs 3/15",0.687445616978124,1,FALSE,"ns","Spirotrichea_ASV_29935","Spirotrichea",FALSE,FALSE,"No reliable preference"
"TBS","Spirotrichea_ASV_33143",15,57,9,26,TRUE,0.456140350877193,0.6,"26/57 vs 9/15",0.390837079509507,1,FALSE,"ns","Spirotrichea_ASV_33143","Spirotrichea",FALSE,FALSE,"No reliable preference"
"TBS","Stypopodium_ASV_10934",15,57,7,39,TRUE,0.684210526315789,0.466666666666667,"39/57 vs 7/15",0.139693690791106,1,FALSE,"ns","Stypopodium_sp.","Phaeophyceae",FALSE,FALSE,"No reliable preference"
"TBS","Suctoria_XX_ASV_12412",15,57,8,34,TRUE,0.596491228070175,0.533333333333333,"34/57 vs 8/15",0.770861150667065,1,FALSE,"ns","Suctoria_XX_sp.","Phyllopharyngea",FALSE,FALSE,"No reliable preference"
"TBS","Telonema-Group-1_ASV_18184",15,57,13,43,TRUE,0.754385964912281,0.866666666666667,"43/57 vs 13/15",0.494833491398686,1,FALSE,"ns","Telonema_subtile","Telonemia_XX",FALSE,FALSE,"No reliable preference"
"TBS","Tiaropsidium_ASV_16743",15,57,3,14,TRUE,0.245614035087719,0.2,"14/57 vs 3/15",1,1,FALSE,"ns","Tiaropsidium_kelseyi","Cnidaria",FALSE,FALSE,"No reliable preference"
"TBS","Tisbe_ASV_13853",15,57,1,5,TRUE,0.087719298245614,0.0666666666666667,"5/57 vs 1/15",1,1,FALSE,"ns","Tisbe_sp.","Arthropoda",FALSE,TRUE,"No reliable preference"
"TBS","Zoothamnium_1_ASV_32724",15,57,5,22,TRUE,0.385964912280702,0.333333333333333,"22/57 vs 5/15",0.77297829233081,1,FALSE,"ns","Zoothamnium_duplicatum","Oligohymenophorea",FALSE,FALSE,"No reliable preference"
"TBS","Zoothamnium_1_ASV_32734",15,57,5,21,TRUE,0.368421052631579,0.333333333333333,"21/57 vs 5/15",1,1,FALSE,"ns","Zoothamnium_1 sp. Zoothamnium_1_ASV_32734","Oligohymenophorea",FALSE,FALSE,"No reliable preference"
"TBS","Zoothamnium_2_ASV_2729",15,57,7,21,TRUE,0.368421052631579,0.466666666666667,"21/57 vs 7/15",0.557801195496535,1,FALSE,"ns","Zoothamnium_alternans","Oligohymenophorea",FALSE,FALSE,"No reliable preference"
