"OTU_Label","OTU_ID","Cluster","Division","Class","Order","Family","Genus","Species"
"Navicula_ASV_10078","ASV_10078","C1","Stramenopiles","Bacillariophyceae","Naviculales","Naviculaceae","Navicula",NA
"Electra_ASV_17846","ASV_17846","C2","Opisthokonta","Bryozoa","Bryozoa_X","Bryozoa_XX","Electra","Electra_pilosa"
"Ectocarpus_ASV_8433","ASV_8433","C2","Stramenopiles","Phaeophyceae","Phaeophyceae_X","Phaeophyceae_XX","Ectocarpus",NA
"Diplosoma_ASV_13104","ASV_13104","C3","Opisthokonta","Urochordata","Urochordata_X","Ascidiacea","Diplosoma",NA
"Phallusia_ASV_17107","ASV_17107","C4","Opisthokonta","Urochordata","Urochordata_X","Ascidiacea","Phallusia",NA
"Tiaropsidium_ASV_16743","ASV_16743","C4","Opisthokonta","Cnidaria","Cnidaria_X","Hydrozoa","Tiaropsidium","Tiaropsidium_kelseyi"
"Navicula_ASV_10098","ASV_10098","C5","Stramenopiles","Bacillariophyceae","Naviculales","Naviculaceae","Navicula","Navicula_tripunctata"
"Costaria_ASV_10957","ASV_10957","C5","Stramenopiles","Phaeophyceae","Phaeophyceae_X","Phaeophyceae_XX","Costaria","Costaria_costata"
"Maxillopoda_ASV_13791","ASV_13791","C4","Opisthokonta","Arthropoda","Crustacea","Maxillopoda",NA,NA
"Pterocystida_ASV_21672","ASV_21672","C1","Centroplasthelida","Pterocystida","Pterista",NA,NA,NA
"Placuna_ASV_17776","ASV_17776","C1","Opisthokonta","Mollusca","Bivalvia","Pectinoida","Placuna","Placuna_placenta"
"Pterocystida_ASV_21674","ASV_21674","C3","Centroplasthelida","Pterocystida","Pterista",NA,NA,NA
"Maxillopoda_ASV_13929","ASV_13929","C2","Opisthokonta","Arthropoda","Crustacea","Maxillopoda",NA,NA
"Mediophyceae_ASV_10516","ASV_10516","C1","Stramenopiles","Mediophyceae",NA,NA,NA,NA
"Grammonema_ASV_10016","ASV_10016","C5","Stramenopiles","Bacillariophyceae","Fragilariales","Fragilariaceae","Grammonema","Grammonema_striatula"
"OTU_ASV_33054","ASV_33054","C4",NA,NA,NA,NA,NA,NA
"Harpacticus_ASV_13902","ASV_13902","C3","Opisthokonta","Arthropoda","Crustacea","Maxillopoda","Harpacticus","Harpacticus_sp."
"Bacillariophyceae_ASV_10175","ASV_10175","C2","Stramenopiles","Bacillariophyceae",NA,NA,NA,NA
"Ephelota_ASV_4004","ASV_4004","C3","Alveolata","Phyllopharyngea","Suctoria","Ephelotidae","Ephelota",NA
"Ephelota_ASV_4014","ASV_4014","C4","Alveolata","Phyllopharyngea","Suctoria","Ephelotidae","Ephelota","Ephelota_mammillata"
"Obelia_ASV_16795","ASV_16795","C3","Opisthokonta","Cnidaria","Cnidaria_X","Hydrozoa","Obelia","Obelia_longissima"
"Maxillopoda_ASV_13865","ASV_13865","C5","Opisthokonta","Arthropoda","Crustacea","Maxillopoda",NA,NA
"Ephelota_ASV_662","ASV_662","C4","Alveolata","Phyllopharyngea","Suctoria","Ephelotidae","Ephelota",NA
"Caenogastropoda_ASV_13678","ASV_13678","C3","Opisthokonta","Mollusca","Gastropoda","Caenogastropoda",NA,NA
"OTU_ASV_22251","ASV_22251","C3",NA,NA,NA,NA,NA,NA
"Suctoria_XX_ASV_12412","ASV_12412","C4","Alveolata","Phyllopharyngea","Suctoria","Suctoria_X","Suctoria_XX","Suctoria_XX_sp."
"Telonema-Group-1_ASV_18184","ASV_18184","C2","Telonemia","Telonemia_XX","Telonemia_XXX","Telonemia-Group-1","Telonema-Group-1","Telonema_subtile"
"Naviculaceae_ASV_9847","ASV_9847","C1","Stramenopiles","Bacillariophyceae","Naviculales","Naviculaceae",NA,NA
"Heribaudiella_ASV_10928","ASV_10928","C2","Stramenopiles","Phaeophyceae","Phaeophyceae_X","Phaeophyceae_XX","Heribaudiella","Heribaudiella_fluviatilis"
"Ephelota_ASV_1009","ASV_1009","C3","Alveolata","Phyllopharyngea","Suctoria","Ephelotidae","Ephelota","Ephelota_sp."
"Bacillariophyceae_ASV_6651","ASV_6651","C2","Stramenopiles","Bacillariophyceae",NA,NA,NA,NA
"Ephelota_ASV_2990","ASV_2990","C3","Alveolata","Phyllopharyngea","Suctoria","Ephelotidae","Ephelota","Ephelota_truncata"
"Pseudovorticella_ASV_29499","ASV_29499","C2","Alveolata","Oligohymenophorea","Peritrichia_2","Sessilida","Pseudovorticella","Pseudovorticella_sinensis"
"Hiatella_ASV_13195","ASV_13195","C4","Opisthokonta","Mollusca","Bivalvia","Heteroconchia","Hiatella","Hiatella_arctica"
"Saccharina_ASV_10960","ASV_10960","C4","Stramenopiles","Phaeophyceae","Phaeophyceae_X","Phaeophyceae_XX","Saccharina","Saccharina_japonica"
"Navicula_ASV_10502","ASV_10502","C1","Stramenopiles","Bacillariophyceae","Naviculales","Naviculaceae","Navicula","Navicula_cryptotenella"
"Spirotrichea_ASV_33143","ASV_33143","C2","Alveolata","Spirotrichea",NA,NA,NA,NA
"Mytilus_ASV_18471","ASV_18471","C2","Opisthokonta","Mollusca","Bivalvia","Mytiloida","Mytilus","Mytilus_trossulus"
"Bacillariophyceae_ASV_9867","ASV_9867","C1","Stramenopiles","Bacillariophyceae",NA,NA,NA,NA
"Phaeophyceae_XX_ASV_8454","ASV_8454","C1","Stramenopiles","Phaeophyceae","Phaeophyceae_X","Phaeophyceae_XX",NA,NA
"Scytosiphon_ASV_8447","ASV_8447","C5","Stramenopiles","Phaeophyceae","Phaeophyceae_X","Phaeophyceae_XX","Scytosiphon","Scytosiphon_lomentaria"
"Stypopodium_ASV_10934","ASV_10934","C5","Stramenopiles","Phaeophyceae","Phaeophyceae_X","Phaeophyceae_XX","Stypopodium","Stypopodium_sp."
"Desmarestia_ASV_10940","ASV_10940","C5","Stramenopiles","Phaeophyceae","Phaeophyceae_X","Phaeophyceae_XX","Desmarestia","Desmarestia_viridis"
"Phaeophyceae_XX_ASV_8507","ASV_8507","C1","Stramenopiles","Phaeophyceae","Phaeophyceae_X","Phaeophyceae_XX",NA,NA
"Bacillariaceae_ASV_10168","ASV_10168","C2","Stramenopiles","Bacillariophyceae","Bacillariales","Bacillariaceae",NA,NA
"Disporella_ASV_17008","ASV_17008","C4","Opisthokonta","Bryozoa","Bryozoa_X","Bryozoa_XX","Disporella",NA
"Spirotrichea_ASV_29934","ASV_29934","C5","Alveolata","Spirotrichea","Hypotrichia",NA,NA,NA
"Pterocystidae_ASV_21676","ASV_21676","C2","Centroplasthelida","Pterocystida","Pterista","Pterocystidae",NA,NA
"Prolecithophora_ASV_18418","ASV_18418","C2","Opisthokonta","Platyhelminthes","Turbellaria","Prolecithophora",NA,NA
"Loxophyllum_ASV_32660","ASV_32660","C3","Alveolata","Litostomatea","Haptoria_5","Pleurostomatida","Loxophyllum","Loxophyllum_perihoplophorum"
"OTU_ASV_8306","ASV_8306","C2","Stramenopiles",NA,NA,NA,NA,NA
"Maxillopoda_ASV_13839","ASV_13839","C4","Opisthokonta","Arthropoda","Crustacea","Maxillopoda",NA,NA
"Phaeophyceae_XX_ASV_8499","ASV_8499","C5","Stramenopiles","Phaeophyceae","Phaeophyceae_X","Phaeophyceae_XX",NA,NA
"Dino-Group-I-Clade-1_X_ASV_25271","ASV_25271","C2","Alveolata","Syndiniales","Dino-Group-I","Dino-Group-I-Clade-1","Dino-Group-I-Clade-1_X","Dino-Group-I-Clade-1_X_sp."
"Pseudovorticella_ASV_29497","ASV_29497","C2","Alveolata","Oligohymenophorea","Peritrichia_2","Sessilida","Pseudovorticella",NA
"Rhabdochona_ASV_27104","ASV_27104","C5","Opisthokonta","Nematoda","Chromadorea","Chromadorea_X","Rhabdochona","Rhabdochona_guerreroensis"
"OTU_ASV_7470","ASV_7470","C5","Opisthokonta",NA,NA,NA,NA,NA
"Mediophyceae_ASV_9615","ASV_9615","C1","Stramenopiles","Mediophyceae","Thalassiosirales",NA,NA,NA
"Dino-Group-I-Clade-1_X_ASV_25263","ASV_25263","C2","Alveolata","Syndiniales","Dino-Group-I","Dino-Group-I-Clade-1","Dino-Group-I-Clade-1_X","Dino-Group-I-Clade-1_X_sp."
"Dino-Group-I-Clade-1_X_ASV_21086","ASV_21086","C1","Alveolata","Syndiniales","Dino-Group-I","Dino-Group-I-Clade-1","Dino-Group-I-Clade-1_X","Dino-Group-I-Clade-1_X_sp."
"Palmaria_ASV_24380","ASV_24380","C2","Rhodophyta","Florideophyceae","Colaconematales","Colaconematales_X","Palmaria","Palmaria_palmata"
"Pseudoscourfieldiaceae_X_ASV_25684","ASV_25684","C2","Chlorophyta","Pseudoscourfieldiophyceae","Pseudoscourfieldiales","Pseudoscourfieldiaceae","Pseudoscourfieldiaceae_X","Pseudoscourfieldiaceae_X_sp."
"Ampullofolliculina_ASV_3619","ASV_3619","C1","Alveolata","Heterotrichea","Heterotrichea_X","Folliculinidae","Ampullofolliculina","Ampullofolliculina_lageniformis"
"Loxosomella_ASV_16675","ASV_16675","C1","Opisthokonta","Entoprocta","Entoprocta_X","Entoprocta_XX","Loxosomella","Loxosomella_sp."
"Naviculaceae_ASV_9674","ASV_9674","C1","Stramenopiles","Bacillariophyceae","Naviculales","Naviculaceae",NA,NA
"Pterocystida_ASV_20844","ASV_20844","C2","Centroplasthelida","Pterocystida","Pterista",NA,NA,NA
"Zoothamnium_2_ASV_2729","ASV_2729","C4","Alveolata","Oligohymenophorea","Peritrichia_2","Zoothamniidae","Zoothamnium_2","Zoothamnium_alternans"
"Pterocystidae_ASV_21686","ASV_21686","C2","Centroplasthelida","Pterocystida","Pterista","Pterocystidae",NA,NA
"Oerstedia_ASV_17136","ASV_17136","C3","Opisthokonta","Nemertea","Nemertea_X","Nemertea_XX","Oerstedia","Oerstedia_dorsalis"
"Maxillopoda_ASV_13792","ASV_13792","C5","Opisthokonta","Arthropoda","Crustacea","Maxillopoda",NA,NA
"Annelida_XX_ASV_18258","ASV_18258","C2","Opisthokonta","Annelida","Annelida_X","Annelida_XX",NA,NA
"Lichomolgus_ASV_17960","ASV_17960","C3","Opisthokonta","Arthropoda","Crustacea","Maxillopoda","Lichomolgus","Lichomolgus_marginatus"
"Spirotrichea_ASV_29935","ASV_29935","C5","Alveolata","Spirotrichea","Hypotrichia",NA,NA,NA
"Bougainvillia_ASV_16800","ASV_16800","C3","Opisthokonta","Cnidaria","Cnidaria_X","Hydrozoa","Bougainvillia","Bougainvillia_sp."
"Navicula_ASV_10118","ASV_10118","C5","Stramenopiles","Bacillariophyceae","Naviculales","Naviculaceae","Navicula",NA
"CCW10-lineage_X_ASV_13480","ASV_13480","C2","Rhizaria","Filosa-Thecofilosea","Ventricleftida","CCW10-lineage","CCW10-lineage_X","CCW10-lineage_X_sp."
"Bryocamptus_ASV_13856","ASV_13856","C3","Opisthokonta","Arthropoda","Crustacea","Maxillopoda","Bryocamptus","Bryocamptus_stillae"
"OTU_ASV_17235","ASV_17235","C2","Opisthokonta",NA,NA,NA,NA,NA
"Argopecten_ASV_16928","ASV_16928","C5","Opisthokonta","Mollusca","Bivalvia","Pectinoida","Argopecten",NA
"Leathesia_ASV_8462","ASV_8462","C5","Stramenopiles","Phaeophyceae","Phaeophyceae_X","Phaeophyceae_XX","Leathesia","Leathesia_difformis"
"Reckertia_ASV_15655","ASV_15655","C1","Rhizaria","Filosa-Imbricatea","Thaumatomonadida","Thaumatomonadidae","Reckertia","Reckertia_filosa"
"Ascidiella_ASV_17116","ASV_17116","C5","Opisthokonta","Urochordata","Urochordata_X","Ascidiacea","Ascidiella","Ascidiella_sp."
"Aplanochytrium_ASV_9331","ASV_9331","C1","Stramenopiles","Sagenista","Labyrinthulomycetes","Labyrinthulaceae","Aplanochytrium","Aplanochytrium_sp."
"Craticula_ASV_10145","ASV_10145","C2","Stramenopiles","Bacillariophyceae","Naviculales","Stauroneidaceae","Craticula","Craticula_importuna"
"Adineta_ASV_17598","ASV_17598","C3","Opisthokonta","Rotifera","Rotifera_X","Rotifera_XX","Adineta","Adineta_vaga"
"Pylaiella_ASV_8146","ASV_8146","C5","Stramenopiles","Phaeophyceae","Phaeophyceae_X","Phaeophyceae_XX","Pylaiella","Pylaiella_littoralis"
"Spirotrichea_ASV_12539","ASV_12539","C1","Alveolata","Spirotrichea",NA,NA,NA,NA
"Halomonhystera_ASV_27076","ASV_27076","C2","Opisthokonta","Nematoda","Chromadorea","Chromadorea_X","Halomonhystera","Halomonhystera_sp."
"Endomyxa_ASV_22154","ASV_22154","C2","Rhizaria","Endomyxa","Vampyrellida",NA,NA,NA
"Disporella_ASV_17010","ASV_17010","C4","Opisthokonta","Bryozoa","Bryozoa_X","Bryozoa_XX","Disporella",NA
"Pterocystidae_ASV_21684","ASV_21684","C2","Centroplasthelida","Pterocystida","Pterista","Pterocystidae",NA,NA
"Polycera_ASV_19036","ASV_19036","C3","Opisthokonta","Mollusca","Gastropoda","Nudibranchia","Polycera","Polycera_quadrilineata"
"OTU_ASV_13187","ASV_13187","C5","Opisthokonta",NA,NA,NA,NA,NA
"Licmophora_ASV_9996","ASV_9996","C4","Stramenopiles","Bacillariophyceae","Licmophorales","Licmophoraceae","Licmophora",NA
"Bryozoa_XX_ASV_17870","ASV_17870","C3","Opisthokonta","Bryozoa","Bryozoa_X","Bryozoa_XX",NA,NA
"Amphora_ASV_11507","ASV_11507","C5","Stramenopiles","Bacillariophyceae","Thalassiophysales","Catenulaceae","Amphora","Amphora_coffeaeformis"
"Licmophora_ASV_9913","ASV_9913","C2","Stramenopiles","Bacillariophyceae","Licmophorales","Licmophoraceae","Licmophora","Licmophora_gracilis"
"Chlamydaster_ASV_21669","ASV_21669","C2","Centroplasthelida","Pterocystida","Pterista","Pterocystidae","Chlamydaster","Chlamydaster_sterni"
"Embryophyceae_XX_ASV_21512","ASV_21512","C2","Streptophyta","Embryophyceae","Embryophyceae_X","Embryophyceae_XX",NA,NA
"OTU_ASV_16598","ASV_16598","C3","Opisthokonta",NA,NA,NA,NA,NA
"OTU_ASV_13628","ASV_13628","C1","Opisthokonta",NA,NA,NA,NA,NA
"Chromadorea_X_ASV_27082","ASV_27082","C3","Opisthokonta","Nematoda","Chromadorea","Chromadorea_X",NA,NA
"Chromadorina_ASV_18461","ASV_18461","C2","Opisthokonta","Nematoda","Chromadorea","Chromadorea_X","Chromadorina","Chromadorina_sp."
"Tisbe_ASV_13853","ASV_13853","C1","Opisthokonta","Arthropoda","Crustacea","Maxillopoda","Tisbe","Tisbe_sp."
"Ampullofolliculina_ASV_3611","ASV_3611","C2","Alveolata","Heterotrichea","Heterotrichea_X","Folliculinidae","Ampullofolliculina","Ampullofolliculina_lageniformis"
"Cymbella_ASV_11535","ASV_11535","C1","Stramenopiles","Bacillariophyceae","Cymbellales","Cymbellaceae","Cymbella","Cymbella_acuta"
"Dino-Group-II-Clade-10-and-11_X_ASV_23376","ASV_23376","C1","Alveolata","Syndiniales","Dino-Group-II","Dino-Group-II-Clade-10-and-11","Dino-Group-II-Clade-10-and-11_X","Dino-Group-II-Clade-10-and-11_X_sp."
"Maxillopoda_ASV_13778","ASV_13778","C4","Opisthokonta","Arthropoda","Crustacea","Maxillopoda",NA,NA
"CCW10-lineage_X_ASV_13478","ASV_13478","C2","Rhizaria","Filosa-Thecofilosea","Ventricleftida","CCW10-lineage","CCW10-lineage_X","CCW10-lineage_X_sp."
"Gastrotricha_XX_ASV_16593","ASV_16593","C1","Opisthokonta","Gastrotricha","Gastrotricha_X","Gastrotricha_XX",NA,NA
"Phaeophyceae_XX_ASV_8496","ASV_8496","C1","Stramenopiles","Phaeophyceae","Phaeophyceae_X","Phaeophyceae_XX",NA,NA
"Bacillariaceae_ASV_10164","ASV_10164","C2","Stramenopiles","Bacillariophyceae","Bacillariales","Bacillariaceae",NA,NA
"Ephelota_ASV_1020","ASV_1020","C4","Alveolata","Phyllopharyngea","Suctoria","Ephelotidae","Ephelota","Ephelota_sp."
"Dino-Group-I-Clade-1_X_ASV_21077","ASV_21077","C1","Alveolata","Syndiniales","Dino-Group-I","Dino-Group-I-Clade-1","Dino-Group-I-Clade-1_X","Dino-Group-I-Clade-1_X_sp."
"Ephelota_ASV_661","ASV_661","C3","Alveolata","Phyllopharyngea","Suctoria","Ephelotidae","Ephelota",NA
"Halomonhystera_ASV_27080","ASV_27080","C3","Opisthokonta","Nematoda","Chromadorea","Chromadorea_X","Halomonhystera","Halomonhystera_disjuncta"
"Metromonas_ASV_18427","ASV_18427","C1","Rhizaria","Filosa-Metromonadea","Metromonadida","Metromonadidae","Metromonas","Metromonas_simplex"
"Loxophyllum_ASV_6533","ASV_6533","C4","Alveolata","Litostomatea","Haptoria_5","Pleurostomatida","Loxophyllum","Loxophyllum_rostratum"
"MAST-3I_ASV_9358","ASV_9358","C2","Stramenopiles","Opalozoa","Nanomonadea","MAST-3","MAST-3I","MAST-3I_sp."
"Bacillariophyceae_ASV_10160","ASV_10160","C2","Stramenopiles","Bacillariophyceae",NA,NA,NA,NA
"Dino-Group-I-Clade-4_X_ASV_21578","ASV_21578","C2","Alveolata","Syndiniales","Dino-Group-I","Dino-Group-I-Clade-4","Dino-Group-I-Clade-4_X","Dino-Group-I-Clade-4_X_sp."
"Spirotrachelostyla_ASV_26308","ASV_26308","C2","Alveolata","Spirotrichea","Hypotrichia","Trachelostylidae","Spirotrachelostyla","Spirotrachelostyla_tani"
"Grammatophora_ASV_10004","ASV_10004","C1","Stramenopiles","Bacillariophyceae","Rhabdonematales","Grammatophoraceae","Grammatophora","Grammatophora_marina"
"Cephaloidophora_ASV_1589","ASV_1589","C5","Alveolata","Gregarinomorphea","Eugregarinorida","Cephaloidophoridae","Cephaloidophora","Cephaloidophora_communis"
"Fragilariaceae_ASV_10037","ASV_10037","C1","Stramenopiles","Bacillariophyceae","Fragilariales","Fragilariaceae",NA,NA
"Membranipora_ASV_17859","ASV_17859","C2","Opisthokonta","Bryozoa","Bryozoa_X","Bryozoa_XX","Membranipora","Membranipora_membranacea"
"Hemiophrys_ASV_410","ASV_410","C2","Alveolata","Litostomatea","Haptoria_5","Pleurostomatida","Hemiophrys",NA
"Pleurosigma_ASV_10232","ASV_10232","C2","Stramenopiles","Bacillariophyceae","Naviculales","Pleurosigmataceae","Pleurosigma","Pleurosigma_sp."
"Pseudovorticella_ASV_29493","ASV_29493","C4","Alveolata","Oligohymenophorea","Peritrichia_2","Sessilida","Pseudovorticella",NA
"Ephelota_ASV_4846","ASV_4846","C5","Alveolata","Phyllopharyngea","Suctoria","Ephelotidae","Ephelota","Ephelota_sp."
"Bacillariophyceae_ASV_9918","ASV_9918","C1","Stramenopiles","Bacillariophyceae",NA,NA,NA,NA
"Phymatolithon_ASV_24738","ASV_24738","C4","Rhodophyta","Florideophyceae","Corallinales","Corallinales_X","Phymatolithon","Phymatolithon_calcareum"
"Bacillariophyceae_ASV_32933","ASV_32933","C2","Stramenopiles","Bacillariophyceae","Naviculales",NA,NA,NA
"Bacillariophyceae_ASV_8723","ASV_8723","C5","Stramenopiles","Bacillariophyceae",NA,NA,NA,NA
"Arcocellulus_ASV_11592","ASV_11592","C1","Stramenopiles","Mediophyceae","Cymatosirales","Cymatosiraceae","Arcocellulus","Arcocellulus_cornucervis"
"Adineta_ASV_17599","ASV_17599","C3","Opisthokonta","Rotifera","Rotifera_X","Rotifera_XX","Adineta","Adineta_vaga"
"OTU_ASV_15511","ASV_15511","C2",NA,NA,NA,NA,NA,NA
"Bacillariophyceae_ASV_9972","ASV_9972","C1","Stramenopiles","Bacillariophyceae",NA,NA,NA,NA
"Pterocystida_ASV_21630","ASV_21630","C4","Centroplasthelida","Pterocystida",NA,NA,NA,NA
"Pleurosigma_ASV_10236","ASV_10236","C2","Stramenopiles","Bacillariophyceae","Naviculales","Pleurosigmataceae","Pleurosigma","Pleurosigma_intermedium"
"Arthropoda_ASV_17239","ASV_17239","C2","Opisthokonta","Arthropoda",NA,NA,NA,NA
"Cryothecomonas_ASV_15153","ASV_15153","C5","Rhizaria","Filosa-Thecofilosea","Cryomonadida","Cryothecomonas-lineage","Cryothecomonas","Cryothecomonas_aestivalis"
"OTU_ASV_33058","ASV_33058","C3",NA,NA,NA,NA,NA,NA
"Ectocarpus_ASV_8444","ASV_8444","C1","Stramenopiles","Phaeophyceae","Phaeophyceae_X","Phaeophyceae_XX","Ectocarpus",NA
"Protolitonotus_ASV_6509","ASV_6509","C5","Alveolata","Litostomatea","Haptoria_5","Pleurostomatida","Protolitonotus","Protolitonotus_clampi"
"OTU_ASV_21964","ASV_21964","C3","Rhizaria",NA,NA,NA,NA,NA
"Haslea_ASV_9240","ASV_9240","C1","Stramenopiles","Bacillariophyceae","Naviculales","Naviculaceae","Haslea","Haslea_avium"
"Pleurosigma_ASV_10260","ASV_10260","C2","Stramenopiles","Bacillariophyceae","Naviculales","Pleurosigmataceae","Pleurosigma","Pleurosigma_intermedium"
"Zoothamnium_1_ASV_32724","ASV_32724","C3","Alveolata","Oligohymenophorea","Peritrichia_2","Sessilida","Zoothamnium_1","Zoothamnium_duplicatum"
"Cephaloidophora_ASV_1583","ASV_1583","C5","Alveolata","Gregarinomorphea","Eugregarinorida","Cephaloidophoridae","Cephaloidophora","Cephaloidophora_communis"
"Ephelota_ASV_2997","ASV_2997","C3","Alveolata","Phyllopharyngea","Suctoria","Ephelotidae","Ephelota","Ephelota_mammillata"
"Pterocystida_ASV_21718","ASV_21718","C3","Centroplasthelida","Pterocystida","Pterista",NA,NA,NA
"Bacillariophyceae_ASV_9977","ASV_9977","C1","Stramenopiles","Bacillariophyceae",NA,NA,NA,NA
"Phaeocystis_ASV_20921","ASV_20921","C1","Haptophyta","Prymnesiophyceae","Phaeocystales","Phaeocystaceae","Phaeocystis","Phaeocystis_globosa"
"Bacillariophyceae_ASV_11568","ASV_11568","C1","Stramenopiles","Bacillariophyceae",NA,NA,NA,NA
"Heribaudiella_ASV_10922","ASV_10922","C2","Stramenopiles","Phaeophyceae","Phaeophyceae_X","Phaeophyceae_XX","Heribaudiella","Heribaudiella_fluviatilis"
"OTU_ASV_22253","ASV_22253","C3",NA,NA,NA,NA,NA,NA
"Labyrinthulaceae_ANT10_3_ASV_9457","ASV_9457","C1","Stramenopiles","Sagenista","Labyrinthulomycetes","Labyrinthulaceae","Labyrinthulaceae_ANT10_3","Labyrinthulaceae_ANT10_3_sp."
"Neocalanus_ASV_13969","ASV_13969","C4","Opisthokonta","Arthropoda","Crustacea","Maxillopoda","Neocalanus","Neocalanus_cristatus"
"Pterocystida_ASV_21754","ASV_21754","C5","Centroplasthelida","Pterocystida","Pterista",NA,NA,NA
"Folliculinidae_ASV_3614","ASV_3614","C5","Alveolata","Heterotrichea","Heterotrichea_X","Folliculinidae",NA,NA
"Pomatoceros_ASV_18128","ASV_18128","C1","Opisthokonta","Annelida","Annelida_X","Annelida_XX","Pomatoceros","Pomatoceros_triqueter"
"CCW10-lineage_X_ASV_13473","ASV_13473","C1","Rhizaria","Filosa-Thecofilosea","Ventricleftida","CCW10-lineage","CCW10-lineage_X","CCW10-lineage_X_sp."
"Dino-Group-I-Clade-1_X_ASV_20870","ASV_20870","C1","Alveolata","Syndiniales","Dino-Group-I","Dino-Group-I-Clade-1","Dino-Group-I-Clade-1_X","Dino-Group-I-Clade-1_X_sp."
"Ceramium_ASV_24711","ASV_24711","C5","Rhodophyta","Florideophyceae","Ceramiales","Ceramiaceae","Ceramium","Ceramium_virgatum"
"Spirotrachelostyla_ASV_29955","ASV_29955","C1","Alveolata","Spirotrichea","Hypotrichia","Trachelostylidae","Spirotrachelostyla","Spirotrachelostyla_tani"
"Scruparia_ASV_17844","ASV_17844","C4","Opisthokonta","Bryozoa","Bryozoa_X","Bryozoa_XX","Scruparia","Scruparia_chelata"
"Bacillariophyceae_ASV_10151","ASV_10151","C1","Stramenopiles","Bacillariophyceae","Naviculales",NA,NA,NA
"OTU_ASV_14103","ASV_14103","C5",NA,NA,NA,NA,NA,NA
"Amphileptus_ASV_432","ASV_432","C4","Alveolata","Litostomatea","Haptoria_5","Pleurostomatida","Amphileptus",NA
"Haplogloia_ASV_8474","ASV_8474","C1","Stramenopiles","Phaeophyceae","Phaeophyceae_X","Phaeophyceae_XX","Haplogloia","Haplogloia_andersonii"
"Phaeophyceae_XX_ASV_10925","ASV_10925","C1","Stramenopiles","Phaeophyceae","Phaeophyceae_X","Phaeophyceae_XX",NA,NA
"Bacillariaceae_ASV_10197","ASV_10197","C2","Stramenopiles","Bacillariophyceae","Bacillariales","Bacillariaceae",NA,NA
"Chaetoceros_ASV_11054","ASV_11054","C5","Stramenopiles","Mediophyceae","Chaetocerotales","Chaetocerotaceae","Chaetoceros","Chaetoceros_socialis"
"Placidae_X_ASV_29901","ASV_29901","C4","Alveolata","Prostomatea_2","Prostomatea_2_X","Placidae","Placidae_X","Placidae_X_sp."
"OTU_ASV_16900","ASV_16900","C1",NA,NA,NA,NA,NA,NA
"Enoplea_X_ASV_18404","ASV_18404","C5","Opisthokonta","Nematoda","Enoplea","Enoplea_X",NA,NA
"OTU_ASV_12542","ASV_12542","C5","Alveolata",NA,NA,NA,NA,NA
"Bacillariophyceae_ASV_9683","ASV_9683","C1","Stramenopiles","Bacillariophyceae",NA,NA,NA,NA
"Bacillariophyceae_ASV_10229","ASV_10229","C1","Stramenopiles","Bacillariophyceae",NA,NA,NA,NA
"OTU_ASV_18454","ASV_18454","C5","Opisthokonta",NA,NA,NA,NA,NA
"Chrysolepidomonas_ASV_8860","ASV_8860","C5","Stramenopiles","Chrysophyceae","Ochromonadales","Ochromonadaceae","Chrysolepidomonas","Chrysolepidomonas_dendrolepidota"
"Navicula_ASV_9836","ASV_9836","C1","Stramenopiles","Bacillariophyceae","Naviculales","Naviculaceae","Navicula",NA
"Protaspa_ASV_15671","ASV_15671","C2","Rhizaria","Filosa-Thecofilosea","Cryomonadida","Protaspa-lineage","Protaspa","Protaspa_sp."
"Dino-Group-I-Clade-1_X_ASV_20879","ASV_20879","C2","Alveolata","Syndiniales","Dino-Group-I","Dino-Group-I-Clade-1","Dino-Group-I-Clade-1_X","Dino-Group-I-Clade-1_X_sp."
"Halomonhystera_ASV_27093","ASV_27093","C5","Opisthokonta","Nematoda","Chromadorea","Chromadorea_X","Halomonhystera","Halomonhystera_disjuncta"
"Bacillariophyceae_ASV_9843","ASV_9843","C1","Stramenopiles","Bacillariophyceae",NA,NA,NA,NA
"OTU_ASV_9154","ASV_9154","C2","Stramenopiles",NA,NA,NA,NA,NA
"Euglyphida_XX_ASV_18003","ASV_18003","C1","Rhizaria","Filosa-Imbricatea","Euglyphida","Euglyphida_X","Euglyphida_XX","Euglyphida_XX_sp."
"Reckertia_ASV_16338","ASV_16338","C2","Rhizaria","Filosa-Imbricatea","Thaumatomonadida","Thaumatomonadidae","Reckertia","Reckertia_filosa"
"Rotifera_XX_ASV_16726","ASV_16726","C3","Opisthokonta","Rotifera","Rotifera_X","Rotifera_XX",NA,NA
"Pelagomonadales_clade_A3_ASV_10742","ASV_10742","C2","Stramenopiles","Pelagophyceae","Pelagomonadales","Pelagomonadales_clade_A","Pelagomonadales_clade_A3","Pelagomonadales_clade_A3_sp."
"Nolandella_ASV_19262","ASV_19262","C1","Tubulinea","Elardia","Euamoebida","Nolandellidae","Nolandella","Nolandella_sp."
"Carradoriella_ASV_24925","ASV_24925","C4","Rhodophyta","Florideophyceae","Ceramiales","Rhodomelaceae","Carradoriella","Carradoriella_elongata"
"OTU_ASV_5396","ASV_5396","C5","Alveolata",NA,NA,NA,NA,NA
"Bacillariophyceae_ASV_10048","ASV_10048","C2","Stramenopiles","Bacillariophyceae","Achnanthales",NA,NA,NA
"Phyllopharyngea_ASV_3826","ASV_3826","C4","Alveolata","Phyllopharyngea","Suctoria",NA,NA,NA
"Maxillopoda_ASV_13878","ASV_13878","C3","Opisthokonta","Arthropoda","Crustacea","Maxillopoda",NA,NA
"Zoothamnium_1_ASV_32734","ASV_32734","C4","Alveolata","Oligohymenophorea","Peritrichia_2","Sessilida","Zoothamnium_1",NA
"Filosa-Thecofilosea_ASV_15525","ASV_15525","C1","Rhizaria","Filosa-Thecofilosea","Cryomonadida",NA,NA,NA
