"OTU_j","OTU_k","res_cor","env_cor","surprise","quadrant","same_class","Class_j","Class_k","association","abs_r","Class_from","Class_to","synd_otu","diatom_otu","diatom_class","pollock_signal"
"Navicula_ASV_10078","Dino-Group-I-Clade-1_X_ASV_25271",0.676336295424279,-0.503948043296377,0.172388252127901,"Q3",FALSE,"Bacillariophyceae","Syndiniales","positive",0.676336295424279,"Bacillariophyceae","Syndiniales","Dino-Group-I-Clade-1_X_ASV_25271","Navicula_ASV_10078","Bacillariophyceae","Q3"
"Mediophyceae_ASV_10516","Dino-Group-I-Clade-1_X_ASV_25271",0.65847245456825,-0.342807292363482,0.315665162204768,"Q3",FALSE,"Mediophyceae","Syndiniales","positive",0.65847245456825,"Mediophyceae","Syndiniales","Dino-Group-I-Clade-1_X_ASV_25271","Mediophyceae_ASV_10516","Mediophyceae","Q3"
"Bacillariophyceae_ASV_10175","Dino-Group-I-Clade-1_X_ASV_25271",0.622494028143434,-0.450265072393805,0.172228955749628,"Q3",FALSE,"Bacillariophyceae","Syndiniales","positive",0.622494028143434,"Bacillariophyceae","Syndiniales","Dino-Group-I-Clade-1_X_ASV_25271","Bacillariophyceae_ASV_10175","Bacillariophyceae","Q3"
"Naviculaceae_ASV_9847","Dino-Group-I-Clade-1_X_ASV_25271",0.541105681391056,-0.406805821967346,0.13429985942371,"Q3",FALSE,"Bacillariophyceae","Syndiniales","positive",0.541105681391056,"Bacillariophyceae","Syndiniales","Dino-Group-I-Clade-1_X_ASV_25271","Naviculaceae_ASV_9847","Bacillariophyceae","Q3"
"Bacillariophyceae_ASV_6651","Dino-Group-I-Clade-1_X_ASV_25271",0.581167229375523,-0.48001296106393,0.101154268311593,"Q3",FALSE,"Bacillariophyceae","Syndiniales","positive",0.581167229375523,"Bacillariophyceae","Syndiniales","Dino-Group-I-Clade-1_X_ASV_25271","Bacillariophyceae_ASV_6651","Bacillariophyceae","Q3"
"Navicula_ASV_10502","Dino-Group-I-Clade-1_X_ASV_25271",0.576704502568464,-0.469990707370518,0.106713795197946,"Q3",FALSE,"Bacillariophyceae","Syndiniales","positive",0.576704502568464,"Bacillariophyceae","Syndiniales","Dino-Group-I-Clade-1_X_ASV_25271","Navicula_ASV_10502","Bacillariophyceae","Q3"
"Bacillariophyceae_ASV_9867","Dino-Group-I-Clade-1_X_ASV_25271",0.594891070403134,-0.0872014204578056,0.507689649945328,"Q3",FALSE,"Bacillariophyceae","Syndiniales","positive",0.594891070403134,"Bacillariophyceae","Syndiniales","Dino-Group-I-Clade-1_X_ASV_25271","Bacillariophyceae_ASV_9867","Bacillariophyceae","Q3"
"Bacillariaceae_ASV_10168","Dino-Group-I-Clade-1_X_ASV_25271",0.63008449103507,-0.337545269666875,0.292539221368195,"Q3",FALSE,"Bacillariophyceae","Syndiniales","positive",0.63008449103507,"Bacillariophyceae","Syndiniales","Dino-Group-I-Clade-1_X_ASV_25271","Bacillariaceae_ASV_10168","Bacillariophyceae","Q3"
"Dino-Group-I-Clade-1_X_ASV_25271","Mediophyceae_ASV_9615",0.541183523431289,0.791329391083631,-0.250145867652341,"Q1",FALSE,"Syndiniales","Mediophyceae","positive",0.541183523431289,"Syndiniales","Mediophyceae","Dino-Group-I-Clade-1_X_ASV_25271","Mediophyceae_ASV_9615","Mediophyceae","Q1"
"Navicula_ASV_10078","Dino-Group-I-Clade-1_X_ASV_25263",0.571365328211284,-0.357724446715469,0.213640881495815,"Q3",FALSE,"Bacillariophyceae","Syndiniales","positive",0.571365328211284,"Bacillariophyceae","Syndiniales","Dino-Group-I-Clade-1_X_ASV_25263","Navicula_ASV_10078","Bacillariophyceae","Q3"
"Mediophyceae_ASV_10516","Dino-Group-I-Clade-1_X_ASV_25263",0.556618746391486,-0.305479912138063,0.251138834253424,"Q3",FALSE,"Mediophyceae","Syndiniales","positive",0.556618746391486,"Mediophyceae","Syndiniales","Dino-Group-I-Clade-1_X_ASV_25263","Mediophyceae_ASV_10516","Mediophyceae","Q3"
"Bacillariophyceae_ASV_10175","Dino-Group-I-Clade-1_X_ASV_25263",0.529949031745871,-0.272805547668411,0.25714348407746,"Q3",FALSE,"Bacillariophyceae","Syndiniales","positive",0.529949031745871,"Bacillariophyceae","Syndiniales","Dino-Group-I-Clade-1_X_ASV_25263","Bacillariophyceae_ASV_10175","Bacillariophyceae","Q3"
"Bacillariophyceae_ASV_9867","Dino-Group-I-Clade-1_X_ASV_25263",0.501414892988441,-0.0521029841912011,0.44931190879724,"Q3",FALSE,"Bacillariophyceae","Syndiniales","positive",0.501414892988441,"Bacillariophyceae","Syndiniales","Dino-Group-I-Clade-1_X_ASV_25263","Bacillariophyceae_ASV_9867","Bacillariophyceae","Q3"
"Bacillariaceae_ASV_10168","Dino-Group-I-Clade-1_X_ASV_25263",0.535955881874777,-0.160973040823001,0.374982841051776,"Q3",FALSE,"Bacillariophyceae","Syndiniales","positive",0.535955881874777,"Bacillariophyceae","Syndiniales","Dino-Group-I-Clade-1_X_ASV_25263","Bacillariaceae_ASV_10168","Bacillariophyceae","Q3"
"Navicula_ASV_10078","Dino-Group-I-Clade-1_X_ASV_21086",0.78121725862439,0.099236075917651,0.681981182706739,"Q1",FALSE,"Bacillariophyceae","Syndiniales","positive",0.78121725862439,"Bacillariophyceae","Syndiniales","Dino-Group-I-Clade-1_X_ASV_21086","Navicula_ASV_10078","Bacillariophyceae","Q1"
"Navicula_ASV_10098","Dino-Group-I-Clade-1_X_ASV_21086",0.643612420588395,0.212578294663336,0.431034125925058,"Q1",FALSE,"Bacillariophyceae","Syndiniales","positive",0.643612420588395,"Bacillariophyceae","Syndiniales","Dino-Group-I-Clade-1_X_ASV_21086","Navicula_ASV_10098","Bacillariophyceae","Q1"
"Mediophyceae_ASV_10516","Dino-Group-I-Clade-1_X_ASV_21086",0.754026006882348,0.214210702728506,0.539815304153842,"Q1",FALSE,"Mediophyceae","Syndiniales","positive",0.754026006882348,"Mediophyceae","Syndiniales","Dino-Group-I-Clade-1_X_ASV_21086","Mediophyceae_ASV_10516","Mediophyceae","Q1"
"Grammonema_ASV_10016","Dino-Group-I-Clade-1_X_ASV_21086",0.528852613719019,0.224364179873602,0.304488433845417,"Q1",FALSE,"Bacillariophyceae","Syndiniales","positive",0.528852613719019,"Bacillariophyceae","Syndiniales","Dino-Group-I-Clade-1_X_ASV_21086","Grammonema_ASV_10016","Bacillariophyceae","Q1"
"Bacillariophyceae_ASV_10175","Dino-Group-I-Clade-1_X_ASV_21086",0.641613245425013,0.309578526369665,0.332034719055348,"Q1",FALSE,"Bacillariophyceae","Syndiniales","positive",0.641613245425013,"Bacillariophyceae","Syndiniales","Dino-Group-I-Clade-1_X_ASV_21086","Bacillariophyceae_ASV_10175","Bacillariophyceae","Q1"
"Naviculaceae_ASV_9847","Dino-Group-I-Clade-1_X_ASV_21086",0.706091420268815,0.150916195529357,0.555175224739458,"Q1",FALSE,"Bacillariophyceae","Syndiniales","positive",0.706091420268815,"Bacillariophyceae","Syndiniales","Dino-Group-I-Clade-1_X_ASV_21086","Naviculaceae_ASV_9847","Bacillariophyceae","Q1"
"Bacillariophyceae_ASV_6651","Dino-Group-I-Clade-1_X_ASV_21086",0.62641413358402,0.155597310608844,0.470816822975176,"Q1",FALSE,"Bacillariophyceae","Syndiniales","positive",0.62641413358402,"Bacillariophyceae","Syndiniales","Dino-Group-I-Clade-1_X_ASV_21086","Bacillariophyceae_ASV_6651","Bacillariophyceae","Q1"
"Navicula_ASV_10502","Dino-Group-I-Clade-1_X_ASV_21086",0.677195259449824,0.369563118923231,0.307632140526593,"Q1",FALSE,"Bacillariophyceae","Syndiniales","positive",0.677195259449824,"Bacillariophyceae","Syndiniales","Dino-Group-I-Clade-1_X_ASV_21086","Navicula_ASV_10502","Bacillariophyceae","Q1"
"Bacillariophyceae_ASV_9867","Dino-Group-I-Clade-1_X_ASV_21086",0.708941561433048,0.146679113455999,0.562262447977049,"Q1",FALSE,"Bacillariophyceae","Syndiniales","positive",0.708941561433048,"Bacillariophyceae","Syndiniales","Dino-Group-I-Clade-1_X_ASV_21086","Bacillariophyceae_ASV_9867","Bacillariophyceae","Q1"
"Bacillariaceae_ASV_10168","Dino-Group-I-Clade-1_X_ASV_21086",0.658095303498027,0.232750060755516,0.425345242742511,"Q1",FALSE,"Bacillariophyceae","Syndiniales","positive",0.658095303498027,"Bacillariophyceae","Syndiniales","Dino-Group-I-Clade-1_X_ASV_21086","Bacillariaceae_ASV_10168","Bacillariophyceae","Q1"
"Mediophyceae_ASV_9615","Dino-Group-I-Clade-1_X_ASV_21086",0.603162070403262,0.150536492357731,0.45262557804553,"Q1",FALSE,"Mediophyceae","Syndiniales","positive",0.603162070403262,"Mediophyceae","Syndiniales","Dino-Group-I-Clade-1_X_ASV_21086","Mediophyceae_ASV_9615","Mediophyceae","Q1"
"Dino-Group-I-Clade-1_X_ASV_25271","Naviculaceae_ASV_9674",0.508134869340622,-0.229531762168528,0.278603107172094,"Q3",FALSE,"Syndiniales","Bacillariophyceae","positive",0.508134869340622,"Syndiniales","Bacillariophyceae","Dino-Group-I-Clade-1_X_ASV_25271","Naviculaceae_ASV_9674","Bacillariophyceae","Q3"
"Dino-Group-I-Clade-1_X_ASV_21086","Naviculaceae_ASV_9674",0.597132816538472,0.154649480673225,0.442483335865247,"Q1",FALSE,"Syndiniales","Bacillariophyceae","positive",0.597132816538472,"Syndiniales","Bacillariophyceae","Dino-Group-I-Clade-1_X_ASV_21086","Naviculaceae_ASV_9674","Bacillariophyceae","Q1"
"Dino-Group-I-Clade-1_X_ASV_21086","Navicula_ASV_10118",0.551787247998244,0.275812213499596,0.275975034498648,"Q1",FALSE,"Syndiniales","Bacillariophyceae","positive",0.551787247998244,"Syndiniales","Bacillariophyceae","Dino-Group-I-Clade-1_X_ASV_21086","Navicula_ASV_10118","Bacillariophyceae","Q1"
"Dino-Group-I-Clade-1_X_ASV_25271","Craticula_ASV_10145",0.661712397719623,0.017104676188034,0.644607721531589,"Q1",FALSE,"Syndiniales","Bacillariophyceae","positive",0.661712397719623,"Syndiniales","Bacillariophyceae","Dino-Group-I-Clade-1_X_ASV_25271","Craticula_ASV_10145","Bacillariophyceae","Q1"
"Dino-Group-I-Clade-1_X_ASV_25263","Craticula_ASV_10145",0.563617757516688,-0.0506938457576277,0.51292391175906,"Q3",FALSE,"Syndiniales","Bacillariophyceae","positive",0.563617757516688,"Syndiniales","Bacillariophyceae","Dino-Group-I-Clade-1_X_ASV_25263","Craticula_ASV_10145","Bacillariophyceae","Q3"
"Dino-Group-I-Clade-1_X_ASV_21086","Craticula_ASV_10145",0.676693004664265,-0.203833279735353,0.472859724928912,"Q3",FALSE,"Syndiniales","Bacillariophyceae","positive",0.676693004664265,"Syndiniales","Bacillariophyceae","Dino-Group-I-Clade-1_X_ASV_21086","Craticula_ASV_10145","Bacillariophyceae","Q3"
"Dino-Group-I-Clade-1_X_ASV_21086","Amphora_ASV_11507",0.614840657216554,0.104225702950221,0.510614954266333,"Q1",FALSE,"Syndiniales","Bacillariophyceae","positive",0.614840657216554,"Syndiniales","Bacillariophyceae","Dino-Group-I-Clade-1_X_ASV_21086","Amphora_ASV_11507","Bacillariophyceae","Q1"
"Dino-Group-I-Clade-1_X_ASV_25271","Cymbella_ASV_11535",0.617593124747683,-0.159096357177683,0.45849676757,"Q3",FALSE,"Syndiniales","Bacillariophyceae","positive",0.617593124747683,"Syndiniales","Bacillariophyceae","Dino-Group-I-Clade-1_X_ASV_25271","Cymbella_ASV_11535","Bacillariophyceae","Q3"
"Dino-Group-I-Clade-1_X_ASV_25263","Cymbella_ASV_11535",0.522965789646272,-0.00549249284858214,0.51747329679769,"Q3",FALSE,"Syndiniales","Bacillariophyceae","positive",0.522965789646272,"Syndiniales","Bacillariophyceae","Dino-Group-I-Clade-1_X_ASV_25263","Cymbella_ASV_11535","Bacillariophyceae","Q3"
"Dino-Group-I-Clade-1_X_ASV_21086","Cymbella_ASV_11535",0.69003497185218,0.0493035543229749,0.640731417529205,"Q1",FALSE,"Syndiniales","Bacillariophyceae","positive",0.69003497185218,"Syndiniales","Bacillariophyceae","Dino-Group-I-Clade-1_X_ASV_21086","Cymbella_ASV_11535","Bacillariophyceae","Q1"
"Navicula_ASV_10078","Dino-Group-II-Clade-10-and-11_X_ASV_23376",0.734286420825506,-0.0748216164615503,0.659464804363955,"Q3",FALSE,"Bacillariophyceae","Syndiniales","positive",0.734286420825506,"Bacillariophyceae","Syndiniales","Dino-Group-II-Clade-10-and-11_X_ASV_23376","Navicula_ASV_10078","Bacillariophyceae","Q3"
"Navicula_ASV_10098","Dino-Group-II-Clade-10-and-11_X_ASV_23376",0.612520014638456,-0.107566935854911,0.504953078783545,"Q3",FALSE,"Bacillariophyceae","Syndiniales","positive",0.612520014638456,"Bacillariophyceae","Syndiniales","Dino-Group-II-Clade-10-and-11_X_ASV_23376","Navicula_ASV_10098","Bacillariophyceae","Q3"
"Mediophyceae_ASV_10516","Dino-Group-II-Clade-10-and-11_X_ASV_23376",0.708414978462549,0.124309940970108,0.584105037492441,"Q1",FALSE,"Mediophyceae","Syndiniales","positive",0.708414978462549,"Mediophyceae","Syndiniales","Dino-Group-II-Clade-10-and-11_X_ASV_23376","Mediophyceae_ASV_10516","Mediophyceae","Q1"
"Grammonema_ASV_10016","Dino-Group-II-Clade-10-and-11_X_ASV_23376",0.507580256622259,-0.0682794630590787,0.43930079356318,"Q3",FALSE,"Bacillariophyceae","Syndiniales","positive",0.507580256622259,"Bacillariophyceae","Syndiniales","Dino-Group-II-Clade-10-and-11_X_ASV_23376","Grammonema_ASV_10016","Bacillariophyceae","Q3"
"Bacillariophyceae_ASV_10175","Dino-Group-II-Clade-10-and-11_X_ASV_23376",0.599365809881304,0.110113223694668,0.489252586186636,"Q1",FALSE,"Bacillariophyceae","Syndiniales","positive",0.599365809881304,"Bacillariophyceae","Syndiniales","Dino-Group-II-Clade-10-and-11_X_ASV_23376","Bacillariophyceae_ASV_10175","Bacillariophyceae","Q1"
"Naviculaceae_ASV_9847","Dino-Group-II-Clade-10-and-11_X_ASV_23376",0.667552084883653,-0.0232091210292063,0.644342963854447,"Q3",FALSE,"Bacillariophyceae","Syndiniales","positive",0.667552084883653,"Bacillariophyceae","Syndiniales","Dino-Group-II-Clade-10-and-11_X_ASV_23376","Naviculaceae_ASV_9847","Bacillariophyceae","Q3"
"Bacillariophyceae_ASV_6651","Dino-Group-II-Clade-10-and-11_X_ASV_23376",0.586636207544295,-0.213592739360435,0.37304346818386,"Q3",FALSE,"Bacillariophyceae","Syndiniales","positive",0.586636207544295,"Bacillariophyceae","Syndiniales","Dino-Group-II-Clade-10-and-11_X_ASV_23376","Bacillariophyceae_ASV_6651","Bacillariophyceae","Q3"
"Navicula_ASV_10502","Dino-Group-II-Clade-10-and-11_X_ASV_23376",0.637042510719178,0.0199014185224088,0.617141092196769,"Q1",FALSE,"Bacillariophyceae","Syndiniales","positive",0.637042510719178,"Bacillariophyceae","Syndiniales","Dino-Group-II-Clade-10-and-11_X_ASV_23376","Navicula_ASV_10502","Bacillariophyceae","Q1"
"Bacillariophyceae_ASV_9867","Dino-Group-II-Clade-10-and-11_X_ASV_23376",0.667395430626363,0.034535590832806,0.632859839793557,"Q1",FALSE,"Bacillariophyceae","Syndiniales","positive",0.667395430626363,"Bacillariophyceae","Syndiniales","Dino-Group-II-Clade-10-and-11_X_ASV_23376","Bacillariophyceae_ASV_9867","Bacillariophyceae","Q1"
"Bacillariaceae_ASV_10168","Dino-Group-II-Clade-10-and-11_X_ASV_23376",0.615226764245139,0.0498299872691642,0.565396776975974,"Q1",FALSE,"Bacillariophyceae","Syndiniales","positive",0.615226764245139,"Bacillariophyceae","Syndiniales","Dino-Group-II-Clade-10-and-11_X_ASV_23376","Bacillariaceae_ASV_10168","Bacillariophyceae","Q1"
"Mediophyceae_ASV_9615","Dino-Group-II-Clade-10-and-11_X_ASV_23376",0.565877985484003,0.485064777745345,0.0808132077386582,"Q1",FALSE,"Mediophyceae","Syndiniales","positive",0.565877985484003,"Mediophyceae","Syndiniales","Dino-Group-II-Clade-10-and-11_X_ASV_23376","Mediophyceae_ASV_9615","Mediophyceae","Q1"
"Naviculaceae_ASV_9674","Dino-Group-II-Clade-10-and-11_X_ASV_23376",0.561748619235513,0.0584302830767012,0.503318336158811,"Q1",FALSE,"Bacillariophyceae","Syndiniales","positive",0.561748619235513,"Bacillariophyceae","Syndiniales","Dino-Group-II-Clade-10-and-11_X_ASV_23376","Naviculaceae_ASV_9674","Bacillariophyceae","Q1"
"Navicula_ASV_10118","Dino-Group-II-Clade-10-and-11_X_ASV_23376",0.527311975423075,0.0460191226886648,0.48129285273441,"Q1",FALSE,"Bacillariophyceae","Syndiniales","positive",0.527311975423075,"Bacillariophyceae","Syndiniales","Dino-Group-II-Clade-10-and-11_X_ASV_23376","Navicula_ASV_10118","Bacillariophyceae","Q1"
"Craticula_ASV_10145","Dino-Group-II-Clade-10-and-11_X_ASV_23376",0.631849280640379,-0.139777754528891,0.492071526111488,"Q3",FALSE,"Bacillariophyceae","Syndiniales","positive",0.631849280640379,"Bacillariophyceae","Syndiniales","Dino-Group-II-Clade-10-and-11_X_ASV_23376","Craticula_ASV_10145","Bacillariophyceae","Q3"
"Amphora_ASV_11507","Dino-Group-II-Clade-10-and-11_X_ASV_23376",0.5834938549874,-0.00548268292712867,0.578011172060272,"Q3",FALSE,"Bacillariophyceae","Syndiniales","positive",0.5834938549874,"Bacillariophyceae","Syndiniales","Dino-Group-II-Clade-10-and-11_X_ASV_23376","Amphora_ASV_11507","Bacillariophyceae","Q3"
"Cymbella_ASV_11535","Dino-Group-II-Clade-10-and-11_X_ASV_23376",0.647465797207082,-0.183374144059041,0.46409165314804,"Q3",FALSE,"Bacillariophyceae","Syndiniales","positive",0.647465797207082,"Bacillariophyceae","Syndiniales","Dino-Group-II-Clade-10-and-11_X_ASV_23376","Cymbella_ASV_11535","Bacillariophyceae","Q3"
"Dino-Group-I-Clade-1_X_ASV_25271","Bacillariaceae_ASV_10164",0.549670452026655,-0.610858089657844,-0.0611876376311891,"Q3",FALSE,"Syndiniales","Bacillariophyceae","positive",0.549670452026655,"Syndiniales","Bacillariophyceae","Dino-Group-I-Clade-1_X_ASV_25271","Bacillariaceae_ASV_10164","Bacillariophyceae","Q3"
"Dino-Group-I-Clade-1_X_ASV_21086","Bacillariaceae_ASV_10164",0.511276863284516,0.25490295646295,0.256373906821566,"Q1",FALSE,"Syndiniales","Bacillariophyceae","positive",0.511276863284516,"Syndiniales","Bacillariophyceae","Dino-Group-I-Clade-1_X_ASV_21086","Bacillariaceae_ASV_10164","Bacillariophyceae","Q1"
"Navicula_ASV_10078","Dino-Group-I-Clade-1_X_ASV_21077",0.671438649377866,0.245031002624818,0.426407646753048,"Q1",FALSE,"Bacillariophyceae","Syndiniales","positive",0.671438649377866,"Bacillariophyceae","Syndiniales","Dino-Group-I-Clade-1_X_ASV_21077","Navicula_ASV_10078","Bacillariophyceae","Q1"
"Navicula_ASV_10098","Dino-Group-I-Clade-1_X_ASV_21077",0.574369136235549,0.159878098975127,0.414491037260422,"Q1",FALSE,"Bacillariophyceae","Syndiniales","positive",0.574369136235549,"Bacillariophyceae","Syndiniales","Dino-Group-I-Clade-1_X_ASV_21077","Navicula_ASV_10098","Bacillariophyceae","Q1"
"Mediophyceae_ASV_10516","Dino-Group-I-Clade-1_X_ASV_21077",0.647190196791336,0.440032289166494,0.207157907624842,"Q1",FALSE,"Mediophyceae","Syndiniales","positive",0.647190196791336,"Mediophyceae","Syndiniales","Dino-Group-I-Clade-1_X_ASV_21077","Mediophyceae_ASV_10516","Mediophyceae","Q1"
"Bacillariophyceae_ASV_10175","Dino-Group-I-Clade-1_X_ASV_21077",0.541084612802603,0.415713563768676,0.125371049033928,"Q1",FALSE,"Bacillariophyceae","Syndiniales","positive",0.541084612802603,"Bacillariophyceae","Syndiniales","Dino-Group-I-Clade-1_X_ASV_21077","Bacillariophyceae_ASV_10175","Bacillariophyceae","Q1"
"Naviculaceae_ASV_9847","Dino-Group-I-Clade-1_X_ASV_21077",0.617727780455742,0.312802151977157,0.304925628478584,"Q1",FALSE,"Bacillariophyceae","Syndiniales","positive",0.617727780455742,"Bacillariophyceae","Syndiniales","Dino-Group-I-Clade-1_X_ASV_21077","Naviculaceae_ASV_9847","Bacillariophyceae","Q1"
"Bacillariophyceae_ASV_6651","Dino-Group-I-Clade-1_X_ASV_21077",0.532378781922587,-0.0753630679947822,0.457015713927805,"Q3",FALSE,"Bacillariophyceae","Syndiniales","positive",0.532378781922587,"Bacillariophyceae","Syndiniales","Dino-Group-I-Clade-1_X_ASV_21077","Bacillariophyceae_ASV_6651","Bacillariophyceae","Q3"
"Navicula_ASV_10502","Dino-Group-I-Clade-1_X_ASV_21077",0.583515294095032,0.345208832007052,0.238306462087981,"Q1",FALSE,"Bacillariophyceae","Syndiniales","positive",0.583515294095032,"Bacillariophyceae","Syndiniales","Dino-Group-I-Clade-1_X_ASV_21077","Navicula_ASV_10502","Bacillariophyceae","Q1"
"Bacillariophyceae_ASV_9867","Dino-Group-I-Clade-1_X_ASV_21077",0.612238825987186,0.0201478534633333,0.592090972523852,"Q1",FALSE,"Bacillariophyceae","Syndiniales","positive",0.612238825987186,"Bacillariophyceae","Syndiniales","Dino-Group-I-Clade-1_X_ASV_21077","Bacillariophyceae_ASV_9867","Bacillariophyceae","Q1"
"Bacillariaceae_ASV_10168","Dino-Group-I-Clade-1_X_ASV_21077",0.556283747138941,0.201312259317239,0.354971487821702,"Q1",FALSE,"Bacillariophyceae","Syndiniales","positive",0.556283747138941,"Bacillariophyceae","Syndiniales","Dino-Group-I-Clade-1_X_ASV_21077","Bacillariaceae_ASV_10168","Bacillariophyceae","Q1"
"Mediophyceae_ASV_9615","Dino-Group-I-Clade-1_X_ASV_21077",0.515465351281253,-0.0178879435835908,0.497577407697662,"Q3",FALSE,"Mediophyceae","Syndiniales","positive",0.515465351281253,"Mediophyceae","Syndiniales","Dino-Group-I-Clade-1_X_ASV_21077","Mediophyceae_ASV_9615","Mediophyceae","Q3"
"Naviculaceae_ASV_9674","Dino-Group-I-Clade-1_X_ASV_21077",0.514588308307749,0.447367058493897,0.0672212498138514,"Q1",FALSE,"Bacillariophyceae","Syndiniales","positive",0.514588308307749,"Bacillariophyceae","Syndiniales","Dino-Group-I-Clade-1_X_ASV_21077","Naviculaceae_ASV_9674","Bacillariophyceae","Q1"
"Craticula_ASV_10145","Dino-Group-I-Clade-1_X_ASV_21077",0.56986611257476,-0.287700919081171,0.28216519349359,"Q3",FALSE,"Bacillariophyceae","Syndiniales","positive",0.56986611257476,"Bacillariophyceae","Syndiniales","Dino-Group-I-Clade-1_X_ASV_21077","Craticula_ASV_10145","Bacillariophyceae","Q3"
"Amphora_ASV_11507","Dino-Group-I-Clade-1_X_ASV_21077",0.544089244401649,0.0566687061760181,0.487420538225631,"Q1",FALSE,"Bacillariophyceae","Syndiniales","positive",0.544089244401649,"Bacillariophyceae","Syndiniales","Dino-Group-I-Clade-1_X_ASV_21077","Amphora_ASV_11507","Bacillariophyceae","Q1"
"Cymbella_ASV_11535","Dino-Group-I-Clade-1_X_ASV_21077",0.589945072497653,-0.316349058743735,0.273596013753918,"Q3",FALSE,"Bacillariophyceae","Syndiniales","positive",0.589945072497653,"Bacillariophyceae","Syndiniales","Dino-Group-I-Clade-1_X_ASV_21077","Cymbella_ASV_11535","Bacillariophyceae","Q3"
"Dino-Group-I-Clade-1_X_ASV_25271","Bacillariophyceae_ASV_10160",0.50714108633185,-0.0485419991342788,0.458599087197572,"Q3",FALSE,"Syndiniales","Bacillariophyceae","positive",0.50714108633185,"Syndiniales","Bacillariophyceae","Dino-Group-I-Clade-1_X_ASV_25271","Bacillariophyceae_ASV_10160","Bacillariophyceae","Q3"
"Dino-Group-I-Clade-1_X_ASV_21086","Bacillariophyceae_ASV_10160",0.532383421431933,0.0320090651750122,0.50037435625692,"Q1",FALSE,"Syndiniales","Bacillariophyceae","positive",0.532383421431933,"Syndiniales","Bacillariophyceae","Dino-Group-I-Clade-1_X_ASV_21086","Bacillariophyceae_ASV_10160","Bacillariophyceae","Q1"
"Dino-Group-I-Clade-1_X_ASV_25271","Fragilariaceae_ASV_10037",0.543663705190487,-0.335014420130601,0.208649285059885,"Q3",FALSE,"Syndiniales","Bacillariophyceae","positive",0.543663705190487,"Syndiniales","Bacillariophyceae","Dino-Group-I-Clade-1_X_ASV_25271","Fragilariaceae_ASV_10037","Bacillariophyceae","Q3"
"Dino-Group-I-Clade-1_X_ASV_21086","Fragilariaceae_ASV_10037",0.705302995040993,0.180071395732008,0.525231599308985,"Q1",FALSE,"Syndiniales","Bacillariophyceae","positive",0.705302995040993,"Syndiniales","Bacillariophyceae","Dino-Group-I-Clade-1_X_ASV_21086","Fragilariaceae_ASV_10037","Bacillariophyceae","Q1"
"Dino-Group-II-Clade-10-and-11_X_ASV_23376","Fragilariaceae_ASV_10037",0.666631963744163,-0.172159561256354,0.494472402487809,"Q3",FALSE,"Syndiniales","Bacillariophyceae","positive",0.666631963744163,"Syndiniales","Bacillariophyceae","Dino-Group-II-Clade-10-and-11_X_ASV_23376","Fragilariaceae_ASV_10037","Bacillariophyceae","Q3"
"Dino-Group-I-Clade-1_X_ASV_21077","Fragilariaceae_ASV_10037",0.616548844199952,-0.125470381153324,0.491078463046628,"Q3",FALSE,"Syndiniales","Bacillariophyceae","positive",0.616548844199952,"Syndiniales","Bacillariophyceae","Dino-Group-I-Clade-1_X_ASV_21077","Fragilariaceae_ASV_10037","Bacillariophyceae","Q3"
"Dino-Group-I-Clade-1_X_ASV_25271","Pleurosigma_ASV_10232",0.680053613663278,0.0804166308667451,0.599636982796533,"Q1",FALSE,"Syndiniales","Bacillariophyceae","positive",0.680053613663278,"Syndiniales","Bacillariophyceae","Dino-Group-I-Clade-1_X_ASV_25271","Pleurosigma_ASV_10232","Bacillariophyceae","Q1"
"Dino-Group-I-Clade-1_X_ASV_25263","Pleurosigma_ASV_10232",0.580329021625756,-0.0243376278254565,0.5559913938003,"Q3",FALSE,"Syndiniales","Bacillariophyceae","positive",0.580329021625756,"Syndiniales","Bacillariophyceae","Dino-Group-I-Clade-1_X_ASV_25263","Pleurosigma_ASV_10232","Bacillariophyceae","Q3"
"Dino-Group-I-Clade-1_X_ASV_21086","Pleurosigma_ASV_10232",0.674732890901462,-0.116386728476068,0.558346162425394,"Q3",FALSE,"Syndiniales","Bacillariophyceae","positive",0.674732890901462,"Syndiniales","Bacillariophyceae","Dino-Group-I-Clade-1_X_ASV_21086","Pleurosigma_ASV_10232","Bacillariophyceae","Q3"
"Dino-Group-II-Clade-10-and-11_X_ASV_23376","Pleurosigma_ASV_10232",0.6288997068085,-0.0973421631188998,0.5315575436896,"Q3",FALSE,"Syndiniales","Bacillariophyceae","positive",0.6288997068085,"Syndiniales","Bacillariophyceae","Dino-Group-II-Clade-10-and-11_X_ASV_23376","Pleurosigma_ASV_10232","Bacillariophyceae","Q3"
"Dino-Group-I-Clade-1_X_ASV_21077","Pleurosigma_ASV_10232",0.565081646289825,-0.415580269198853,0.149501377090972,"Q3",FALSE,"Syndiniales","Bacillariophyceae","positive",0.565081646289825,"Syndiniales","Bacillariophyceae","Dino-Group-I-Clade-1_X_ASV_21077","Pleurosigma_ASV_10232","Bacillariophyceae","Q3"
"Dino-Group-I-Clade-1_X_ASV_25271","Bacillariophyceae_ASV_9918",0.530544416228687,0.017587002200716,0.512957414027971,"Q1",FALSE,"Syndiniales","Bacillariophyceae","positive",0.530544416228687,"Syndiniales","Bacillariophyceae","Dino-Group-I-Clade-1_X_ASV_25271","Bacillariophyceae_ASV_9918","Bacillariophyceae","Q1"
"Dino-Group-I-Clade-1_X_ASV_21086","Bacillariophyceae_ASV_9918",0.657151170473641,0.347405104143639,0.309746066330003,"Q1",FALSE,"Syndiniales","Bacillariophyceae","positive",0.657151170473641,"Syndiniales","Bacillariophyceae","Dino-Group-I-Clade-1_X_ASV_21086","Bacillariophyceae_ASV_9918","Bacillariophyceae","Q1"
"Dino-Group-II-Clade-10-and-11_X_ASV_23376","Bacillariophyceae_ASV_9918",0.619794283358808,0.244473156511462,0.375321126847347,"Q1",FALSE,"Syndiniales","Bacillariophyceae","positive",0.619794283358808,"Syndiniales","Bacillariophyceae","Dino-Group-II-Clade-10-and-11_X_ASV_23376","Bacillariophyceae_ASV_9918","Bacillariophyceae","Q1"
"Dino-Group-I-Clade-1_X_ASV_21077","Bacillariophyceae_ASV_9918",0.570744127658184,-0.0336745148394854,0.537069612818698,"Q3",FALSE,"Syndiniales","Bacillariophyceae","positive",0.570744127658184,"Syndiniales","Bacillariophyceae","Dino-Group-I-Clade-1_X_ASV_21077","Bacillariophyceae_ASV_9918","Bacillariophyceae","Q3"
"Dino-Group-I-Clade-1_X_ASV_25271","Bacillariophyceae_ASV_32933",0.6306739063918,-0.257322181111985,0.373351725279816,"Q3",FALSE,"Syndiniales","Bacillariophyceae","positive",0.6306739063918,"Syndiniales","Bacillariophyceae","Dino-Group-I-Clade-1_X_ASV_25271","Bacillariophyceae_ASV_32933","Bacillariophyceae","Q3"
"Dino-Group-I-Clade-1_X_ASV_25263","Bacillariophyceae_ASV_32933",0.53644745105746,-0.197796392177786,0.338651058879674,"Q3",FALSE,"Syndiniales","Bacillariophyceae","positive",0.53644745105746,"Syndiniales","Bacillariophyceae","Dino-Group-I-Clade-1_X_ASV_25263","Bacillariophyceae_ASV_32933","Bacillariophyceae","Q3"
"Dino-Group-I-Clade-1_X_ASV_21086","Bacillariophyceae_ASV_32933",0.658897218503305,0.188599916025656,0.470297302477648,"Q1",FALSE,"Syndiniales","Bacillariophyceae","positive",0.658897218503305,"Syndiniales","Bacillariophyceae","Dino-Group-I-Clade-1_X_ASV_21086","Bacillariophyceae_ASV_32933","Bacillariophyceae","Q1"
"Dino-Group-II-Clade-10-and-11_X_ASV_23376","Bacillariophyceae_ASV_32933",0.615986297960109,-0.0276600871800365,0.588326210780072,"Q3",FALSE,"Syndiniales","Bacillariophyceae","positive",0.615986297960109,"Syndiniales","Bacillariophyceae","Dino-Group-II-Clade-10-and-11_X_ASV_23376","Bacillariophyceae_ASV_32933","Bacillariophyceae","Q3"
"Dino-Group-I-Clade-1_X_ASV_21077","Bacillariophyceae_ASV_32933",0.556989193181309,-0.0285765835899313,0.528412609591378,"Q3",FALSE,"Syndiniales","Bacillariophyceae","positive",0.556989193181309,"Syndiniales","Bacillariophyceae","Dino-Group-I-Clade-1_X_ASV_21077","Bacillariophyceae_ASV_32933","Bacillariophyceae","Q3"
"Dino-Group-I-Clade-1_X_ASV_21086","Bacillariophyceae_ASV_8723",0.601492760071306,0.255833463655632,0.345659296415674,"Q1",FALSE,"Syndiniales","Bacillariophyceae","positive",0.601492760071306,"Syndiniales","Bacillariophyceae","Dino-Group-I-Clade-1_X_ASV_21086","Bacillariophyceae_ASV_8723","Bacillariophyceae","Q1"
"Dino-Group-II-Clade-10-and-11_X_ASV_23376","Bacillariophyceae_ASV_8723",0.572222620302511,0.0766043865541765,0.495618233748335,"Q1",FALSE,"Syndiniales","Bacillariophyceae","positive",0.572222620302511,"Syndiniales","Bacillariophyceae","Dino-Group-II-Clade-10-and-11_X_ASV_23376","Bacillariophyceae_ASV_8723","Bacillariophyceae","Q1"
"Dino-Group-I-Clade-1_X_ASV_21077","Bacillariophyceae_ASV_8723",0.536186008690211,0.371372366130532,0.164813642559679,"Q1",FALSE,"Syndiniales","Bacillariophyceae","positive",0.536186008690211,"Syndiniales","Bacillariophyceae","Dino-Group-I-Clade-1_X_ASV_21077","Bacillariophyceae_ASV_8723","Bacillariophyceae","Q1"
"Dino-Group-I-Clade-1_X_ASV_25271","Arcocellulus_ASV_11592",0.538788930761501,-0.154536831313257,0.384252099448244,"Q3",FALSE,"Syndiniales","Mediophyceae","positive",0.538788930761501,"Syndiniales","Mediophyceae","Dino-Group-I-Clade-1_X_ASV_25271","Arcocellulus_ASV_11592","Mediophyceae","Q3"
"Dino-Group-I-Clade-1_X_ASV_21086","Arcocellulus_ASV_11592",0.695013172344848,0.23071767938422,0.464295492960628,"Q1",FALSE,"Syndiniales","Mediophyceae","positive",0.695013172344848,"Syndiniales","Mediophyceae","Dino-Group-I-Clade-1_X_ASV_21086","Arcocellulus_ASV_11592","Mediophyceae","Q1"
"Dino-Group-II-Clade-10-and-11_X_ASV_23376","Arcocellulus_ASV_11592",0.656737414370392,-0.147278364048091,0.509459050322301,"Q3",FALSE,"Syndiniales","Mediophyceae","positive",0.656737414370392,"Syndiniales","Mediophyceae","Dino-Group-II-Clade-10-and-11_X_ASV_23376","Arcocellulus_ASV_11592","Mediophyceae","Q3"
"Dino-Group-I-Clade-1_X_ASV_21077","Arcocellulus_ASV_11592",0.607080997203532,-0.358474438996996,0.248606558206536,"Q3",FALSE,"Syndiniales","Mediophyceae","positive",0.607080997203532,"Syndiniales","Mediophyceae","Dino-Group-I-Clade-1_X_ASV_21077","Arcocellulus_ASV_11592","Mediophyceae","Q3"
"Dino-Group-I-Clade-1_X_ASV_25271","Bacillariophyceae_ASV_9972",0.661454531330798,-0.329769196273424,0.331685335057374,"Q3",FALSE,"Syndiniales","Bacillariophyceae","positive",0.661454531330798,"Syndiniales","Bacillariophyceae","Dino-Group-I-Clade-1_X_ASV_25271","Bacillariophyceae_ASV_9972","Bacillariophyceae","Q3"
"Dino-Group-I-Clade-1_X_ASV_25263","Bacillariophyceae_ASV_9972",0.56048998400357,-0.0834354464230784,0.477054537580492,"Q3",FALSE,"Syndiniales","Bacillariophyceae","positive",0.56048998400357,"Syndiniales","Bacillariophyceae","Dino-Group-I-Clade-1_X_ASV_25263","Bacillariophyceae_ASV_9972","Bacillariophyceae","Q3"
"Dino-Group-I-Clade-1_X_ASV_21086","Bacillariophyceae_ASV_9972",0.731751272426017,0.342115372461062,0.389635899964955,"Q1",FALSE,"Syndiniales","Bacillariophyceae","positive",0.731751272426017,"Syndiniales","Bacillariophyceae","Dino-Group-I-Clade-1_X_ASV_21086","Bacillariophyceae_ASV_9972","Bacillariophyceae","Q1"
"Dino-Group-II-Clade-10-and-11_X_ASV_23376","Bacillariophyceae_ASV_9972",0.686248046045307,0.0137694132895751,0.672478632755732,"Q1",FALSE,"Syndiniales","Bacillariophyceae","positive",0.686248046045307,"Syndiniales","Bacillariophyceae","Dino-Group-II-Clade-10-and-11_X_ASV_23376","Bacillariophyceae_ASV_9972","Bacillariophyceae","Q1"
"Dino-Group-I-Clade-1_X_ASV_21077","Bacillariophyceae_ASV_9972",0.624601084849618,0.319740307937459,0.30486077691216,"Q1",FALSE,"Syndiniales","Bacillariophyceae","positive",0.624601084849618,"Syndiniales","Bacillariophyceae","Dino-Group-I-Clade-1_X_ASV_21077","Bacillariophyceae_ASV_9972","Bacillariophyceae","Q1"
"Dino-Group-I-Clade-1_X_ASV_25271","Pleurosigma_ASV_10236",0.553129336193528,-0.355113176772797,0.198016159420731,"Q3",FALSE,"Syndiniales","Bacillariophyceae","positive",0.553129336193528,"Syndiniales","Bacillariophyceae","Dino-Group-I-Clade-1_X_ASV_25271","Pleurosigma_ASV_10236","Bacillariophyceae","Q3"
"Dino-Group-I-Clade-1_X_ASV_21086","Pleurosigma_ASV_10236",0.54403201932972,0.164781399119393,0.379250620210327,"Q1",FALSE,"Syndiniales","Bacillariophyceae","positive",0.54403201932972,"Syndiniales","Bacillariophyceae","Dino-Group-I-Clade-1_X_ASV_21086","Pleurosigma_ASV_10236","Bacillariophyceae","Q1"
"Dino-Group-II-Clade-10-and-11_X_ASV_23376","Pleurosigma_ASV_10236",0.506811444510395,-0.0180432822015899,0.488768162308805,"Q3",FALSE,"Syndiniales","Bacillariophyceae","positive",0.506811444510395,"Syndiniales","Bacillariophyceae","Dino-Group-II-Clade-10-and-11_X_ASV_23376","Pleurosigma_ASV_10236","Bacillariophyceae","Q3"
"Dino-Group-I-Clade-1_X_ASV_21086","Haslea_ASV_9240",0.633663644336104,-0.0637898105694832,0.56987383376662,"Q3",FALSE,"Syndiniales","Bacillariophyceae","positive",0.633663644336104,"Syndiniales","Bacillariophyceae","Dino-Group-I-Clade-1_X_ASV_21086","Haslea_ASV_9240","Bacillariophyceae","Q3"
"Dino-Group-II-Clade-10-and-11_X_ASV_23376","Haslea_ASV_9240",0.599807896258051,-0.152613505016329,0.447194391241722,"Q3",FALSE,"Syndiniales","Bacillariophyceae","positive",0.599807896258051,"Syndiniales","Bacillariophyceae","Dino-Group-II-Clade-10-and-11_X_ASV_23376","Haslea_ASV_9240","Bacillariophyceae","Q3"
"Dino-Group-I-Clade-1_X_ASV_21077","Haslea_ASV_9240",0.556408790036985,0.168364009822264,0.388044780214721,"Q1",FALSE,"Syndiniales","Bacillariophyceae","positive",0.556408790036985,"Syndiniales","Bacillariophyceae","Dino-Group-I-Clade-1_X_ASV_21077","Haslea_ASV_9240","Bacillariophyceae","Q1"
"Dino-Group-I-Clade-1_X_ASV_25271","Pleurosigma_ASV_10260",0.699002712715019,-0.627439871290806,0.0715628414242125,"Q3",FALSE,"Syndiniales","Bacillariophyceae","positive",0.699002712715019,"Syndiniales","Bacillariophyceae","Dino-Group-I-Clade-1_X_ASV_25271","Pleurosigma_ASV_10260","Bacillariophyceae","Q3"
"Dino-Group-I-Clade-1_X_ASV_25263","Pleurosigma_ASV_10260",0.596334696518811,-0.524555372023975,0.0717793244948358,"Q3",FALSE,"Syndiniales","Bacillariophyceae","positive",0.596334696518811,"Syndiniales","Bacillariophyceae","Dino-Group-I-Clade-1_X_ASV_25263","Pleurosigma_ASV_10260","Bacillariophyceae","Q3"
"Dino-Group-I-Clade-1_X_ASV_21086","Pleurosigma_ASV_10260",0.69666657789569,0.0831146970818293,0.613551880813861,"Q1",FALSE,"Syndiniales","Bacillariophyceae","positive",0.69666657789569,"Syndiniales","Bacillariophyceae","Dino-Group-I-Clade-1_X_ASV_21086","Pleurosigma_ASV_10260","Bacillariophyceae","Q1"
"Dino-Group-II-Clade-10-and-11_X_ASV_23376","Pleurosigma_ASV_10260",0.649517955436837,-0.199827438114835,0.449690517322002,"Q3",FALSE,"Syndiniales","Bacillariophyceae","positive",0.649517955436837,"Syndiniales","Bacillariophyceae","Dino-Group-II-Clade-10-and-11_X_ASV_23376","Pleurosigma_ASV_10260","Bacillariophyceae","Q3"
"Dino-Group-I-Clade-1_X_ASV_21077","Pleurosigma_ASV_10260",0.58393933179553,0.186487579162524,0.397451752633005,"Q1",FALSE,"Syndiniales","Bacillariophyceae","positive",0.58393933179553,"Syndiniales","Bacillariophyceae","Dino-Group-I-Clade-1_X_ASV_21077","Pleurosigma_ASV_10260","Bacillariophyceae","Q1"
"Dino-Group-I-Clade-1_X_ASV_21086","Bacillariophyceae_ASV_9977",0.56765630619753,0.155396239902381,0.412260066295149,"Q1",FALSE,"Syndiniales","Bacillariophyceae","positive",0.56765630619753,"Syndiniales","Bacillariophyceae","Dino-Group-I-Clade-1_X_ASV_21086","Bacillariophyceae_ASV_9977","Bacillariophyceae","Q1"
"Dino-Group-II-Clade-10-and-11_X_ASV_23376","Bacillariophyceae_ASV_9977",0.534800554613665,-0.15306628403186,0.381734270581804,"Q3",FALSE,"Syndiniales","Bacillariophyceae","positive",0.534800554613665,"Syndiniales","Bacillariophyceae","Dino-Group-II-Clade-10-and-11_X_ASV_23376","Bacillariophyceae_ASV_9977","Bacillariophyceae","Q3"
"Dino-Group-I-Clade-1_X_ASV_25271","Bacillariophyceae_ASV_11568",0.568973328830546,-0.301466482265966,0.26750684656458,"Q3",FALSE,"Syndiniales","Bacillariophyceae","positive",0.568973328830546,"Syndiniales","Bacillariophyceae","Dino-Group-I-Clade-1_X_ASV_25271","Bacillariophyceae_ASV_11568","Bacillariophyceae","Q3"
"Dino-Group-I-Clade-1_X_ASV_21086","Bacillariophyceae_ASV_11568",0.697223897487581,0.0956285219682252,0.601595375519356,"Q1",FALSE,"Syndiniales","Bacillariophyceae","positive",0.697223897487581,"Syndiniales","Bacillariophyceae","Dino-Group-I-Clade-1_X_ASV_21086","Bacillariophyceae_ASV_11568","Bacillariophyceae","Q1"
"Dino-Group-II-Clade-10-and-11_X_ASV_23376","Bacillariophyceae_ASV_11568",0.657253244234006,-0.221558694945628,0.435694549288379,"Q3",FALSE,"Syndiniales","Bacillariophyceae","positive",0.657253244234006,"Syndiniales","Bacillariophyceae","Dino-Group-II-Clade-10-and-11_X_ASV_23376","Bacillariophyceae_ASV_11568","Bacillariophyceae","Q3"
"Dino-Group-I-Clade-1_X_ASV_21077","Bacillariophyceae_ASV_11568",0.604607784150372,-0.109058448492921,0.49554933565745,"Q3",FALSE,"Syndiniales","Bacillariophyceae","positive",0.604607784150372,"Syndiniales","Bacillariophyceae","Dino-Group-I-Clade-1_X_ASV_21077","Bacillariophyceae_ASV_11568","Bacillariophyceae","Q3"
"Navicula_ASV_10078","Dino-Group-I-Clade-1_X_ASV_20870",0.688833482181735,0.542440713197406,0.146392768984329,"Q1",FALSE,"Bacillariophyceae","Syndiniales","positive",0.688833482181735,"Bacillariophyceae","Syndiniales","Dino-Group-I-Clade-1_X_ASV_20870","Navicula_ASV_10078","Bacillariophyceae","Q1"
"Navicula_ASV_10098","Dino-Group-I-Clade-1_X_ASV_20870",0.584976079026263,0.472122120770475,0.112853958255788,"Q1",FALSE,"Bacillariophyceae","Syndiniales","positive",0.584976079026263,"Bacillariophyceae","Syndiniales","Dino-Group-I-Clade-1_X_ASV_20870","Navicula_ASV_10098","Bacillariophyceae","Q1"
"Mediophyceae_ASV_10516","Dino-Group-I-Clade-1_X_ASV_20870",0.664133849089806,0.638116088345273,0.0260177607445331,"Q1",FALSE,"Mediophyceae","Syndiniales","positive",0.664133849089806,"Mediophyceae","Syndiniales","Dino-Group-I-Clade-1_X_ASV_20870","Mediophyceae_ASV_10516","Mediophyceae","Q1"
"Bacillariophyceae_ASV_10175","Dino-Group-I-Clade-1_X_ASV_20870",0.557192218904909,0.668357393008521,-0.111165174103611,"Q1",FALSE,"Bacillariophyceae","Syndiniales","positive",0.557192218904909,"Bacillariophyceae","Syndiniales","Dino-Group-I-Clade-1_X_ASV_20870","Bacillariophyceae_ASV_10175","Bacillariophyceae","Q1"
"Naviculaceae_ASV_9847","Dino-Group-I-Clade-1_X_ASV_20870",0.631542419470152,0.562139422470047,0.0694029970001052,"Q1",FALSE,"Bacillariophyceae","Syndiniales","positive",0.631542419470152,"Bacillariophyceae","Syndiniales","Dino-Group-I-Clade-1_X_ASV_20870","Naviculaceae_ASV_9847","Bacillariophyceae","Q1"
"Bacillariophyceae_ASV_6651","Dino-Group-I-Clade-1_X_ASV_20870",0.547382493826974,0.332699113762467,0.214683380064506,"Q1",FALSE,"Bacillariophyceae","Syndiniales","positive",0.547382493826974,"Bacillariophyceae","Syndiniales","Dino-Group-I-Clade-1_X_ASV_20870","Bacillariophyceae_ASV_6651","Bacillariophyceae","Q1"
"Navicula_ASV_10502","Dino-Group-I-Clade-1_X_ASV_20870",0.598333738730799,0.708192178903833,-0.109858440173033,"Q1",FALSE,"Bacillariophyceae","Syndiniales","positive",0.598333738730799,"Bacillariophyceae","Syndiniales","Dino-Group-I-Clade-1_X_ASV_20870","Navicula_ASV_10502","Bacillariophyceae","Q1"
"Bacillariophyceae_ASV_9867","Dino-Group-I-Clade-1_X_ASV_20870",0.627511480974712,0.110429087289468,0.517082393685244,"Q1",FALSE,"Bacillariophyceae","Syndiniales","positive",0.627511480974712,"Bacillariophyceae","Syndiniales","Dino-Group-I-Clade-1_X_ASV_20870","Bacillariophyceae_ASV_9867","Bacillariophyceae","Q1"
"Bacillariaceae_ASV_10168","Dino-Group-I-Clade-1_X_ASV_20870",0.572576852208347,0.462775973620112,0.109800878588235,"Q1",FALSE,"Bacillariophyceae","Syndiniales","positive",0.572576852208347,"Bacillariophyceae","Syndiniales","Dino-Group-I-Clade-1_X_ASV_20870","Bacillariaceae_ASV_10168","Bacillariophyceae","Q1"
"Mediophyceae_ASV_9615","Dino-Group-I-Clade-1_X_ASV_20870",0.52941181547239,-0.411896713425353,0.117515102047037,"Q3",FALSE,"Mediophyceae","Syndiniales","positive",0.52941181547239,"Mediophyceae","Syndiniales","Dino-Group-I-Clade-1_X_ASV_20870","Mediophyceae_ASV_9615","Mediophyceae","Q3"
"Naviculaceae_ASV_9674","Dino-Group-I-Clade-1_X_ASV_20870",0.527644279600719,0.674768072751366,-0.147123793150647,"Q1",FALSE,"Bacillariophyceae","Syndiniales","positive",0.527644279600719,"Bacillariophyceae","Syndiniales","Dino-Group-I-Clade-1_X_ASV_20870","Naviculaceae_ASV_9674","Bacillariophyceae","Q1"
"Navicula_ASV_10118","Dino-Group-I-Clade-1_X_ASV_20870",0.506550329435051,0.587127966426672,-0.080577636991621,"Q1",FALSE,"Bacillariophyceae","Syndiniales","positive",0.506550329435051,"Bacillariophyceae","Syndiniales","Dino-Group-I-Clade-1_X_ASV_20870","Navicula_ASV_10118","Bacillariophyceae","Q1"
"Craticula_ASV_10145","Dino-Group-I-Clade-1_X_ASV_20870",0.586995263457213,-0.152700294090638,0.434294969366576,"Q3",FALSE,"Bacillariophyceae","Syndiniales","positive",0.586995263457213,"Bacillariophyceae","Syndiniales","Dino-Group-I-Clade-1_X_ASV_20870","Craticula_ASV_10145","Bacillariophyceae","Q3"
"Amphora_ASV_11507","Dino-Group-I-Clade-1_X_ASV_20870",0.555030714409426,0.306193040601441,0.248837673807984,"Q1",FALSE,"Bacillariophyceae","Syndiniales","positive",0.555030714409426,"Bacillariophyceae","Syndiniales","Dino-Group-I-Clade-1_X_ASV_20870","Amphora_ASV_11507","Bacillariophyceae","Q1"
"Cymbella_ASV_11535","Dino-Group-I-Clade-1_X_ASV_20870",0.605858477241696,0.00307312789289958,0.602785349348796,"Q1",FALSE,"Bacillariophyceae","Syndiniales","positive",0.605858477241696,"Bacillariophyceae","Syndiniales","Dino-Group-I-Clade-1_X_ASV_20870","Cymbella_ASV_11535","Bacillariophyceae","Q1"
"Fragilariaceae_ASV_10037","Dino-Group-I-Clade-1_X_ASV_20870",0.630433990582714,0.206175781695912,0.424258208886802,"Q1",FALSE,"Bacillariophyceae","Syndiniales","positive",0.630433990582714,"Bacillariophyceae","Syndiniales","Dino-Group-I-Clade-1_X_ASV_20870","Fragilariaceae_ASV_10037","Bacillariophyceae","Q1"
"Pleurosigma_ASV_10232","Dino-Group-I-Clade-1_X_ASV_20870",0.582711686314623,-0.260220577625713,0.322491108688911,"Q3",FALSE,"Bacillariophyceae","Syndiniales","positive",0.582711686314623,"Bacillariophyceae","Syndiniales","Dino-Group-I-Clade-1_X_ASV_20870","Pleurosigma_ASV_10232","Bacillariophyceae","Q3"
"Bacillariophyceae_ASV_9918","Dino-Group-I-Clade-1_X_ASV_20870",0.584333439988089,0.0740353283905063,0.510298111597582,"Q1",FALSE,"Bacillariophyceae","Syndiniales","positive",0.584333439988089,"Bacillariophyceae","Syndiniales","Dino-Group-I-Clade-1_X_ASV_20870","Bacillariophyceae_ASV_9918","Bacillariophyceae","Q1"
"Bacillariophyceae_ASV_32933","Dino-Group-I-Clade-1_X_ASV_20870",0.573297304940661,0.225239577737949,0.348057727202712,"Q1",FALSE,"Bacillariophyceae","Syndiniales","positive",0.573297304940661,"Bacillariophyceae","Syndiniales","Dino-Group-I-Clade-1_X_ASV_20870","Bacillariophyceae_ASV_32933","Bacillariophyceae","Q1"
"Bacillariophyceae_ASV_8723","Dino-Group-I-Clade-1_X_ASV_20870",0.546203315146634,0.654453691158422,-0.108250376011789,"Q1",FALSE,"Bacillariophyceae","Syndiniales","positive",0.546203315146634,"Bacillariophyceae","Syndiniales","Dino-Group-I-Clade-1_X_ASV_20870","Bacillariophyceae_ASV_8723","Bacillariophyceae","Q1"
"Arcocellulus_ASV_11592","Dino-Group-I-Clade-1_X_ASV_20870",0.620846639583659,-6.89278406446247e-06,0.620839746799595,"Q3",FALSE,"Mediophyceae","Syndiniales","positive",0.620846639583659,"Mediophyceae","Syndiniales","Dino-Group-I-Clade-1_X_ASV_20870","Arcocellulus_ASV_11592","Mediophyceae","Q3"
"Bacillariophyceae_ASV_9972","Dino-Group-I-Clade-1_X_ASV_20870",0.641653844759939,0.616610418513913,0.025043426246026,"Q1",FALSE,"Bacillariophyceae","Syndiniales","positive",0.641653844759939,"Bacillariophyceae","Syndiniales","Dino-Group-I-Clade-1_X_ASV_20870","Bacillariophyceae_ASV_9972","Bacillariophyceae","Q1"
"Haslea_ASV_9240","Dino-Group-I-Clade-1_X_ASV_20870",0.568447173121503,0.370655484901007,0.197791688220496,"Q1",FALSE,"Bacillariophyceae","Syndiniales","positive",0.568447173121503,"Bacillariophyceae","Syndiniales","Dino-Group-I-Clade-1_X_ASV_20870","Haslea_ASV_9240","Bacillariophyceae","Q1"
"Pleurosigma_ASV_10260","Dino-Group-I-Clade-1_X_ASV_20870",0.602056669504501,0.628148727671657,-0.0260920581671554,"Q1",FALSE,"Bacillariophyceae","Syndiniales","positive",0.602056669504501,"Bacillariophyceae","Syndiniales","Dino-Group-I-Clade-1_X_ASV_20870","Pleurosigma_ASV_10260","Bacillariophyceae","Q1"
"Bacillariophyceae_ASV_9977","Dino-Group-I-Clade-1_X_ASV_20870",0.503402133569583,0.483054511017876,0.0203476225517071,"Q1",FALSE,"Bacillariophyceae","Syndiniales","positive",0.503402133569583,"Bacillariophyceae","Syndiniales","Dino-Group-I-Clade-1_X_ASV_20870","Bacillariophyceae_ASV_9977","Bacillariophyceae","Q1"
"Bacillariophyceae_ASV_11568","Dino-Group-I-Clade-1_X_ASV_20870",0.619190895863992,0.226146117250915,0.393044778613077,"Q1",FALSE,"Bacillariophyceae","Syndiniales","positive",0.619190895863992,"Bacillariophyceae","Syndiniales","Dino-Group-I-Clade-1_X_ASV_20870","Bacillariophyceae_ASV_11568","Bacillariophyceae","Q1"
"Dino-Group-I-Clade-1_X_ASV_25271","Bacillariophyceae_ASV_10151",0.55771836159398,0.0651922467908772,0.492526114803103,"Q1",FALSE,"Syndiniales","Bacillariophyceae","positive",0.55771836159398,"Syndiniales","Bacillariophyceae","Dino-Group-I-Clade-1_X_ASV_25271","Bacillariophyceae_ASV_10151","Bacillariophyceae","Q1"
"Dino-Group-I-Clade-1_X_ASV_21086","Bacillariophyceae_ASV_10151",0.613374480325379,-0.258717371117479,0.3546571092079,"Q3",FALSE,"Syndiniales","Bacillariophyceae","positive",0.613374480325379,"Syndiniales","Bacillariophyceae","Dino-Group-I-Clade-1_X_ASV_21086","Bacillariophyceae_ASV_10151","Bacillariophyceae","Q3"
"Dino-Group-II-Clade-10-and-11_X_ASV_23376","Bacillariophyceae_ASV_10151",0.575051791172047,-0.142174602124282,0.432877189047765,"Q3",FALSE,"Syndiniales","Bacillariophyceae","positive",0.575051791172047,"Syndiniales","Bacillariophyceae","Dino-Group-II-Clade-10-and-11_X_ASV_23376","Bacillariophyceae_ASV_10151","Bacillariophyceae","Q3"
"Dino-Group-I-Clade-1_X_ASV_21077","Bacillariophyceae_ASV_10151",0.523052550344134,-0.291290318224272,0.231762232119862,"Q3",FALSE,"Syndiniales","Bacillariophyceae","positive",0.523052550344134,"Syndiniales","Bacillariophyceae","Dino-Group-I-Clade-1_X_ASV_21077","Bacillariophyceae_ASV_10151","Bacillariophyceae","Q3"
"Dino-Group-I-Clade-1_X_ASV_20870","Bacillariophyceae_ASV_10151",0.537435476096994,-0.193747212157243,0.343688263939751,"Q3",FALSE,"Syndiniales","Bacillariophyceae","positive",0.537435476096994,"Syndiniales","Bacillariophyceae","Dino-Group-I-Clade-1_X_ASV_20870","Bacillariophyceae_ASV_10151","Bacillariophyceae","Q3"
"Dino-Group-I-Clade-1_X_ASV_25271","Bacillariaceae_ASV_10197",0.59698928457266,-0.388938540342299,0.208050744230361,"Q3",FALSE,"Syndiniales","Bacillariophyceae","positive",0.59698928457266,"Syndiniales","Bacillariophyceae","Dino-Group-I-Clade-1_X_ASV_25271","Bacillariaceae_ASV_10197","Bacillariophyceae","Q3"
"Dino-Group-I-Clade-1_X_ASV_25263","Bacillariaceae_ASV_10197",0.510151288763762,-0.174925870250987,0.335225418512775,"Q3",FALSE,"Syndiniales","Bacillariophyceae","positive",0.510151288763762,"Syndiniales","Bacillariophyceae","Dino-Group-I-Clade-1_X_ASV_25263","Bacillariaceae_ASV_10197","Bacillariophyceae","Q3"
"Dino-Group-I-Clade-1_X_ASV_21086","Bacillariaceae_ASV_10197",0.578890824184046,0.40458773559895,0.174303088585096,"Q1",FALSE,"Syndiniales","Bacillariophyceae","positive",0.578890824184046,"Syndiniales","Bacillariophyceae","Dino-Group-I-Clade-1_X_ASV_21086","Bacillariaceae_ASV_10197","Bacillariophyceae","Q1"
"Dino-Group-II-Clade-10-and-11_X_ASV_23376","Bacillariaceae_ASV_10197",0.538820193722762,0.163548924441872,0.37527126928089,"Q1",FALSE,"Syndiniales","Bacillariophyceae","positive",0.538820193722762,"Syndiniales","Bacillariophyceae","Dino-Group-II-Clade-10-and-11_X_ASV_23376","Bacillariaceae_ASV_10197","Bacillariophyceae","Q1"
"Dino-Group-I-Clade-1_X_ASV_21086","Chaetoceros_ASV_11054",0.703915099047522,0.220372115209703,0.483542983837819,"Q1",FALSE,"Syndiniales","Mediophyceae","positive",0.703915099047522,"Syndiniales","Mediophyceae","Dino-Group-I-Clade-1_X_ASV_21086","Chaetoceros_ASV_11054","Mediophyceae","Q1"
"Dino-Group-II-Clade-10-and-11_X_ASV_23376","Chaetoceros_ASV_11054",0.668479738810823,-0.0154549021202433,0.65302483669058,"Q3",FALSE,"Syndiniales","Mediophyceae","positive",0.668479738810823,"Syndiniales","Mediophyceae","Dino-Group-II-Clade-10-and-11_X_ASV_23376","Chaetoceros_ASV_11054","Mediophyceae","Q3"
"Dino-Group-I-Clade-1_X_ASV_21077","Chaetoceros_ASV_11054",0.624181262754535,-0.0550042917228208,0.569176971031714,"Q3",FALSE,"Syndiniales","Mediophyceae","positive",0.624181262754535,"Syndiniales","Mediophyceae","Dino-Group-I-Clade-1_X_ASV_21077","Chaetoceros_ASV_11054","Mediophyceae","Q3"
"Dino-Group-I-Clade-1_X_ASV_20870","Chaetoceros_ASV_11054",0.636485187847962,0.246709587977315,0.389775599870647,"Q1",FALSE,"Syndiniales","Mediophyceae","positive",0.636485187847962,"Syndiniales","Mediophyceae","Dino-Group-I-Clade-1_X_ASV_20870","Chaetoceros_ASV_11054","Mediophyceae","Q1"
"Dino-Group-I-Clade-1_X_ASV_25271","Bacillariophyceae_ASV_9683",0.533733842950325,-0.441329104392324,0.0924047385580012,"Q3",FALSE,"Syndiniales","Bacillariophyceae","positive",0.533733842950325,"Syndiniales","Bacillariophyceae","Dino-Group-I-Clade-1_X_ASV_25271","Bacillariophyceae_ASV_9683","Bacillariophyceae","Q3"
"Dino-Group-I-Clade-1_X_ASV_21086","Bacillariophyceae_ASV_9683",0.635842781334597,0.026979530450252,0.608863250884345,"Q1",FALSE,"Syndiniales","Bacillariophyceae","positive",0.635842781334597,"Syndiniales","Bacillariophyceae","Dino-Group-I-Clade-1_X_ASV_21086","Bacillariophyceae_ASV_9683","Bacillariophyceae","Q1"
"Dino-Group-II-Clade-10-and-11_X_ASV_23376","Bacillariophyceae_ASV_9683",0.598570413895767,-0.0691635887420258,0.529406825153741,"Q3",FALSE,"Syndiniales","Bacillariophyceae","positive",0.598570413895767,"Syndiniales","Bacillariophyceae","Dino-Group-II-Clade-10-and-11_X_ASV_23376","Bacillariophyceae_ASV_9683","Bacillariophyceae","Q3"
"Dino-Group-I-Clade-1_X_ASV_21077","Bacillariophyceae_ASV_9683",0.54908291077652,0.398757419060854,0.150325491715666,"Q1",FALSE,"Syndiniales","Bacillariophyceae","positive",0.54908291077652,"Syndiniales","Bacillariophyceae","Dino-Group-I-Clade-1_X_ASV_21077","Bacillariophyceae_ASV_9683","Bacillariophyceae","Q1"
"Dino-Group-I-Clade-1_X_ASV_20870","Bacillariophyceae_ASV_9683",0.562785747641706,0.71574816255855,-0.152962414916845,"Q1",FALSE,"Syndiniales","Bacillariophyceae","positive",0.562785747641706,"Syndiniales","Bacillariophyceae","Dino-Group-I-Clade-1_X_ASV_20870","Bacillariophyceae_ASV_9683","Bacillariophyceae","Q1"
"Dino-Group-I-Clade-1_X_ASV_25271","Bacillariophyceae_ASV_10229",0.507549540321626,-0.0809597274517167,0.426589812869909,"Q3",FALSE,"Syndiniales","Bacillariophyceae","positive",0.507549540321626,"Syndiniales","Bacillariophyceae","Dino-Group-I-Clade-1_X_ASV_25271","Bacillariophyceae_ASV_10229","Bacillariophyceae","Q3"
"Dino-Group-I-Clade-1_X_ASV_21086","Bacillariophyceae_ASV_10229",0.555304808174407,-0.057443247515934,0.497861560658473,"Q3",FALSE,"Syndiniales","Bacillariophyceae","positive",0.555304808174407,"Syndiniales","Bacillariophyceae","Dino-Group-I-Clade-1_X_ASV_21086","Bacillariophyceae_ASV_10229","Bacillariophyceae","Q3"
"Dino-Group-II-Clade-10-and-11_X_ASV_23376","Bacillariophyceae_ASV_10229",0.520464804740907,0.148213361366847,0.37225144337406,"Q1",FALSE,"Syndiniales","Bacillariophyceae","positive",0.520464804740907,"Syndiniales","Bacillariophyceae","Dino-Group-II-Clade-10-and-11_X_ASV_23376","Bacillariophyceae_ASV_10229","Bacillariophyceae","Q1"
"Dino-Group-I-Clade-1_X_ASV_21086","Navicula_ASV_9836",0.565651438794731,0.257719823453592,0.307931615341139,"Q1",FALSE,"Syndiniales","Bacillariophyceae","positive",0.565651438794731,"Syndiniales","Bacillariophyceae","Dino-Group-I-Clade-1_X_ASV_21086","Navicula_ASV_9836","Bacillariophyceae","Q1"
"Dino-Group-II-Clade-10-and-11_X_ASV_23376","Navicula_ASV_9836",0.531753226256932,0.262841899509259,0.268911326747673,"Q1",FALSE,"Syndiniales","Bacillariophyceae","positive",0.531753226256932,"Syndiniales","Bacillariophyceae","Dino-Group-II-Clade-10-and-11_X_ASV_23376","Navicula_ASV_9836","Bacillariophyceae","Q1"
"Navicula_ASV_10078","Dino-Group-I-Clade-1_X_ASV_20879",0.735122033888115,0.735726026924446,-0.000603993036330852,"Q1",FALSE,"Bacillariophyceae","Syndiniales","positive",0.735122033888115,"Bacillariophyceae","Syndiniales","Dino-Group-I-Clade-1_X_ASV_20879","Navicula_ASV_10078","Bacillariophyceae","Q1"
"Mediophyceae_ASV_10516","Dino-Group-I-Clade-1_X_ASV_20879",0.714054784575966,0.775129536216326,-0.0610747516403601,"Q1",FALSE,"Mediophyceae","Syndiniales","positive",0.714054784575966,"Mediophyceae","Syndiniales","Dino-Group-I-Clade-1_X_ASV_20879","Mediophyceae_ASV_10516","Mediophyceae","Q1"
"Bacillariophyceae_ASV_10175","Dino-Group-I-Clade-1_X_ASV_20879",0.657112079228413,0.831815264830701,-0.174703185602288,"Q1",FALSE,"Bacillariophyceae","Syndiniales","positive",0.657112079228413,"Bacillariophyceae","Syndiniales","Dino-Group-I-Clade-1_X_ASV_20879","Bacillariophyceae_ASV_10175","Bacillariophyceae","Q1"
"Naviculaceae_ASV_9847","Dino-Group-I-Clade-1_X_ASV_20879",0.608547408212523,0.779007112091715,-0.170459703879191,"Q1",FALSE,"Bacillariophyceae","Syndiniales","positive",0.608547408212523,"Bacillariophyceae","Syndiniales","Dino-Group-I-Clade-1_X_ASV_20879","Naviculaceae_ASV_9847","Bacillariophyceae","Q1"
"Bacillariophyceae_ASV_6651","Dino-Group-I-Clade-1_X_ASV_20879",0.620383959323932,0.575817636719607,0.0445663226043248,"Q1",FALSE,"Bacillariophyceae","Syndiniales","positive",0.620383959323932,"Bacillariophyceae","Syndiniales","Dino-Group-I-Clade-1_X_ASV_20879","Bacillariophyceae_ASV_6651","Bacillariophyceae","Q1"
"Navicula_ASV_10502","Dino-Group-I-Clade-1_X_ASV_20879",0.629614684851989,0.85011192171613,-0.220497236864141,"Q1",FALSE,"Bacillariophyceae","Syndiniales","positive",0.629614684851989,"Bacillariophyceae","Syndiniales","Dino-Group-I-Clade-1_X_ASV_20879","Navicula_ASV_10502","Bacillariophyceae","Q1"
"Bacillariophyceae_ASV_9867","Dino-Group-I-Clade-1_X_ASV_20879",0.652085561398336,0.367035606757203,0.285049954641133,"Q1",FALSE,"Bacillariophyceae","Syndiniales","positive",0.652085561398336,"Bacillariophyceae","Syndiniales","Dino-Group-I-Clade-1_X_ASV_20879","Bacillariophyceae_ASV_9867","Bacillariophyceae","Q1"
"Bacillariaceae_ASV_10168","Dino-Group-I-Clade-1_X_ASV_20879",0.667304349480283,0.697541764313365,-0.0302374148330817,"Q1",FALSE,"Bacillariophyceae","Syndiniales","positive",0.667304349480283,"Bacillariophyceae","Syndiniales","Dino-Group-I-Clade-1_X_ASV_20879","Bacillariaceae_ASV_10168","Bacillariophyceae","Q1"
"Mediophyceae_ASV_9615","Dino-Group-I-Clade-1_X_ASV_20879",0.582697872483063,-0.544217395814372,0.0384804766686905,"Q3",FALSE,"Mediophyceae","Syndiniales","positive",0.582697872483063,"Mediophyceae","Syndiniales","Dino-Group-I-Clade-1_X_ASV_20879","Mediophyceae_ASV_9615","Mediophyceae","Q3"
"Naviculaceae_ASV_9674","Dino-Group-I-Clade-1_X_ASV_20879",0.554868734726969,0.772961428789049,-0.21809269406208,"Q1",FALSE,"Bacillariophyceae","Syndiniales","positive",0.554868734726969,"Bacillariophyceae","Syndiniales","Dino-Group-I-Clade-1_X_ASV_20879","Naviculaceae_ASV_9674","Bacillariophyceae","Q1"
"Craticula_ASV_10145","Dino-Group-I-Clade-1_X_ASV_20879",0.697166364528268,0.104998894442421,0.592167470085847,"Q1",FALSE,"Bacillariophyceae","Syndiniales","positive",0.697166364528268,"Bacillariophyceae","Syndiniales","Dino-Group-I-Clade-1_X_ASV_20879","Craticula_ASV_10145","Bacillariophyceae","Q1"
"Cymbella_ASV_11535","Dino-Group-I-Clade-1_X_ASV_20879",0.665399998279905,0.246518359946392,0.418881638333513,"Q1",FALSE,"Bacillariophyceae","Syndiniales","positive",0.665399998279905,"Bacillariophyceae","Syndiniales","Dino-Group-I-Clade-1_X_ASV_20879","Cymbella_ASV_11535","Bacillariophyceae","Q1"
"Bacillariaceae_ASV_10164","Dino-Group-I-Clade-1_X_ASV_20879",0.566323400664931,0.753267680917482,-0.186944280252552,"Q1",FALSE,"Bacillariophyceae","Syndiniales","positive",0.566323400664931,"Bacillariophyceae","Syndiniales","Dino-Group-I-Clade-1_X_ASV_20879","Bacillariaceae_ASV_10164","Bacillariophyceae","Q1"
"Bacillariophyceae_ASV_10160","Dino-Group-I-Clade-1_X_ASV_20879",0.537777485657213,0.56247240811184,-0.0246949224546273,"Q1",FALSE,"Bacillariophyceae","Syndiniales","positive",0.537777485657213,"Bacillariophyceae","Syndiniales","Dino-Group-I-Clade-1_X_ASV_20879","Bacillariophyceae_ASV_10160","Bacillariophyceae","Q1"
"Fragilariaceae_ASV_10037","Dino-Group-I-Clade-1_X_ASV_20879",0.610385472498427,0.466101155000159,0.144284317498268,"Q1",FALSE,"Bacillariophyceae","Syndiniales","positive",0.610385472498427,"Bacillariophyceae","Syndiniales","Dino-Group-I-Clade-1_X_ASV_20879","Fragilariaceae_ASV_10037","Bacillariophyceae","Q1"
"Pleurosigma_ASV_10232","Dino-Group-I-Clade-1_X_ASV_20879",0.711275085067369,-0.0527022360047331,0.658572849062635,"Q3",FALSE,"Bacillariophyceae","Syndiniales","positive",0.711275085067369,"Bacillariophyceae","Syndiniales","Dino-Group-I-Clade-1_X_ASV_20879","Pleurosigma_ASV_10232","Bacillariophyceae","Q3"
"Bacillariophyceae_ASV_9918","Dino-Group-I-Clade-1_X_ASV_20879",0.587818917204484,0.277470988179364,0.31034792902512,"Q1",FALSE,"Bacillariophyceae","Syndiniales","positive",0.587818917204484,"Bacillariophyceae","Syndiniales","Dino-Group-I-Clade-1_X_ASV_20879","Bacillariophyceae_ASV_9918","Bacillariophyceae","Q1"
"Bacillariophyceae_ASV_32933","Dino-Group-I-Clade-1_X_ASV_20879",0.667975480813238,0.511892068261154,0.156083412552084,"Q1",FALSE,"Bacillariophyceae","Syndiniales","positive",0.667975480813238,"Bacillariophyceae","Syndiniales","Dino-Group-I-Clade-1_X_ASV_20879","Bacillariophyceae_ASV_32933","Bacillariophyceae","Q1"
"Arcocellulus_ASV_11592","Dino-Group-I-Clade-1_X_ASV_20879",0.603914106090576,0.208590835106061,0.395323270984515,"Q1",FALSE,"Mediophyceae","Syndiniales","positive",0.603914106090576,"Mediophyceae","Syndiniales","Dino-Group-I-Clade-1_X_ASV_20879","Arcocellulus_ASV_11592","Mediophyceae","Q1"
"Bacillariophyceae_ASV_9972","Dino-Group-I-Clade-1_X_ASV_20879",0.710821475054868,0.796357791639429,-0.0855363165845616,"Q1",FALSE,"Bacillariophyceae","Syndiniales","positive",0.710821475054868,"Bacillariophyceae","Syndiniales","Dino-Group-I-Clade-1_X_ASV_20879","Bacillariophyceae_ASV_9972","Bacillariophyceae","Q1"
"Pleurosigma_ASV_10236","Dino-Group-I-Clade-1_X_ASV_20879",0.577322960564569,0.579373174214994,-0.00205021365042513,"Q1",FALSE,"Bacillariophyceae","Syndiniales","positive",0.577322960564569,"Bacillariophyceae","Syndiniales","Dino-Group-I-Clade-1_X_ASV_20879","Pleurosigma_ASV_10236","Bacillariophyceae","Q1"
"Haslea_ASV_9240","Dino-Group-I-Clade-1_X_ASV_20879",0.535601495135858,0.577860375977571,-0.0422588808417131,"Q1",FALSE,"Bacillariophyceae","Syndiniales","positive",0.535601495135858,"Bacillariophyceae","Syndiniales","Dino-Group-I-Clade-1_X_ASV_20879","Haslea_ASV_9240","Bacillariophyceae","Q1"
"Pleurosigma_ASV_10260","Dino-Group-I-Clade-1_X_ASV_20879",0.731882807826988,0.741503809015194,-0.00962100118820575,"Q1",FALSE,"Bacillariophyceae","Syndiniales","positive",0.731882807826988,"Bacillariophyceae","Syndiniales","Dino-Group-I-Clade-1_X_ASV_20879","Pleurosigma_ASV_10260","Bacillariophyceae","Q1"
"Bacillariophyceae_ASV_9977","Dino-Group-I-Clade-1_X_ASV_20879",0.516214576765323,0.69304304546594,-0.176828468700616,"Q1",FALSE,"Bacillariophyceae","Syndiniales","positive",0.516214576765323,"Bacillariophyceae","Syndiniales","Dino-Group-I-Clade-1_X_ASV_20879","Bacillariophyceae_ASV_9977","Bacillariophyceae","Q1"
"Bacillariophyceae_ASV_11568","Dino-Group-I-Clade-1_X_ASV_20879",0.628501618171686,0.452306828627148,0.176194789544538,"Q1",FALSE,"Bacillariophyceae","Syndiniales","positive",0.628501618171686,"Bacillariophyceae","Syndiniales","Dino-Group-I-Clade-1_X_ASV_20879","Bacillariophyceae_ASV_11568","Bacillariophyceae","Q1"
"Bacillariophyceae_ASV_10151","Dino-Group-I-Clade-1_X_ASV_20879",0.598432784758838,0.0901040292286659,0.508328755530172,"Q1",FALSE,"Bacillariophyceae","Syndiniales","positive",0.598432784758838,"Bacillariophyceae","Syndiniales","Dino-Group-I-Clade-1_X_ASV_20879","Bacillariophyceae_ASV_10151","Bacillariophyceae","Q1"
"Bacillariaceae_ASV_10197","Dino-Group-I-Clade-1_X_ASV_20879",0.621016965484038,0.796809050363798,-0.17579208487976,"Q1",FALSE,"Bacillariophyceae","Syndiniales","positive",0.621016965484038,"Bacillariophyceae","Syndiniales","Dino-Group-I-Clade-1_X_ASV_20879","Bacillariaceae_ASV_10197","Bacillariophyceae","Q1"
"Chaetoceros_ASV_11054","Dino-Group-I-Clade-1_X_ASV_20879",0.563659870569561,0.479271884128158,0.0843879864414024,"Q1",FALSE,"Mediophyceae","Syndiniales","positive",0.563659870569561,"Mediophyceae","Syndiniales","Dino-Group-I-Clade-1_X_ASV_20879","Chaetoceros_ASV_11054","Mediophyceae","Q1"
"Bacillariophyceae_ASV_9683","Dino-Group-I-Clade-1_X_ASV_20879",0.584993955581661,0.767525655168179,-0.182531699586518,"Q1",FALSE,"Bacillariophyceae","Syndiniales","positive",0.584993955581661,"Bacillariophyceae","Syndiniales","Dino-Group-I-Clade-1_X_ASV_20879","Bacillariophyceae_ASV_9683","Bacillariophyceae","Q1"
"Bacillariophyceae_ASV_10229","Dino-Group-I-Clade-1_X_ASV_20879",0.54387291833307,0.577646627188306,-0.0337737088552358,"Q1",FALSE,"Bacillariophyceae","Syndiniales","positive",0.54387291833307,"Bacillariophyceae","Syndiniales","Dino-Group-I-Clade-1_X_ASV_20879","Bacillariophyceae_ASV_10229","Bacillariophyceae","Q1"
"Navicula_ASV_9836","Dino-Group-I-Clade-1_X_ASV_20879",0.531083581031394,0.521666159211209,0.00941742182018523,"Q1",FALSE,"Bacillariophyceae","Syndiniales","positive",0.531083581031394,"Bacillariophyceae","Syndiniales","Dino-Group-I-Clade-1_X_ASV_20879","Navicula_ASV_9836","Bacillariophyceae","Q1"
"Dino-Group-I-Clade-1_X_ASV_25271","Bacillariophyceae_ASV_9843",0.53094849603272,-0.241187669183848,0.289760826848871,"Q3",FALSE,"Syndiniales","Bacillariophyceae","positive",0.53094849603272,"Syndiniales","Bacillariophyceae","Dino-Group-I-Clade-1_X_ASV_25271","Bacillariophyceae_ASV_9843","Bacillariophyceae","Q3"
"Dino-Group-I-Clade-1_X_ASV_21086","Bacillariophyceae_ASV_9843",0.669551218710838,0.11473274129259,0.554818477418249,"Q1",FALSE,"Syndiniales","Bacillariophyceae","positive",0.669551218710838,"Syndiniales","Bacillariophyceae","Dino-Group-I-Clade-1_X_ASV_21086","Bacillariophyceae_ASV_9843","Bacillariophyceae","Q1"
"Dino-Group-II-Clade-10-and-11_X_ASV_23376","Bacillariophyceae_ASV_9843",0.632020264103458,0.172568661247987,0.459451602855471,"Q1",FALSE,"Syndiniales","Bacillariophyceae","positive",0.632020264103458,"Syndiniales","Bacillariophyceae","Dino-Group-II-Clade-10-and-11_X_ASV_23376","Bacillariophyceae_ASV_9843","Bacillariophyceae","Q1"
"Dino-Group-I-Clade-1_X_ASV_21077","Bacillariophyceae_ASV_9843",0.582999871450967,0.511085040302531,0.0719148311484362,"Q1",FALSE,"Syndiniales","Bacillariophyceae","positive",0.582999871450967,"Syndiniales","Bacillariophyceae","Dino-Group-I-Clade-1_X_ASV_21077","Bacillariophyceae_ASV_9843","Bacillariophyceae","Q1"
"Dino-Group-I-Clade-1_X_ASV_20870","Bacillariophyceae_ASV_9843",0.596584538240299,0.647134709457637,-0.0505501712173387,"Q1",FALSE,"Syndiniales","Bacillariophyceae","positive",0.596584538240299,"Syndiniales","Bacillariophyceae","Dino-Group-I-Clade-1_X_ASV_20870","Bacillariophyceae_ASV_9843","Bacillariophyceae","Q1"
"Dino-Group-I-Clade-1_X_ASV_20879","Bacillariophyceae_ASV_9843",0.591262218070028,0.705125736665811,-0.113863518595784,"Q1",FALSE,"Syndiniales","Bacillariophyceae","positive",0.591262218070028,"Syndiniales","Bacillariophyceae","Dino-Group-I-Clade-1_X_ASV_20879","Bacillariophyceae_ASV_9843","Bacillariophyceae","Q1"
