"method","cycling_group","otu","max_rep_count","pos_mean_reads","env_mean_reads","ratio","n_env_samples","reads_zeroed"
"nP.lulu","12_P2","GCTACTACCGATTGGATGGTTTAGTGAGGTCCTTGGATCGGCCCCGCCGGAGTCGGTAACGGCCCTGGCGGAGCGCCGAGAAGACGATCAAACTTGACTATCTAGAGGAAGTAAAAGTCGTAACAAGGTTTCC",4,9347.6,1.3,7325.01,268,342
"nP.lulu","12_P1","GCTACTACCGATTGGATGGTTTAGTGAGGTCCTTGGATCGGCCCCGCCGGAGTCGGTAACGGCCCTGGCGGAGCGCCGAGAAGACGATCAAACTTGACTATCTAGAGGAAGTAAAAGTCGTAACAAGGTTTCC",4,10584.4,1.6,6486.27,220,359
"nP.lulu","10_P1","GCTACTACCGATTGGATGGTTTAGTGAGGTCCTTGGATCGGCCCCGCCGGAGTCGGTAACGGCCCTGGCGGAGCGCCGAGAAGACGATCAAACTTGACTATCTAGAGGAAGTAAAAGTCGTAACAAGGTTTCC",4,3403.8,1,3491.03,40,39
"nP.lulu","10_P1","GCTACTACCGATTGAGCGGGTTAGTGAGACCCTCGGATTGGTCCCGGTACGGAGGTTCTCCTTCGAGCCGTGGTTGCCGAGAAGACGGTCAAACTTGCCCGCTTAGAGGAAGTAAAAGTCGTAACAAGGTTTCC",4,99.8,0.2,570,40,7
"nP.lulu","10_P1","GCTACTACCGATTGAATGGTTTAGTGAGATCTCCGGATTGGCTGCCTTGGTACCTTCACGGGTCCAACGGTTTTGTCGAGAAGCTGCTCGAACTTGATCATTTAGAGGAAGTAAAAGTCGTAACAAGGTTTCC",2,1,0,Inf,40,0
"nP.lulu","10_P1","GCTACTACCGATTGAACGTTTTAGTGAGGTATTTGGATTGGATCTCTGCAGGGTTTCCCTGTCGTGTTTCCGAGAAGATTCCCAAACTTGAGCGTTTAGAGGAAGTAAAAGTCGTAACAAGGTTTCC",2,4.8,0.4,12.67,40,15
"nP.lulu","10_P1","GCTACTACCGATTGGGTGTTCCAGTGAGAGCCTTGGACTGGCAGAGCCGCCCCTCAAAGGCGGTATCATGACTGAAAGAGGTCCGAACTGGTGCACTTAGAGGAAGTAAAAGTCGTAACAAGGTTTCC",3,63.2,0,Inf,40,0
"nP.lulu","10_P1","GCTACTACCGATTGAACGTTTTAGTGAGGTATTTGGATCGGGCCTCGGGAGGGTTTCCTTCCCGTGTTGCCTGAGAAGATTCCCAAACTTGAGCGTTTAGAGGAAGTAAAAGTCGTAACAAGGTTTCC",2,3.8,0,Inf,40,0
"nP.lulu","10_P1","GCTACTACCGATTGAACGGTTTAGTGAGGTCCTCGGATTGGTCTCGGCTCGCCCTTTACTGGGCGACGCCGTTGGTCGAGAAGACGATCGAACTTGATCGTTTAGAGGAAGTAAAAGTCGTAACAAGGTTTCC",4,15.2,1,14.52,40,42
"nP.lulu","10_P1","GCTACTACCGATTGGACGGTTTAGTGAGCGCCTCGGATTGGACCCGGAACGGTCGGCAACGACCGTACCGTTGTGTGCCGAAAAGACGCGCAAACTTGACCGTCTAGAGGTCGTAAAAGTCGTAACAAGGTTTCC",3,21.5,1,20.98,40,41
"nP.lulu","10_P1","GCTACTACCGATTGAACGTTTTAGTGAGGTATTTGGATTGGACTTCGTGAGGGTTTCCCTCTCGTTTGTCCGAGAAGACTCCCAAACTTGAGCGTTTAGAGGAAGTAAAAGTCGTAACAAGGTTTCC",2,15.5,0.4,38.75,40,16
"nP.lulu","10_P1","GCTCCTACCGATTGAATGATCCGGTGAGGCCCCCGGACTGTGGCAACGCAGCTGGTTCGCCAGCCGTGATGCCGCGGGAAGCTGTCCAAACCTTATCATTTAGAGGAAGGAGAAGTCGTAACAAGGTTTCC",2,1.8,0,Inf,40,0
"nP.lulu","15_P3","GCTACTACCGATTGGATGGTTTAGTGAGGTCCTTGGATCGGCCCCGCCGGAGTCGGTAACGGCCCTGGCGGAGCGCCGAGAAGACGATCAAACTTGACTATCTAGAGGAAGTAAAAGTCGTAACAAGGTTTCC",4,12437.3,1.6,7825.71,224,356
"nP.lulu","15_P4","GCTACTACCGATTGGATGGTTTAGTGAGGTCCTTGGATCGGCCCCGCCGGAGTCGGTAACGGCCCTGGCGGAGCGCCGAGAAGACGATCAAACTTGACTATCTAGAGGAAGTAAAAGTCGTAACAAGGTTTCC",4,15381.2,0,Inf,277,0
"nP.lulu","20_P5","GCTACTACCGATTGGATGGTTTAGTGAGGTCCTTGGATCGGCCCCGCCGGAGTCGGTAACGGCCCTGGCGGAGCGCCGAGAAGACGATCAAACTTGACTATCTAGAGGAAGTAAAAGTCGTAACAAGGTTTCC",4,42748.9,5.1,8319.8,123,632
"nP.lulu","23_P5","GCTGCCCGGAACTGAACCATTTCGAGAAATGTGGGGACTGACGACTTGAGGCCTTAACGGGCTTCTTGTTGACGGAAACCGCCTTAATCGCAGTGGTTTGAACCGGGCAAAAGTCGTAACAAGGTTTCC",3,5,0,Inf,79,0
"nP.lulu","23_P5","GCTACTACCGATTGGATGGTTTAGTGAGGTCCTTGGATCGGCCCCGCCGGAGTCGGTAACGGCCCTGGCGGAGCGCCGAGAAGACGATCAAACTTGACTATCTAGAGGAAGTAAAAGTCGTAACAAGGTTTCC",4,9412.6,15.9,593.45,79,1253
"nP.lulu","26_P5","GCTACTACCGATTGAACGTTTTAGTGAGGTACTTGGACTGGACCTTTCGAGATGAAAGTCTTGAATGTTGTTCGGGAAGATTCCCAAACTTGAGCGTTTAGAGGAAGTAAAAGTCGTAACAAGGTTTCC",4,10.1,0.2,48.46,67,14
"nP.lulu","26_P5","GCTGCCCGGAACTGAACCGCTTCGAGAAGACTGGGGACTGAGCCTTTGAGGTCCTCACGGACTTTTTAGATTTGGAAACCAATTTAATCGCAGTGGTTTGAACCGGGCAAAAGTCGTAACAAGGTTTCC",3,1.6,0,Inf,67,0
"nP.lulu","26_P5","GCTACTACCGATTGGATGGTTTAGTGAGGTCCTTGGATCGGCCCCGCCGGAGTCGGTAACGGCCCTGGCGGAGCGCCGAGAAGACGATCAAACTTGACTATCTAGAGGAAGTAAAAGTCGTAACAAGGTTTCC",4,5421.6,0.2,27942.22,67,13
"nP.lulu","30_P6","GCTACTACCGATTGGATGGTTTAGTGAGGTCCTTGGATCGGCCCCGCCGGAGTCGGTAACGGCCCTGGCGGAGCGCCGAGAAGACGATCAAACTTGACTATCTAGAGGAAGTAAAAGTCGTAACAAGGTTTCC",4,13993.3,0.5,30489.54,268,123
"nP.lulu","35_P7","GCTACTACCGATTGGATGGTTTAGTGAGGTCCTTGGATCGGCCCCGCCGGAGTCGGTAACGGCCCTGGCGGAGCGCCGAGAAGACGATCAAACTTGACTATCTAGAGGAAGTAAAAGTCGTAACAAGGTTTCC",4,19497.8,7.9,2471.75,170,1341
"psP.lulu","12_P2","GCTACTACCGATTGGATGGTTTAGTGAGGTCCTTGGATCGGCCCCGCCGGAGTCGGTAACGGCCCTGGCGGAGCGCCGAGAAGACGATCAAACTTGACTATCTAGAGGAAGTAAAAGTCGTAACAAGGTTTCC",4,9205.4,1.3,6988.81,268,353
"psP.lulu","12_P2","GCTACTACCGATTGGATGGTTTAGTGAGGTCCTTGGATCGGCCCCGCCGGAGTCGGTAACGGCCCTGGCGGAGCGCCGAGAAGACGATCAAACTTGCCTATGTAGTGGAAGTAAAACTCGTAACAAGGTTTCC",4,40.2,0,10764.67,268,1
"psP.lulu","12_P2","GCTACTACCGATTGGATGGTTTAGTGAGGTCCTTGGATCGGCCACGCCGGATTCGGTAACGGCCCTGGCGGAGCGCCGAGAAGACGATCAAACTTGACTATCTAGAGAAAGTAAAAGTCGTAACAAGGTTTCC",4,10.1,0,Inf,268,0
"psP.lulu","12_P2","GCTACTACCGATTGGATGGTTTAGTGAGGTCCTTGGATCGGCCCCGCCGGAGTCGGTAACGGCCCTGGCGGAGCGCCGAGAAGACGATCAAACTTGATTATCTAGAGGAAGTAAAAGTCGTAACAAGGTTTCC",4,106.2,0,Inf,268,0
"psP.lulu","12_P1","GCTACTACCGATTGGATGGTTTAGTGAGGTCCTTGGATCGGCCCCGCCGGAGTCGGTAACGGCCCTGGCGGAGCGCCGAGAAGACGATCAAACTTGACTATCTAGAGGAAGTAAAAGTCGTAACAAGGTTTCC",4,10427.7,1.7,6133.92,220,374
"psP.lulu","12_P1","GCTACTACCGATTGGATGGTTTAGTGAGGTCCTTGGATCGGCCCCGCCGGAGTCGGTAACGGCCCTGGCGGAGCGCCGAGAAGACGATCAAACTTGCCTATGTAGTGGAAGTAAAACTCGTAACAAGGTTTCC",4,41.2,0,4528.33,220,2
"psP.lulu","12_P1","GCTACTACCGATTGGATGGTTTAGTGAGGTCCTTGGATCGGCCACGCCGGATTCGGTAACGGCCCTGGCGGAGCGCCGAGAAGACGATCAAACTTGACTATCTAGAGAAAGTAAAAGTCGTAACAAGGTTTCC",4,10.5,0,Inf,220,0
"psP.lulu","12_P1","GCTACTACCGATTGGATGGTTTAGTGAGGTCCTTGGATCGGCCCCGCCGGAGTCGGTAACGGCCCTGGCGGAGCGCCGAGAAGACGATCAAACTTGATTATCTAGAGGAAGTAAAAGTCGTAACAAGGTTTCC",4,123.3,0,27133.33,220,1
"psP.lulu","10_P1","GCTACTACCGATTGGATGGTTTAGTGAGGTCCTTGGATCGGCCCCGCCGGAGTCGGTAACGGCCCTGGCGGAGCGCCGAGAAGACGATCAAACTTGACTATCTAGAGGAAGTAAAAGTCGTAACAAGGTTTCC",4,3348.2,1.2,2849.57,40,47
"psP.lulu","10_P1","GCTACTACCGATTGGATGGTTTAGTGAGGTCCTTGGATCGGCCCCGCCGGAGTCGGTAACGGCCCTGGCGGAGCGCCGAGAAGACGATCAAACTTGCCTATGTAGTGGAAGTAAAACTCGTAACAAGGTTTCC",4,13.5,0,Inf,40,0
"psP.lulu","10_P1","GCTACTACCGATTGAGCGGGTTAGTGAGACCCTCGGATTGGTCCCGGTACGGAGGTTCTCCTTCGAGCCGTGGTTGCCGAGAAGACGGTCAAACTTGCCCGCTTAGAGGAAGTAAAAGTCGTAACAAGGTTTCC",4,99.8,0.3,306.92,40,13
"psP.lulu","10_P1","GCTACTACCGATTGAATGGTTTAGTGAGATCTCCGGATTGGCTGCCTTGGTACCTTCACGGGTCCAACGGTTTTGTCGAGAAGCTGCTCGAACTTGATCATTTAGAGGAAGTAAAAGTCGTAACAAGGTTTCC",2,1,0,20,40,2
"psP.lulu","10_P1","GCTACTATCGATTGAGCGGTTCAGTGAGAGCATCGGATCGGTCGCGGCCTGGGGTTCGCGCCCCGGCGCCCGCGCGCCGAGAAGACGTTCGAACTCGATCGCTTGGAGAAAGTAAAAGTCGTAACAAGGTTTCC",3,2,0,80,40,1
"psP.lulu","10_P1","GCTACTACCGATTGGGTGTTCCAGTGAGAGCCTTGGACTGGCAGAGCCGCCCCTCAAAGGCGGTATCATGACTGAAAGAGGTCCGAACTGGTGCACTTAGAGGAAGTAAAAGTCGTAACAAGGTTTCC",3,63,0,Inf,40,0
"psP.lulu","10_P1","GCTACTACCGATTGGATGGTTTAGTGAGGTCCTTGGATCGGCCACGCCGGATTCGGTAACGGCCCTGGCGGAGCGCCGAGAAGACGATCAAACTTGACTATCTAGAGAAAGTAAAAGTCGTAACAAGGTTTCC",3,3.2,0,Inf,40,0
"psP.lulu","10_P1","GCTACTACCGATTGAATGGTTTAGTGAGATCTTCGGATTGGCGCCATCGTGGCTTCACGGCCGTGACGGAATGCCGAAAAGTTGATCAAACTTGATCATTTAGAGGAAGTAAAAGTCGTAACAAGGTTTCC",2,2.2,0,90,40,1
"psP.lulu","10_P1","GCTACTACCGATTGAACGTTTTAGTGAGGTATTTGGATCGGGCCTCGGGAGGGTTTCCTTCCCGTGTTGCCTGAGAAGATTCCCAAACTTGAGCGTTTAGAGGAAGTAAAAGTCGTAACAAGGTTTCC",3,5.5,0.1,55,40,4
"psP.lulu","10_P1","GCTACTACCGATTGAACGGTTTAGTGAGGTCCTCGGATTGGTCTCGGCTCGCCCTTTACTGGGCGACGCCGTTGGTCGAGAAGACGATCGAACTTGATCGTTTAGAGGAAGTAAAAGTCGTAACAAGGTTTCC",4,15.2,1.1,14.19,40,43
"psP.lulu","10_P1","GCTACTACCGATTGGACGGTTTAGTGAGCGCCTCGGATTGGACCCGGAACGGTCGGCAACGACCGTACCGTTGTGTGCCGAAAAGACGCGCAAACTTGACCGTCTAGAGGTCGTAAAAGTCGTAACAAGGTTTCC",4,22.2,1,21.71,40,41
"psP.lulu","10_P1","GCTACTACCGATTGAACGTTTTAGTGAGGTATTTGGATTGGACTTCGTGAGGGTTTCCCTCTCGTTTGTCCGAGAAGACTCCCAAACTTGAGCGTTTAGAGGAAGTAAAAGTCGTAACAAGGTTTCC",2,14.2,0.9,15,40,38
"psP.lulu","10_P1","GCTACTACCGATTGAATGGCTTAGTGAGACCTCCGGATCGATGGGTTGGATCTGGCAACAGAATCGACTTGTTGAGAAGTTGGTCAAACTTGGTCATTTAGAGGAAGTAAAAGTCGTAACAAGGTAACC",2,0.5,0,Inf,40,0
"psP.lulu","10_P1","GCTAGTACCGATTGAATGGCTTAGTGAGACCTCCGGATTAGCGATCTGTCGGTGGCAACACCGTCTCATTGCCGAGAAGTTGGTCAAACTTGGTCATTTAGAGGAACTAAAAGTCGTAACAAGGTAACC",2,0.5,0,20,40,1
"psP.lulu","10_P1","GCTCCTACCGATTGAATGATCCGGTGAGGCCCCCGGACTGTGGCAACGCAGCTGGTTCGCCAGCCGTGATGCCGCGGGAAGCTGTCCAAACCTTATCATTTAGAGGAAGGAGAAGTCGTAACAAGGTTTCC",4,3,0,60,40,2
"psP.lulu","10_P1","GCTACTACCGATTGGGAAAATTTCAGAGGCTGTGGGACCGGAACTCGTGCGGCTTAACGGCCATACTTGATCTGGAAACACATCCTATGATATTTTCTTAGAGGAAGTAAAAGTCGTAACAAGGTTTCC",3,1.5,0,60,40,1
"psP.lulu","10_P1","GCTACTACCGATTGGATGGTTTAGTGAGGTCCTTGGATCGGCCCCGCCGGAGTCGGTAACGGCCCTGGCGGAGCGCCGAGAAGACGATCAAACTTGATTATCTAGAGGAAGTAAAAGTCGTAACAAGGTTTCC",4,36.5,0,Inf,40,0
"psP.lulu","15_P3","GCTACTACCGATTGGATGGTTTAGTGAGGTCCTTGGATCGGCCCCGCCGGAGTCGGTAACGGCCCTGGCGGAGCGCCGAGAAGACGATCAAACTTGACTATCTAGAGGAAGTAAAAGTCGTAACAAGGTTTCC",4,12250.8,1.6,7840.53,224,350
"psP.lulu","15_P3","GCTACTACCGATTGGATGGTTTAGTGAGGTCCTTGGATCGGCCCCGCCGGAGTCGGTAACGGCCCTGGCGGAGCGCCGAGAAGACGATCAAACTTGCCTATGTAGTGGAAGTAAAACTCGTAACAAGGTTTCC",4,50.8,0,5692.24,224,2
"psP.lulu","15_P3","GCTACTACCGATTGGATGGTTTAGTGAGGTCCTTGGATCGGCCACGCCGGATTCGGTAACGGCCCTGGCGGAGCGCCGAGAAGACGATCAAACTTGACTATCTAGAGAAAGTAAAAGTCGTAACAAGGTTTCC",4,13.8,0,Inf,224,0
"psP.lulu","15_P3","GCTACTACCGATTGGATGGTTTAGTGAGGTCCTTGGATCGGCCCCGCCGGAGTCGGTAACGGCCCTGGCGGAGCGCCGAGAAGACGATCAAACTTGATTATCTAGAGGAAGTAAAAGTCGTAACAAGGTTTCC",4,145.8,0,Inf,224,0
"psP.lulu","15_P4","GCTACTACCGATTGGATGGTTTAGTGAGGTCCTTGGATCGGCCCCGCCGGAGTCGGTAACGGCCCTGGCGGAGCGCCGAGAAGACGATCAAACTTGACTATCTAGAGGAAGTAAAAGTCGTAACAAGGTTTCC",4,15145.9,0,381401.72,277,11
"psP.lulu","15_P4","GCTACTACCGATTGGATGGTTTAGTGAGGTCCTTGGATCGGCCCCGCCGGAGTCGGTAACGGCCCTGGCGGAGCGCCGAGAAGACGATCAAACTTGCCTATGTAGTGGAAGTAAAACTCGTAACAAGGTTTCC",4,61.4,0,Inf,277,0
"psP.lulu","15_P4","GCTACTACCGATTGGATGGTTTAGTGAGGTCCTTGGATCGGCCACGCCGGATTCGGTAACGGCCCTGGCGGAGCGCCGAGAAGACGATCAAACTTGACTATCTAGAGAAAGTAAAAGTCGTAACAAGGTTTCC",4,15.2,0,Inf,277,0
"psP.lulu","15_P4","GCTACTACCGATTGGATGGTTTAGTGAGGTCCTTGGATCGGCCCCGCCGGAGTCGGTAACGGCCCTGGCGGAGCGCCGAGAAGACGATCAAACTTGATTATCTAGAGGAAGTAAAAGTCGTAACAAGGTTTCC",4,187.3,0,51891.33,277,1
"psP.lulu","20_P5","GCTACTACCGATTGGATGGTTTAGTGAGGTCCTTGGATCGGCCCCGCCGGAGTCGGTAACGGCCCTGGCGGAGCGCCGAGAAGACGATCAAACTTGACTATCTAGAGGAAGTAAAAGTCGTAACAAGGTTTCC",4,41849.8,5.1,8144.81,123,632
"psP.lulu","20_P5","GCTACTACCGATTGGATGGTTTAGTGAGGTCCTTGGATCGGCCCCGCCGGAGTCGGTAACGGCCCTGGCGGAGCGCCGAGAAGACGATCAAACTTGCCTATGTAGTGGAAGTAAAACTCGTAACAAGGTTTCC",4,170.4,0,10478.06,123,2
"psP.lulu","20_P5","GCTACTACCGATTGGATGGTTTAGTGAGGTCCTTGGATCGGCCACGCCGGATTCGGTAACGGCCCTGGCGGAGCGCCGAGAAGACGATCAAACTTGACTATCTAGAGAAAGTAAAAGTCGTAACAAGGTTTCC",4,45.5,0,2798.25,123,2
"psP.lulu","20_P5","GCTACTACCGATTGGATGGTTTAGTGAGGTCCTTGGATCGGCCCCGCCGGAGTCGGTAACGGCCCTGGCGGAGCGCCGAGAAGACGATCAAACTTGATTATCTAGAGGAAGTAAAAGTCGTAACAAGGTTTCC",4,517.6,0,Inf,123,0
"psP.lulu","23_P5","GCTGCCCGGAACTGAACCATTTCGAGAAATGTGGGGACTGACGACTTGAGGCCTTAACGGGCTTCTTGTTGACGGAAACCGCCTTAATCGCAGTGGTTTGAACCGGGCAAAAGTCGTAACAAGGTTTCC",3,4.8,0,375.25,79,1
"psP.lulu","23_P5","GCTACTACCGATTGGATGGTTTAGTGAGGTCCTTGGATCGGCCCCGCCGGAGTCGGTAACGGCCCTGGCGGAGCGCCGAGAAGACGATCAAACTTGACTATCTAGAGGAAGTAAAAGTCGTAACAAGGTTTCC",4,9264.2,15.6,594.54,79,1231
"psP.lulu","23_P5","GCTACTACCGATTGGATGGTTTAGTGAGGTCCTTGGATCGGCCCCGCCGGAGTCGGTAACGGCCCTGGCGGAGCGCCGAGAAGACGATCAAACTTGCCTATGTAGTGGAAGTAAAACTCGTAACAAGGTTTCC",4,35.2,0,928.25,79,3
"psP.lulu","23_P5","GCATCTACCGATTGAATGGAGAGGTAAAATCTCCGGACTATGACGCGTTGGGGTCAAACCTAATGCAGTCGTGGGAAGTGGATTAAACCTTTCCATTTAGAGGAAGATGAAGTCGTAACAAGGTTTCC",2,0.6,0,49.38,79,1
"psP.lulu","23_P5","GCACCTACCGATTGAATGGTCCGGTGAAATCTTTGGACTGTGGCTTTGTCTTACCCTGTAAGACGCTGTTGCGGGAAATTGATTAAACCTTACCATTTAGAGGAAGGTGAAGTCGTAACAAGGTTTCC",2,0.2,0,19.75,79,1
"psP.lulu","23_P5","GCTACTACCGATTGGATGGTTTAGTGAGGTCCTTGGATCGGCCACGCCGGATTCGGTAACGGCCCTGGCGGAGCGCCGAGAAGACGATCAAACTTGACTATCTAGAGAAAGTAAAAGTCGTAACAAGGTTTCC",4,8.9,0,Inf,79,0
"psP.lulu","23_P5","GCTGCTACCGATTGAATGTTACGGCGAACACTCTGGAGTCGTGGTCTCGTTTGGGCAACCTTACTTGACCAATGGTGAAATTGTGTAAGCCTTAACATTTAGAGGAAGCAAAAGTCGTAACAAGGTTTCC",2,0.2,0,Inf,79,0
"psP.lulu","23_P5","GCTACTACCGATTGGATGGTTTAGTGAGGTCCTTGGATCGGCCCCGCCGGAGTCGGTAACGGCCCTGGCGGAGCGCCGAGAAGACGATCAAACTTGATTATCTAGAGGAAGTAAAAGTCGTAACAAGGTTTCC",4,111.8,0,Inf,79,0
"psP.lulu","26_P5","GCTACTACCGATTGAACGTTTTAGTGAGGTACTTGGACTGGACCTTTCGAGATGAAAGTCTTGAATGTTGTTCGGGAAGATTCCCAAACTTGAGCGTTTAGAGGAAGTAAAAGTCGTAACAAGGTTTCC",4,10.2,0.3,38.15,67,18
"psP.lulu","26_P5","GCTGCCCGGAACTGAACCGCTTCGAGAAGACTGGGGACTGAGCCTTTGAGGTCCTCACGGACTTTTTAGATTTGGAAACCAATTTAATCGCAGTGGTTTGAACCGGGCAAAAGTCGTAACAAGGTTTCC",4,2.1,0,Inf,67,0
"psP.lulu","26_P5","GCTACTACCGATTGGATGGTTTAGTGAGGTCCTTGGATCGGCCCCGCCGGAGTCGGTAACGGCCCTGGCGGAGCGCCGAGAAGACGATCAAACTTGACTATCTAGAGGAAGTAAAAGTCGTAACAAGGTTTCC",4,5342.1,0.4,14913.43,67,24
"psP.lulu","26_P5","GCTACTACCGATTGGATGGTTTAGTGAGGTCCTTGGATCGGCCCCGCCGGAGTCGGTAACGGCCCTGGCGGAGCGCCGAGAAGACGATCAAACTTGCCTATGTAGTGGAAGTAAAACTCGTAACAAGGTTTCC",4,25.8,0,Inf,67,0
"psP.lulu","26_P5","GCTCCTACCGATTGAGTGATCCGGTGAATCATTCGGACTGCTACAGTGCCCAGTTTACTGAGCGTTGCAGCGGAAAGTTTCGTGAACCTTATCACTTAGAGGAAGGAGAAGTCGTAACAAGGTTTCC",2,0.2,0,Inf,67,0
"psP.lulu","26_P5","GCTACTACCGATTGGACGTTTTAGTGAGGTATTTGGACTGGAGCAGAGTCGACTCACGTCAATTCTGTTTCGGGAAGACTCCCAAACTTGAGCGTTTAGAGGAAGTAAAAGTCGTAACAAGGTTTCC",2,0.6,0,Inf,67,0
"psP.lulu","26_P5","GCTACTACCGATTGGATGGTTTAGTGAGGTCCTTGGATCGGCCACGCCGGATTCGGTAACGGCCCTGGCGGAGCGCCGAGAAGACGATCAAACTTGACTATCTAGAGAAAGTAAAAGTCGTAACAAGGTTTCC",4,3.4,0,Inf,67,0
"psP.lulu","26_P5","GCTACTACCGATTGGATGGTTTAGTGAGGTCCTTGGATCGGCCCCGCCGGAGTCGGTAACGGCCCTGGCGGAGCGCCGAGAAGACGATCAAACTTGATTATCTAGAGGAAGTAAAAGTCGTAACAAGGTTTCC",4,61.2,0,Inf,67,0
"psP.lulu","30_P6","GCTACTACCGATTGGATGGTTTAGTGAGGTCCTTGGATCGGCCCCGCCGGAGTCGGTAACGGCCCTGGCGGAGCGCCGAGAAGACGATCAAACTTGACTATCTAGAGGAAGTAAAAGTCGTAACAAGGTTTCC",4,13748.8,0.5,27093.12,268,136
"psP.lulu","30_P6","GCTACTACCGATTGGATGGTTTAGTGAGGTCCTTGGATCGGCCCCGCCGGAGTCGGTAACGGCCCTGGCGGAGCGCCGAGAAGACGATCAAACTTGCCTATGTAGTGGAAGTAAAACTCGTAACAAGGTTTCC",4,61.1,0,Inf,268,0
"psP.lulu","30_P6","GCTACTACCGATTGGATGGTTTAGTGAGGTCCTTGGATCGGCCACGCCGGATTCGGTAACGGCCCTGGCGGAGCGCCGAGAAGACGATCAAACTTGACTATCTAGAGAAAGTAAAAGTCGTAACAAGGTTTCC",4,15.5,0,Inf,268,0
"psP.lulu","30_P6","GCTACTACCGATTGGATGGTTTAGTGAGGTCCTTGGATCGGCCCCGCCGGAGTCGGTAACGGCCCTGGCGGAGCGCCGAGAAGACGATCAAACTTGATTATCTAGAGGAAGTAAAAGTCGTAACAAGGTTTCC",4,153.2,0,Inf,268,0
"psP.lulu","35_P7","GCTACTACCGATTGGATGGTTTAGTGAGGTCCTTGGATCGGCCCCGCCGGAGTCGGTAACGGCCCTGGCGGAGCGCCGAGAAGACGATCAAACTTGACTATCTAGAGGAAGTAAAAGTCGTAACAAGGTTTCC",4,19123.9,7.9,2417.14,170,1345
"psP.lulu","35_P7","GCTACTACCGATTGGATGGTTTAGTGAGGTCCTTGGATCGGCCCCGCCGGAGTCGGTAACGGCCCTGGCGGAGCGCCGAGAAGACGATCAAACTTGCCTATGTAGTGGAAGTAAAACTCGTAACAAGGTTTCC",4,93.1,0,2261.61,170,7
"psP.lulu","35_P7","GCTACTACCGATTGGATGGTTTAGTGAGGTCCTTGGATCGGCCACGCCGGATTCGGTAACGGCCCTGGCGGAGCGCCGAGAAGACGATCAAACTTGACTATCTAGAGAAAGTAAAAGTCGTAACAAGGTTTCC",4,30.2,0,Inf,170,0
"psP.lulu","35_P7","GCTACTACCGATTGGATGGTTTAGTGAGGTCCTTGGATCGGCCCCGCCGGAGTCGGTAACGGCCCTGGCGGAGCGCCGAGAAGACGATCAAACTTGATTATCTAGAGGAAGTAAAAGTCGTAACAAGGTTTCC",4,230.1,0,9780.31,170,4
"fP.lulu","12_P2","CACACCGCCCGTCGCTTTTACCGATTGAGTGTTCAGGTGAATCTTCTTGATAGTGTCAAAACTAAAAATTAAATAAACCTTAGCACTTAGAGGAAAAAGAAGTCGTAACAAGGTTTCCGTAGGTGAACCTGCAGAAGGA",3,0.8,0,17.18,268,13
"fP.lulu","12_P2","GCTACTACCGATTGGATGGTTTAGTGAGGTCCTTGGATCGGCCCCGCCGGAGTCGGTAACGGCCCTGGCGGAGCGCCGAGAAGACGATCAAACTTGCCTATGTAGTGGAAGTAAAACTCGTAACAAGGTTTCC",4,40.2,0,10764.67,268,1
"fP.lulu","12_P2","GCTACTACCGATTGGATGGTTTAGTGAGGTCCTTGGATCGGCCCCGCCGGAGTCGGTAACGGCCCTGGCGGAGCGCCGAGAAGACGATCAAACTTGACTATCTAGAGGAAGTAAAAGTCGTAACAAGGTTTCC",4,9198.7,1.3,6847.9,268,360
"fP.lulu","12_P2","GCTACTACCGATTGGATGGTTTAGTGAGGTCCTTGGATCGGCCACGCCGGATTCGGTAACGGCCCTGGCGGAGCGCCGAGAAGACGATCAAACTTGACTATCTAGAGAAAGTAAAAGTCGTAACAAGGTTTCC",4,11.9,0,Inf,268,0
"fP.lulu","12_P2","GCTACTACCGATTGGATGGTTTAGTGAGGTCCTTGGATCGGCCCCGCCGGAGTCGGTAACGGCCCTGGCGGAGCGCCGAGAAGACGATCAAACTTGATTATCTAGAGGAAGTAAAAGTCGTAACAAGGTTTCC",4,118.6,0,4540.05,268,7
"fP.lulu","12_P1","CACACCGCCCGTCGCTTTTACCGATTGAGTGTTCAGGTGAATCTTCTTGATAGTGTCAAAACTAAAAATTAAATAAACCTTAGCACTTAGAGGAAAAAGAAGTCGTAACAAGGTTTCCGTAGGTGAACCTGCAGAAGGA",3,1.5,0,Inf,220,0
"fP.lulu","12_P1","GCTACTACCGATTGGATGGTTTAGTGAGGTCCTTGGATCGGCCCCGCCGGAGTCGGTAACGGCCCTGGCGGAGCGCCGAGAAGACGATCAAACTTGCCTATGTAGTGGAAGTAAAACTCGTAACAAGGTTTCC",4,41.2,0,4537.5,220,2
"fP.lulu","12_P1","GCTACTACCGATTGGATGGTTTAGTGAGGTCCTTGGATCGGCCCCGCCGGAGTCGGTAACGGCCCTGGCGGAGCGCCGAGAAGACGATCAAACTTGACTATCTAGAGGAAGTAAAAGTCGTAACAAGGTTTCC",4,10419.7,1.7,6064.36,220,378
"fP.lulu","12_P1","GCTACTACCGATTGGATGGTTTAGTGAGGTCCTTGGATCGGCCACGCCGGATTCGGTAACGGCCCTGGCGGAGCGCCGAGAAGACGATCAAACTTGACTATCTAGAGAAAGTAAAAGTCGTAACAAGGTTTCC",4,11.4,0,Inf,220,0
"fP.lulu","12_P1","GCTACTACCGATTGGATGGTTTAGTGAGGTCCTTGGATCGGCCCCGCCGGAGTCGGTAACGGCCCTGGCGGAGCGCCGAGAAGACGATCAAACTTGATTATCTAGAGGAAGTAAAAGTCGTAACAAGGTTTCC",4,134.7,0,4232.38,220,7
"fP.lulu","12_P1","GCTACTACCGATTGGGTGGTTTAGTGAGGTCCTTGGATCGGCCCCGCCGGAGCTCCTCGCTGGGTTCTGGCGGAGCGTCGAGAAGACGATCAAACTTGACCATCTAGAGATAGTAAAAGTCGTAACAAGGTTTCC",2,0.2,0,Inf,220,0
"fP.lulu","10_P1","ACCGCCCGTCGCTCCTACCGATTGAGTGATTCGGCGAATGCTTCGGACTGGTCCTTTTGGTACCGGAAAGTTGTGTAAGCCATATCACTTAGAGGAAGGATAAGGCGTAACAAGGTTTCCGTAGGTGAACCTGCAGAA",2,1,0,40,40,1
"fP.lulu","10_P1","GCTACTATCGATTGAATGGTTTAGTGAGATCTCTGGATTGGCGCTGAAGAGGTGGCAACACTTTTTCAGAATGCCGAGAAACTGCTCAAACTTGATCATTTAGAGGAAGTAAAAGTCGTAACAAGGTTTCC",2,0.8,0,30,40,1
"fP.lulu","10_P1","CGCACCTACCGATTGAATGATCCGGTGAAGCCTCGAGATTGTGACCGGCTCTGCTGTGTTGCGAGAACTTGTCTAAACCTTATCATTTAGAGGAAGGTGAAGTCGTAACAAGGTTTCCGTAGGTGAACCT",2,0.5,0,20,40,1
"fP.lulu","10_P1","CACACCGCCCGTCGCTTTTACCGATTGAGTGTTCAGGTGAATCTTCTTGATAGTGTCAAAACTAAAAATTAAATAAACCTTAGCACTTAGAGGAAAAAGAAGTCGTAACAAGGTTTCCGTAGGTGAACCTGCAGAAGGA",3,1,0,40,40,1
"fP.lulu","10_P1","GCTACTACCGATTGGATGGTTTAGTGAGGTCCTTGGATCGGCCCCGCCGGAGTCGGTAACGGCCCTGGCGGAGCGCCGAGAAGACGATCAAACTTGCCTATGTAGTGGAAGTAAAACTCGTAACAAGGTTTCC",4,13.8,0,Inf,40,0
"fP.lulu","10_P1","GCACAAACTGATTGAATGGTTCGGTGAAGACCGTGGACTTGTTTCGTGGTGCTTTTATTAGCGCTTTGAGATGAGGAAATAGTTTAAACCTAACTATTTAGAAATTTGTGAAGTCGTAACAAGGTTTCC",2,0.5,0,Inf,40,0
"fP.lulu","10_P1","GCACCTACCGATTGAATGGTCCGGTGAGGCCTCGGGATTGTACCTGGTGCTTCGGTGCCGGGTGCGAGAACTTGTCCGAACCTTATCATTTAGAGGAAGGTGAAGTCGTAACAAGGTTTCCGTAGGTGA",3,1.5,0,Inf,40,0
"fP.lulu","10_P1","GCACCTACCGATTGAATGGTTCGGTGAAATCTCCGGACTGTGGCTCGCAAGCTTAACGGCGAGCGTGCCACGGGAAGTTGCTTAAACCTCACTATTTAGAGGAAGGTGAAGTCGTAACAAGGTTTCCG",2,1.5,0.1,12,40,5
"fP.lulu","10_P1","GCTACTACCGATTGAACGTTTTAGTGAGGTGTTTGGACCTGGCCTGGGTGGGTTAACGCCTGCCCCGTGCCGGGGAAGATCCCCAAACTTGAGCGTTTAGAGGAAGTAAAAGTCGTAACAAGGTTTCC",2,1.8,0,Inf,40,0
"fP.lulu","10_P1","GCTCCTACCGATTGAGCGTCCCGGTGAAGACTCAGGAGATTAGCACGCGGTCGGTTCCCGATCGTCGTCGCCTATTGAATTTGTCTAAACCTTGACGCTTAGAGGAAGGAGAAGTCGTAACAAGGTTTCC",2,0.5,0,Inf,40,0
"fP.lulu","10_P1","GCACCTACCGATTGAATGGTTCGGTGAAATCCTCGGACTGTGGCACGCAAGCTTAACGGCGAACGTGCCGTGGGAAGTTGATTAAACCTCATCATTTAGAGGAAGGTGAAGTCGTAACAAGGTTTCCG",3,1.2,0,25,40,2
"fP.lulu","10_P1","GCTACTACCGATTGAATGGTTTAGTGAGATCTCCGGATTGGCTGCCTTGGTACCTTCACGGGTCCAACGGTTTTGTCGAGAAGCTGCTCGAACTTGATCATTTAGAGGAAGTAAAAGTCGTAACAAGGTTTCC",2,1,0,20,40,2
"fP.lulu","10_P1","GCTACTACCGATTGGATGGTTTAGTGAGGTCCTTGGATCGGCCCCGCCGGAGTCGGTAACGGCCCTGGCGGAGCGCCGAGAAGACGATCAAACTTGACTATCTAGAGGAAGTAAAAGTCGTAACAAGGTTTCC",4,3339.8,1.2,2842.34,40,47
"fP.lulu","10_P1","GCTACTACCGATTGAGCGGGTTAGTGAGACCCTCGGATTGGTCCCGGTACGGAGGTTCTCCTTCGAGCCGTGGTTGCCGAGAAGACGGTCAAACTTGCCCGCTTAGAGGAAGTAAAAGTCGTAACAAGGTTTCC",4,99.5,0.4,248.75,40,16
"fP.lulu","10_P1","GCACCTACCGATTGAATGGTCCGGTGAGGCCTCGGGATTGTCCCAGGTGCTTCGGTGCCTGGTTCGAGAACTTGTCCGAACCTTATCATTTAGAGGAAGGTGAAGTCGTAACAAGGTTTCCGTAGGTG",2,0.8,0,Inf,40,0
"fP.lulu","10_P1","GCTACTACCGATTGGGTGTTCCAGTGAGAGCCTTGGACTGGCAGAGCCGCCCCTCAAAGGCGGTATCATGACTGAAAGAGGTCCGAACTGGTGCACTTAGAGGAAGTAAAAGTCGTAACAAGGTTTCC",4,87,0,3480,40,1
"fP.lulu","10_P1","GCTACTATCGATTGAGCGGTTCAGTGAGAGCATCGGATCGGTCGCGGCCTGGGGTTCGCGCCCCGGCGCCCGCGCGCCGAGAAGACGTTCGAACTCGATCGCTTGGAGAAAGTAAAAGTCGTAACAAGGTTTCC",4,2.5,0,100,40,1
"fP.lulu","10_P1","GCTACTACCGATTGGATGGTTTAGTGAGGTCCTTGGATCGGCCACGCCGGATTCGGTAACGGCCCTGGCGGAGCGCCGAGAAGACGATCAAACTTGACTATCTAGAGAAAGTAAAAGTCGTAACAAGGTTTCC",4,4.8,0,Inf,40,0
"fP.lulu","10_P1","GCTACTACCGATTGAACGTTTTAGTGAGGTATTTGGATTGGACTTCGTGAGGGTTTCCCTCTCGTTTGTCCGAGAAGACTCCCAAACTTGAGCGTTTAGAGGAAGTAAAAGTCGTAACAAGGTTTCCGT",4,61.8,4,15.53,40,159
"fP.lulu","10_P1","GCTACTACCGATTGAACGTTTTAGTGAGGTATTTGGATCGGGCCTCGGGAGGGTTTCCTTCCCGTGTTGCCTGAGAAGATTCCCAAACTTGAGCGTTTAGAGGAAGTAAAAGTCGTAACAAGGTTTCC",4,7,0.1,56,40,5
"fP.lulu","10_P1","GCTACTACCGATTGAATGGTTTAGTGAGATCTTCGGATTGGCGCCATCGTGGCTTCACGGCCGTGACGGAATGCCGAAAAGTTGATCAAACTTGATCATTTAGAGGAAGTAAAAGTCGTAACAAGGTTTCC",2,2.2,0,90,40,1
"fP.lulu","10_P1","GCTCCTACCGATTGAATGGTCCGGTGAGAACGTCGGATCACGCGCTGGATGCCAGTTCGCTGGCAACCTTTGTCGAGAGAAGTTGTTCAAACCTTACCATTTAGAGGAAGGAGAAGTCGTAACAAGGTTTCC",2,0.5,0,20,40,1
"fP.lulu","10_P1","GCTACTACCGATTGAACGGTTTAGTGAGGTCCTCGGATTGGTCTCGGCTCGCCCTTTACTGGGCGACGCCGTTGGTCGAGAAGACGATCGAACTTGATCGTTTAGAGGAAGTAAAAGTCGTAACAAGGTTTCC",4,15.5,1.1,14.09,40,44
"fP.lulu","10_P1","GCTAGTACCGATTGAATGGCTTAGTGAGACCTCCGGATTAGCGATCTGTCGGTGGCAACACCGTCTCATTGCCGAGAAGTTGGTCAAACTTGGTCATTTAGAGGAACTAAAAGTCGTAACAAGGTAACC",2,0.5,0,20,40,1
"fP.lulu","10_P1","GCTACTACCGATTGAATGGCTTAGTGAGACCTCCGGATCGATGGGTTGGATCTGGCAACAGAATCGACTTGTTGAGAAGTTGGTCAAACTTGGTCATTTAGAGGAAGTAAAAGTCGTAACAAGGTAACC",2,0.5,0,Inf,40,0
"fP.lulu","10_P1","GCTACTACCGATTGGACGGTTTAGTGAGCGCCTCGGATTGGACCCGGAACGGTCGGCAACGACCGTACCGTTGTGTGCCGAAAAGACGCGCAAACTTGACCGTCTAGAGGTCGTAAAAGTCGTAACAAGGTTTCC",4,21.5,1,20.48,40,42
"fP.lulu","10_P1","GCTACTACCGATTGGATGGTTTAGTGAGGTCCTTGGATCGGCCCCGCCGGAGTCGGTAACGGCCCTGGCGGAGCGCCGAGAAGACGATCAAACTTGATTATCTAGAGGAAGTAAAAGTCGTAACAAGGTTTCC",4,44,0,Inf,40,0
"fP.lulu","10_P1","GCTCCTACCGATTGAATGATCCGGTGAGGCCCCCGGACTGTGGCAACGCAGCTGGTTCGCCAGCCGTGATGCCGCGGGAAGCTGTCCAAACCTTATCATTTAGAGGAAGGAGAAGTCGTAACAAGGTTTCC",3,2,0.1,26.67,40,3
"fP.lulu","10_P1","GCTACTACCGATTGGGAAAATTTCAGAGGCTGTGGGACCGGAACTCGTGCGGCTTAACGGCCATACTTGATCTGGAAACACATCCTATGATATTTTCTTAGAGGAAGTAAAAGTCGTAACAAGGTTTCC",3,1.5,0,60,40,1
"fP.lulu","15_P3","CACACCGCCCGTCGCTTTTACCGATTGAGTGTTCAGGTGAATCTTCTTGATAGTGTCAAAACTAAAAATTAAATAAACCTTAGCACTTAGAGGAAAAAGAAGTCGTAACAAGGTTTCCGTAGGTGAACCTGCAGAAGGA",3,2,0.1,37.33,224,12
"fP.lulu","15_P3","GCTACTACCGATTGGATGGTTTAGTGAGGTCCTTGGATCGGCCCCGCCGGAGTCGGTAACGGCCCTGGCGGAGCGCCGAGAAGACGATCAAACTTGCCTATGTAGTGGAAGTAAAACTCGTAACAAGGTTTCC",4,50.9,0,5698.82,224,2
"fP.lulu","15_P3","CACACCGCCCGTCGCTTTTACCGATTGAGTGTTCAGGTGAATCTTCTTGATAGTGTCAAAACTAAAAATTAAATAAATCTTAGCACTTAGAGGAAAAAGAAGTCGTAACAAGGTTTCCGTAGGTGAACCTGCAGAAGGA",3,1,0.1,10.67,224,21
"fP.lulu","15_P3","GCTACTACCGATTGGATGGTTTAGTGAGGTCCTTGGATCGGCCCCGCCGGAGTCGGTAACGGCCCTGGCGGAGCGCCGAGAAGACGATCAAACTTGACTATCTAGAGGAAGTAAAAGTCGTAACAAGGTTTCC",4,12193.9,3.9,3139.59,224,870
"fP.lulu","15_P3","GCTACTACCGATTGGATGGTTTAGTGAGGTCCTTGGATCGGCCACGCCGGATTCGGTAACGGCCCTGGCGGAGCGCCGAGAAGACGATCAAACTTGACTATCTAGAGAAAGTAAAAGTCGTAACAAGGTTTCC",4,14.8,0,Inf,224,0
"fP.lulu","15_P3","GCTACTACCGATTGGATGGTTTAGTGAGGTCCTTGGATCGGCCCCGCCGGAGTCGGTAACGGCCCTGGCGGAGCGCCGAGAAGACGATCAAACTTGATTATCTAGAGGAAGTAAAAGTCGTAACAAGGTTTCC",4,151.2,0,6775.34,224,5
"fP.lulu","15_P3","GCTACTACCGATTGGGTGGTTTAGTGAGGTCCTTGGATCGGCCCCGCCGGAGCTCCTCGCTGGGTTCTGGCGGAGCGTCGAGAAGACGATCAAACTTGACCATCTAGAGATAGTAAAAGTCGTAACAAGGTTTCC",2,0.2,0,13.18,224,4
"fP.lulu","15_P4","CACACCGCCCGTCGCTTTTACCGATTGAGTGTTCAGGTGAATCTTCTTGATAGTGTCAAAACTAAAAATTAAATAAACCTTAGCACTTAGAGGAAAAAGAAGTCGTAACAAGGTTTCCGTAGGTGAACCTGCAGAAGGA",2,1.9,0.1,25.28,277,21
"fP.lulu","15_P4","GCTACTACCGATTGGATGGTTTAGTGAGGTCCTTGGATCGGCCCCGCCGGAGTCGGTAACGGCCCTGGCGGAGCGCCGAGAAGACGATCAAACTTGCCTATGTAGTGGAAGTAAAACTCGTAACAAGGTTTCC",4,61.4,0,17012.42,277,1
"fP.lulu","15_P4","GCTACTACCGATTGGATGGTTTAGTGAGGTCCTTGGATCGGCCCCGCCGGAGTCGGTAACGGCCCTGGCGGAGCGCCGAGAAGACGATCAAACTTGACTATCTAGAGGAAGTAAAAGTCGTAACAAGGTTTCC",4,15089.9,0.6,25180.16,277,166
"fP.lulu","15_P4","GCTACTACCGATTGGATGGTTTAGTGAGGTCCTTGGATCGGCCACGCCGGATTCGGTAACGGCCCTGGCGGAGCGCCGAGAAGACGATCAAACTTGACTATCTAGAGAAAGTAAAAGTCGTAACAAGGTTTCC",4,16,0,Inf,277,0
"fP.lulu","15_P4","GCTACTACCGATTGGATGGTTTAGTGAGGTCCTTGGATCGGCCCCGCCGGAGTCGGTAACGGCCCTGGCGGAGCGCCGAGAAGACGATCAAACTTGATTATCTAGAGGAAGTAAAAGTCGTAACAAGGTTTCC",4,190.7,0,52814.67,277,1
"fP.lulu","15_P4","GCTACTACCGATTGGGTGGTTTAGTGAGGTCCTTGGATCGGCCCCGCCGGAGCTCCTCGCTGGGTTCTGGCGGAGCGTCGAGAAGACGATCAAACTTGACCATCTAGAGATAGTAAAAGTCGTAACAAGGTTTCC",2,0.2,0,69.25,277,1
"fP.lulu","20_P5","CACACCGCCCGTCGCTTTTACCGATTGAGTGTTCAGGTGAATCTTCTTGATAGTGTCAAAACTAAAAATTAAATAAACCTTAGCACTTAGAGGAAAAAGAAGTCGTAACAAGGTTTCCGTAGGTGAACCTGCAGAAGGA",4,7,0,172.2,123,5
"fP.lulu","20_P5","GCTACTACCGATTGGATGGTTTAGTGAGGTCCTTGGATCGGCCCCGCCGGAGTCGGTAACGGCCCTGGCGGAGCGCCGAGAAGACGATCAAACTTGCCTATGTAGTGGAAGTAAAACTCGTAACAAGGTTTCC",4,170.4,0,10478.06,123,2
"fP.lulu","20_P5","GCTACTACCGATTGGATGGTTTAGTGAGGTCCTTGGATCGGCCCCGCCGGAGTCGGTAACGGCCCTGGCGGAGCGCCGAGAAGACGATCAAACTTGACTATCTAGAGGAAGTAAAAGTCGTAACAAGGTTTCC",4,41888.8,6.3,6673.98,123,772
"fP.lulu","20_P5","GCTACTACCGATTGGATGGTTTAGTGAGGTCCTTGGATCGGCCACGCCGGATTCGGTAACGGCCCTGGCGGAGCGCCGAGAAGACGATCAAACTTGACTATCTAGAGAAAGTAAAAGTCGTAACAAGGTTTCC",4,47.4,0,1942.38,123,3
"fP.lulu","20_P5","GCTACTACCGATTGGATGGTTTAGTGAGGTCCTTGGATCGGCCCCGCCGGAGTCGGTAACGGCCCTGGCGGAGCGCCGAGAAGACGATCAAACTTGATTATCTAGAGGAAGTAAAAGTCGTAACAAGGTTTCC",4,531.9,0,13084.12,123,5
"fP.lulu","20_P5","GCTACTACCGATTGGGTGGTTTAGTGAGGTCCTTGGATCGGCCCCGCCGGAGCTCCTCGCTGGGTTCTGGCGGAGCGTCGAGAAGACGATCAAACTTGACCATCTAGAGATAGTAAAAGTCGTAACAAGGTTTCC",3,2.1,0,Inf,123,0
"fP.lulu","23_P5","GCTGCCCGGAACTGAACCATTTCGAGAAATGTGGGGACTGACGACTTGAGGCCTTAACGGGCTTCTTGTTGACGGAAACCGCCTTAATCGCAGTGGTTTGAACCGGGCAAAAGTCGTAACAAGGTTTCC",3,4.8,0.1,62.54,79,6
"fP.lulu","23_P5","GCTCCTACCAATTTCGAGCGGCTCGGTGAACCTTTCTTCTCTCGACTGTATGGCAACATACGATGTACGAAGAATTGTAAACCTGGTCGCTTAGAGGAAGGAGAAGTCGTAACAAGGTTTCCGTAGGT",2,0.2,0,Inf,79,0
"fP.lulu","23_P5","CACACCGCCCGTCGCTTTTACCGATTGAGTGTTCAGGTGAATCTTCTTGATAGTGTCAAAACTAAAAATTAAATAAACCTTAGCACTTAGAGGAAAAAGAAGTCGTAACAAGGTTTCCGTAGGTGAACCTGCAGAAGGA",4,3.2,0,256.75,79,1
"fP.lulu","23_P5","GCTACTACCGATTGGATGGTTTAGTGAGGTCCTTGGATCGGCCCCGCCGGAGTCGGTAACGGCCCTGGCGGAGCGCCGAGAAGACGATCAAACTTGCCTATGTAGTGGAAGTAAAACTCGTAACAAGGTTTCC",4,35.2,0.1,696.19,79,4
"fP.lulu","23_P5","GCTGCCCGGAACTGAACCATTTCGAGAAAAGTGGGGACTGATGACTTGAGGCCTTCACGGGCTTCTTGTTGACGGAAACCGCCTTAATCGCAGTGGTTTGAACCGGGCAAAAGTCGTAACAAGGTTTCC",2,0.4,0,Inf,79,0
"fP.lulu","23_P5","GCTCCTACCAATTTCGAGCGGCTCGGTGAACCTTTCTTCTCTCGACTGTATGGCAACATACGATGTACGAAGAATTGTAAACCTGGTCGCTTAGAGGAAGGAGAAGTCGTAACAAGGTTTCCGTAGG",2,0.2,0,Inf,79,0
"fP.lulu","23_P5","GCTACTACCGATTGGATGGTTTAGTGAGGTCCTTGGATCGGCCCCGCCGGAGTCGGTAACGGCCCTGGCGGAGCGCCGAGAAGACGATCAAACTTGACTATCTAGAGGAAGTAAAAGTCGTAACAAGGTTTCC",4,9228.1,15.9,581.82,79,1253
"fP.lulu","23_P5","GCATCTACCGATTGAATGGAGAGGTAAAATCTCCGGACTATGACGCGTTGGGGTCAAACCTAATGCAGTCGTGGGAAGTGGATTAAACCTTTCCATTTAGAGGAAGATGAAGTCGTAACAAGGTTTCC",2,0.6,0,49.38,79,1
"fP.lulu","23_P5","CGCCCGTCGCATCGACCGATGTGGGTGCGAGCGAGACCGGGGGAGAGGGCCGGTTTGCCGGACTTCGAACCCGCTCGAACTTGCGCTCATAAAGGATGATGAAGTCGTAACAAGGTTTCGGTAGGTGAACCTGCAG",2,0.9,0,Inf,79,0
"fP.lulu","23_P5","GCTACTACCGATTGGATGGTTTAGTGAGGTCCTTGGATCGGCCACGCCGGATTCGGTAACGGCCCTGGCGGAGCGCCGAGAAGACGATCAAACTTGACTATCTAGAGAAAGTAAAAGTCGTAACAAGGTTTCC",4,9.2,0,Inf,79,0
"fP.lulu","23_P5","GCTCCTACCGATTTCGAGTGATCCTGTGAACCTTTTGGACTGTGTAGTTCCTCGTGTTCTGCGCGGAAAATCAAGTAAACAGTATCACTTAGAGGAAGGAGAAGTCGTAACAAGGTTTCCGTAGGTGA",2,0.9,0,Inf,79,0
"fP.lulu","23_P5","GCTACTACCGATTGGATGGTTTAGTGAGGTCCTTGGATCGGCCCCGCCGGAGTCGGTAACGGCCCTGGCGGAGCGCCGAGAAGACGATCAAACTTGATTATCTAGAGGAAGTAAAAGTCGTAACAAGGTTTCC",4,115.5,0.1,829.5,79,11
"fP.lulu","23_P5","CGCCCGTCGCATCGACCGATGTGGGTGCGAGCGAGACCGGGGGAGAGGGCCGGTTCGCCGGACTTCGAACCCGCTCGAACTTGCGCTCATAAAGGATGATGAAGTCGTAACAAGGTTTCGGTAGGTGAACCTGCAG",3,6.4,0,Inf,79,0
"fP.lulu","26_P5","GCTCCTACCGATTGAGTGATCCGGTGAATCATTCGGACTGCTACAGTGCCCAGTTTACTGAGCGTTGCAGCGGAAAGTTTCGTGAACCTTATCACTTAGAGGAAGGAGAAGTCGTAACAAGGTTTCCG",2,0.2,0,16.75,67,1
"fP.lulu","26_P5","CACACCGCCCGTCGCTTTTACCGATTGAGTGTTCAGGTGAATCTTCTTGATAGTGTCAAAACTAAAAATTAAATAAACCTTAGCACTTAGAGGAAAAAGAAGTCGTAACAAGGTTTCCGTAGGTGAACCTGCAGAAGGA",3,1.2,0,Inf,67,0
"fP.lulu","26_P5","GCTACTACCGATTGGATGGTTTAGTGAGGTCCTTGGATCGGCCCCGCCGGAGTCGGTAACGGCCCTGGCGGAGCGCCGAGAAGACGATCAAACTTGCCTATGTAGTGGAAGTAAAACTCGTAACAAGGTTTCC",4,25.8,0,Inf,67,0
"fP.lulu","26_P5","GCTGCCCGGAACTGAACCGCTTCGAGAAGACTGGGGACTGAGCCTTTGAGGTCCTCACGGACTTTTTAGATTTGGAAACCAATTTAATCGCAGTGGTTTGAACCGGGCAAAAGTCGTAACAAGGTTTCC",4,2.1,0,Inf,67,0
"fP.lulu","26_P5","GCTACTACCGATTGAACGTTTTAGTGAGGTACTTGGACTGGACCTTTCGAGATGAAAGTCTTGAATGTTGTTCGGGAAGATTCCCAAACTTGAGCGTTTAGAGGAAGTAAAAGTCGTAACAAGGTTTCC",4,10.1,0.3,35.7,67,19
"fP.lulu","26_P5","GCTACTACCGATTGGATGGTTTAGTGAGGTCCTTGGATCGGCCCCGCCGGAGTCGGTAACGGCCCTGGCGGAGCGCCGAGAAGACGATCAAACTTGACTATCTAGAGGAAGTAAAAGTCGTAACAAGGTTTCC",4,5322.2,0.5,10487.96,67,34
"fP.lulu","26_P5","GCTACTACCGATTGGATGGTTTAGTGAGGTCCTTGGATCGGCCACGCCGGATTCGGTAACGGCCCTGGCGGAGCGCCGAGAAGACGATCAAACTTGACTATCTAGAGAAAGTAAAAGTCGTAACAAGGTTTCC",4,3.5,0,Inf,67,0
"fP.lulu","26_P5","GCTACTACCGATTGGATGGTTTAGTGAGGTCCTTGGATCGGCCCCGCCGGAGTCGGTAACGGCCCTGGCGGAGCGCCGAGAAGACGATCAAACTTGATTATCTAGAGGAAGTAAAAGTCGTAACAAGGTTTCC",4,65.2,0,2185.88,67,2
"fP.lulu","26_P5","CACACCGCCCGTCGCTGTTACCGATTGAGTGTTAAGGTGAACCTTCTTGATAGTGTCAAAACTAAATATTAAGTAAACCTTTGCACTTAGAGGAAACAAAAGTCGTAACAAGGTTTCCGTAGGTGAACCTGCAGAAGGA",2,0.2,0,Inf,67,0
"fP.lulu","30_P6","CACACCGCCCGTCGCTTTTACCGATTGAGTGTTCAGGTGAATCTTCTTGATAGTGTCAAAACTAAAAATTAAATAAACCTTAGCACTTAGAGGAAAAAGAAGTCGTAACAAGGTTTCCGTAGGTGAACCTGCAGAAGGA",4,4,0,Inf,268,0
"fP.lulu","30_P6","GCTACTACCGATTGGATGGTTTAGTGAGGTCCTTGGATCGGCCCCGCCGGAGTCGGTAACGGCCCTGGCGGAGCGCCGAGAAGACGATCAAACTTGCCTATGTAGTGGAAGTAAAACTCGTAACAAGGTTTCC",4,61.1,0,16370.33,268,1
"fP.lulu","30_P6","CACACCGCCCGTCGCTTTTACCGATTGAGTGTTCAGGTGAATCTTCTTGATAGTGTCAAAACTAAAAATTAAATAAATCTTAGCACTTAGAGGAAAAAGAAGTCGTAACAAGGTTTCCGTAGGTGAACCTGCAGAAGGA",3,0.8,0.1,10.63,268,21
"fP.lulu","30_P6","GCTACTACCGATTGGATGGTTTAGTGAGGTCCTTGGATCGGCCCCGCCGGAGTCGGTAACGGCCCTGGCGGAGCGCCGAGAAGACGATCAAACTTGACTATCTAGAGGAAGTAAAAGTCGTAACAAGGTTTCC",4,13706.3,0.5,25509.01,268,144
"fP.lulu","30_P6","GCTACTACCGATTGGATGGTTTAGTGAGGTCCTTGGATCGGCCACGCCGGATTCGGTAACGGCCCTGGCGGAGCGCCGAGAAGACGATCAAACTTGACTATCTAGAGAAAGTAAAAGTCGTAACAAGGTTTCC",4,16.2,0,Inf,268,0
"fP.lulu","30_P6","GCTACTACCGATTGAATGGCTTAGTGAGGCCTCCGGATTGGTTTAGGAAAGGGGGCAACTCCATTCTGGAACCGAGAAGCTGGTCAAACTTGGTCATTTAGAGGAAGTAAAAGTCGTAACAAGGTTTCC",2,73.5,0.5,162.79,268,121
"fP.lulu","30_P6","GCTACTACCGATTGGATGGTTTAGTGAGGTCCTTGGATCGGCCCCGCCGGAGTCGGTAACGGCCCTGGCGGAGCGCCGAGAAGACGATCAAACTTGATTATCTAGAGGAAGTAAAAGTCGTAACAAGGTTTCC",4,164.1,0,21987.17,268,2
"fP.lulu","30_P6","GCTACTACCGATTGGGTGGTTTAGTGAGGTCCTTGGATCGGCCCCGCCGGAGCTCCTCGCTGGGTTCTGGCGGAGCGTCGAGAAGACGATCAAACTTGACCATCTAGAGATAGTAAAAGTCGTAACAAGGTTTCC",2,0.4,0,Inf,268,0
"fP.lulu","35_P7","GCTACTACCGATTGGATGGTTTAGTGAGGTCCTTGGATCGGCCCCGCCGGAGTCGGTAACGGCCCTGGCGGAGCGCCGAGAAGACGATCAAACTTGCCTATGTAGTGGAAGTAAAACTCGTAACAAGGTTTCC",4,93.1,0.1,1759.03,170,9
"fP.lulu","35_P7","GCTACTACCGATTGGATGGTTTAGTGAGGTCCTTGGATCGGCCCCGCCGGAGTCGGTAACGGCCCTGGCGGAGCGCCGAGAAGACGATCAAACTTGACTATCTAGAGGAAGTAAAAGTCGTAACAAGGTTTCC",4,19089.2,8,2400.28,170,1352
"fP.lulu","35_P7","GCTACTACCGATTGGATGGTTTAGTGAGGTCCTTGGATCGGCCACGCCGGATTCGGTAACGGCCCTGGCGGAGCGCCGAGAAGACGATCAAACTTGACTATCTAGAGAAAGTAAAAGTCGTAACAAGGTTTCC",4,31.5,0,5355,170,1
"fP.lulu","35_P7","GCTACTACCGATTGGATGGTTTAGTGAGGTCCTTGGATCGGCCCCGCCGGAGTCGGTAACGGCCCTGGCGGAGCGCCGAGAAGACGATCAAACTTGATTATCTAGAGGAAGTAAAAGTCGTAACAAGGTTTCC",4,255.6,0.1,1975.28,170,22
"nP.sw","12_P2","GCTACTACCGATTGGATGGTTTAGTGAGGTCCTTGGATCGGCCCCGCCGGAGTCGGTAACGGCCCTGGCGGAGCGCCGAGAAGACGATCAAACTTGACTATCTAGAGGAAGTAAAAGTCGTAACAAGGTTTCC",4,9347.6,1.3,7282.42,268,344
"nP.sw","12_P1","GCTACTACCGATTGGATGGTTTAGTGAGGTCCTTGGATCGGCCCCGCCGGAGTCGGTAACGGCCCTGGCGGAGCGCCGAGAAGACGATCAAACTTGACTATCTAGAGGAAGTAAAAGTCGTAACAAGGTTTCC",4,10584.4,1.6,6486.27,220,359
"nP.sw","10_P1","GCTACTACCGATTGGATGGTTTAGTGAGGTCCTTGGATCGGCCCCGCCGGAGTCGGTAACGGCCCTGGCGGAGCGCCGAGAAGACGATCAAACTTGACTATCTAGAGGAAGTAAAAGTCGTAACAAGGTTTCC",4,3403.8,1,3491.03,40,39
"nP.sw","10_P1","GCTACTACCGATTGAGCGGGTTAGTGAGACCCTCGGATTGGTCCCGGTACGGAGGTTCTCCTTCGAGCCGTGGTTGCCGAGAAGACGGTCAAACTTGCCCGCTTAGAGGAAGTAAAAGTCGTAACAAGGTTTCC",4,99.8,0.2,570,40,7
"nP.sw","10_P1","GCTACTACCGATTGAACGGTTTAGTGAGGTCCTCGGATTGGTCTCGGCTCGCCCTTTACTGGGCGACGCCGTTGGTCGAGAAGACGATCGAACTTGATCGTTTAGAGGAAGTAAAAGTCGTAACAAGGTTTCC",4,15.2,1,14.52,40,42
"nP.sw","10_P1","GCTACTACCGATTGGACGGTTTAGTGAGCGCCTCGGATTGGACCCGGAACGGTCGGCAACGACCGTACCGTTGTGTGCCGAAAAGACGCGCAAACTTGACCGTCTAGAGGTCGTAAAAGTCGTAACAAGGTTTCC",3,21.5,1,20.98,40,41
"nP.sw","10_P1","GCTCCTACCGATTGAATGATCCGGTGAGGCCCCCGGACTGTGGCAACGCAGCTGGTTCGCCAGCCGCGATGCCGCGGGAAGCTGTCCAAACCTTATCATTTAGAGGAAGGAGAAGTCGTAACAAGGTTTCC",2,1.8,0.1,14,40,5
"nP.sw","10_P1","GCACCTACCGATTGAATGGTCCGGTGAAGCCTCGGGATTGTGATGAGTTTCCTTGATTGGAGTTTGTCGCGAGAACTTGTCTAAACCTTATCATTTAGAGGAAGGTGAAGTCGTAACAAGGTTTCCGT",2,9.8,0,Inf,40,0
"nP.sw","10_P1","GCTACTACCGATTGGGTGTTCCAGTGAGAGCCTTGGACTGGCAGAGCCGCCCCTCAAAGGCGGTATCATGACTGAAAGAGGTCCGAACTGGTGCACTTAGAGGAAGTAAAAGTCGTAACAAGGTTTCC",4,87.2,0,Inf,40,0
"nP.sw","10_P1","GCTACTACCGATTGAACGTTTTAGTGAGGTATTTGGATCGGGCCTCGGGAGGGTTTCCTTCCCGTGTTGCCTGAGAAGATTCCCAAACTTGAGCGTTTAGAGGAAGTAAAAGTCGTAACAAGGTTTCC",3,4.8,0,Inf,40,0
"nP.sw","10_P1","GCTACTACCGATTGAATGGTTTAGTGAGATCTCCGGATTGGCTGCCTTGGTACCTTCACGGGTCCAACGGTTTTGTCGAGAAGCTGCTCGAACTTGATCATTTAGAGGAAGTAAAAGTCGTAACAAGGTTTCC",2,1,0,Inf,40,0
"nP.sw","15_P3","GCTACTACCGATTGGATGGTTTAGTGAGGTCCTTGGATCGGCCCCGCCGGAGTCGGTAACGGCCCTGGCGGAGCGCCGAGAAGACGATCAAACTTGACTATCTAGAGGAAGTAAAAGTCGTAACAAGGTTTCC",4,12437.3,2.9,4286.08,224,650
"nP.sw","15_P4","GCTACTACCGATTGGATGGTTTAGTGAGGTCCTTGGATCGGCCCCGCCGGAGTCGGTAACGGCCCTGGCGGAGCGCCGAGAAGACGATCAAACTTGACTATCTAGAGGAAGTAAAAGTCGTAACAAGGTTTCC",4,15381.2,0.3,49541.93,277,86
"nP.sw","20_P5","GCTACTACCGATTGGATGGTTTAGTGAGGTCCTTGGATCGGCCCCGCCGGAGTCGGTAACGGCCCTGGCGGAGCGCCGAGAAGACGATCAAACTTGACTATCTAGAGGAAGTAAAAGTCGTAACAAGGTTTCC",4,42748.9,6.6,6523.71,123,806
"nP.sw","23_P5","GCTACTACCGATTGGATGGTTTAGTGAGGTCCTTGGATCGGCCCCGCCGGAGTCGGTAACGGCCCTGGCGGAGCGCCGAGAAGACGATCAAACTTGACTATCTAGAGGAAGTAAAAGTCGTAACAAGGTTTCC",4,9412.6,16.2,580.03,79,1282
"nP.sw","23_P5","GCTGCCCGGAACTGAACCATTTCGAGAAATGTGGGGACTGACGACTTGAGGCCTTAACGGGCTTCTTGTTGACGGAAACCGCCTTAATCGCAGTGGTTTGAACCGGGCAAAAGTCGTAACAAGGTTTCC",3,5,0,Inf,79,0
"nP.sw","26_P5","GCTACTACCGATTGGATGGTTTAGTGAGGTCCTTGGATCGGCCCCGCCGGAGTCGGTAACGGCCCTGGCGGAGCGCCGAGAAGACGATCAAACTTGACTATCTAGAGGAAGTAAAAGTCGTAACAAGGTTTCC",4,5421.6,0.2,27942.22,67,13
"nP.sw","26_P5","GCTACTACCGATTGAACGTTTTAGTGAGGTACTTGGACTGGACCTTTCGAGATGAAAGTCTTGAATGTTGTTCGGGAAGATTCCCAAACTTGAGCGTTTAGAGGAAGTAAAAGTCGTAACAAGGTTTCC",4,10.1,0.2,48.46,67,14
"nP.sw","26_P5","GCTGCCCGGAACTGAACCGCTTCGAGAAGACTGGGGACTGAGCCTTTGAGGTCCTCACGGACTTTTTAGATTTGGAAACCAATTTAATCGCAGTGGTTTGAACCGGGCAAAAGTCGTAACAAGGTTTCC",3,1.6,0,Inf,67,0
"nP.sw","30_P6","GCTACTACCGATTGGATGGTTTAGTGAGGTCCTTGGATCGGCCCCGCCGGAGTCGGTAACGGCCCTGGCGGAGCGCCGAGAAGACGATCAAACTTGACTATCTAGAGGAAGTAAAAGTCGTAACAAGGTTTCC",4,13993.3,0.5,30489.54,268,123
"nP.sw","35_P7","GCTACTACCGATTGGATGGTTTAGTGAGGTCCTTGGATCGGCCCCGCCGGAGTCGGTAACGGCCCTGGCGGAGCGCCGAGAAGACGATCAAACTTGACTATCTAGAGGAAGTAAAAGTCGTAACAAGGTTTCC",4,19497.8,8.1,2421.2,170,1369
"psP.sw","12_P2","GCTACTACCGATTGGATGGTTTAGTGAGGTCCTTGGATCGGCCCCGCCGGAGTCGGTAACGGCCCTGGCGGAGCGCCGAGAAGACGATCAAACTTGACTATCTAGAGGAAGTAAAAGTCGTAACAAGGTTTCC",4,9311.7,1.4,6855.84,268,364
"psP.sw","12_P2","GCTACTACCGATTGGATGGTTTAGTGAGGTCCTTGGATCGGCCCCGCCGGAGTCGGTAACGGCCCTGGCGGAGCGCCGAGAAGACGATCAAACTTGCCTATGTAGTGGAAGTAAAACTCGTAACAAGGTTTCC",4,40.2,0,10764.67,268,1
"psP.sw","12_P2","GCTACTACCGATTGGATGGTTTAGTGAGGTCCTTGGATCGGCCACGCCGGATTCGGTAACGGCCCTGGCGGAGCGCCGAGAAGACGATCAAACTTGACTATCTAGAGAAAGTAAAAGTCGTAACAAGGTTTCC",4,10.1,0,Inf,268,0
"psP.sw","12_P1","GCTACTACCGATTGGATGGTTTAGTGAGGTCCTTGGATCGGCCCCGCCGGAGTCGGTAACGGCCCTGGCGGAGCGCCGAGAAGACGATCAAACTTGACTATCTAGAGGAAGTAAAAGTCGTAACAAGGTTTCC",4,10551,1.7,6189.92,220,375
"psP.sw","12_P1","GCTACTACCGATTGGATGGTTTAGTGAGGTCCTTGGATCGGCCCCGCCGGAGTCGGTAACGGCCCTGGCGGAGCGCCGAGAAGACGATCAAACTTGCCTATGTAGTGGAAGTAAAACTCGTAACAAGGTTTCC",4,41.2,0,4528.33,220,2
"psP.sw","12_P1","GCTACTACCGATTGGATGGTTTAGTGAGGTCCTTGGATCGGCCACGCCGGATTCGGTAACGGCCCTGGCGGAGCGCCGAGAAGACGATCAAACTTGACTATCTAGAGAAAGTAAAAGTCGTAACAAGGTTTCC",4,10.5,0,Inf,220,0
"psP.sw","10_P1","GCTACTACCGATTGGATGGTTTAGTGAGGTCCTTGGATCGGCCCCGCCGGAGTCGGTAACGGCCCTGGCGGAGCGCCGAGAAGACGATCAAACTTGACTATCTAGAGGAAGTAAAAGTCGTAACAAGGTTTCC",4,3384.8,1.2,2880.64,40,47
"psP.sw","10_P1","GCTACTACCGATTGAGCGGGTTAGTGAGACCCTCGGATTGGTCCCGGTACGGAGGTTCTCCTTCGAGCCGTGGTTGCCGAGAAGACGGTCAAACTTGCCCGCTTAGAGGAAGTAAAAGTCGTAACAAGGTTTCC",4,99.8,0.3,306.92,40,13
"psP.sw","10_P1","GCTACTACCGATTGAACGGTTTAGTGAGGTCCTCGGATTGGTCTCGGCTCGCCCTTTACTGGGCGACGCCGTTGGTCGAGAAGACGATCGAACTTGATCGTTTAGAGGAAGTAAAAGTCGTAACAAGGTTTCC",4,15.2,1.1,14.19,40,43
"psP.sw","10_P1","GCTACTACCGATTGGACGGTTTAGTGAGCGCCTCGGATTGGACCCGGAACGGTCGGCAACGACCGTACCGTTGTGTGCCGAAAAGACGCGCAAACTTGACCGTCTAGAGGTCGTAAAAGTCGTAACAAGGTTTCC",4,22.2,1,21.71,40,41
"psP.sw","10_P1","GCTACTATCGATTGAGCGGTTCAGTGAGAGCATCGGATCGGTCGCGGCCTGGGGTTCGCGCCCCGGCGCCCGCGCGCCGAGAAGACGTTCGAACTCGATCGCTTGGAGAAAGTAAAAGTCGTAACAAGGTTTCC",3,2,0,80,40,1
"psP.sw","10_P1","GCACCTACCGATTGAATGGTCCGGTGAAGCCTCGGGATTGTGATGAGTTTCCTTGATTGGAGTTTGTCGCGAGAACTTGTCTAAACCTTATCATTTAGAGGAAGGTGAAGTCGTAACAAGGTTTCCGT",3,11.2,0.7,17.31,40,26
"psP.sw","10_P1","GCTACTACCGATTGGGTGTTCCAGTGAGAGCCTTGGACTGGCAGAGCCGCCCCTCAAAGGCGGTATCATGACTGAAAGAGGTCCGAACTGGTGCACTTAGAGGAAGTAAAAGTCGTAACAAGGTTTCC",4,87,0,Inf,40,0
"psP.sw","10_P1","GCTACTACCGATTGAATGGTTTAGTGAGATCTTCGGATTGGCGCCATCGTGGCTTCACGGCCGTGACGGAATGCCGAAAAGTTGATCAAACTTGATCATTTAGAGGAAGTAAAAGTCGTAACAAGGTTTCC",2,2.2,0,90,40,1
"psP.sw","10_P1","GCTACTACCGATTGAACGTTTTAGTGAGGTATTTGGATCGGGCCTCGGGAGGGTTTCCTTCCCGTGTTGCCTGAGAAGATTCCCAAACTTGAGCGTTTAGAGGAAGTAAAAGTCGTAACAAGGTTTCC",4,7,0.1,70,40,4
"psP.sw","10_P1","GCTACTACCGATTGGGAAAATTTCAGAGGCTGTGGGACCGGAACTCGTGCGGCTTAACGGCCATACTTGATCTGGAAACACATCCTATGATATTTTCTTAGAGGAAGTAAAAGTCGTAACAAGGTTTCC",3,1.5,0,60,40,1
"psP.sw","10_P1","GCTACTACCGATTGGATGGTTTAGTGAGGTCCTTGGATCGGCCCCGCCGGAGTCGGTAACGGCCCTGGCGGAGCGCCGAGAAGACGATCAAACTTGCCTATGTAGTGGAAGTAAAACTCGTAACAAGGTTTCC",4,13.5,0,Inf,40,0
"psP.sw","10_P1","GCTACTACCGATTGAATGGTTTAGTGAGATCTCCGGATTGGCTGCCTTGGTACCTTCACGGGTCCAACGGTTTTGTCGAGAAGCTGCTCGAACTTGATCATTTAGAGGAAGTAAAAGTCGTAACAAGGTTTCC",2,1,0,20,40,2
"psP.sw","10_P1","GCTACTACCGATTGAACGTTTTAGTGAGGTGTTTGGACCTGGCCTGGGTGGGTTAACGCCTGCCCCGTGCCGGGGAAGATCCCCAAACTTGAGCGTTTAGAGGAAGTAAAAGTCGTAACAAGGTTTCC",2,1.8,0,Inf,40,0
"psP.sw","10_P1","GCTACTACCGATTGGATGGTTTAGTGAGGTCCTTGGATCGGCCACGCCGGATTCGGTAACGGCCCTGGCGGAGCGCCGAGAAGACGATCAAACTTGACTATCTAGAGAAAGTAAAAGTCGTAACAAGGTTTCC",3,3.2,0,Inf,40,0
"psP.sw","10_P1","GCACCTACCGATTGAATGGTCCGGTGAGGCCTCGGGATTGTACCTGGTGCTTCGGTGCCGGGTGCGAGAACTTGTCCGAACCTTATCATTTAGAGGAAGGTGAAGTCGTAACAAGGTTTCCGTAGGTGA",3,1.8,0,Inf,40,0
"psP.sw","10_P1","GCACCTACCGATTGAATGGTTCGGTGAAATCCTCGGACTGTGGCACGCAAGCTTAACGGCGAACGTGCCGTGGGAAGTTGATTAAACCTCATCATTTAGAGGAAGGTGAAGTCGTAACAAGGTTTCCG",3,1.2,0.1,12.5,40,4
"psP.sw","10_P1","GCACCTACCGATTGAATGGTCCGGTGAGGCCTCGGGATTGTCCCAGGTGCTTCGGTGCCTGGTTCGAGAACTTGTCCGAACCTTATCATTTAGAGGAAGGTGAAGTCGTAACAAGGTTTCCGTAGGTGA",2,0.8,0,Inf,40,0
"psP.sw","10_P1","GCTAGTACCGATTGAATGGCTTAGTGAGACCTCCGGATTAGCGATCTGTCGGTGGCAACACCGTCTCATTGCCGAGAAGTTGGTCAAACTTGGTCATTTAGAGGAACTAAAAGTCGTAACAAGGTAACC",2,0.5,0,20,40,1
"psP.sw","10_P1","GCTACTACCGATTGAATGGCTTAGTGAGACCTCCGGATCGATGGGTTGGATCTGGCAACAGAATCGACTTGTTGAGAAGTTGGTCAAACTTGGTCATTTAGAGGAAGTAAAAGTCGTAACAAGGTAACC",2,0.5,0,Inf,40,0
"psP.sw","15_P3","GCTACTACCGATTGGATGGTTTAGTGAGGTCCTTGGATCGGCCCCGCCGGAGTCGGTAACGGCCCTGGCGGAGCGCCGAGAAGACGATCAAACTTGACTATCTAGAGGAAGTAAAAGTCGTAACAAGGTTTCC",4,12397.1,3.7,3394.81,224,818
"psP.sw","15_P3","GCTACTACCGATTGGATGGTTTAGTGAGGTCCTTGGATCGGCCCCGCCGGAGTCGGTAACGGCCCTGGCGGAGCGCCGAGAAGACGATCAAACTTGCCTATGTAGTGGAAGTAAAACTCGTAACAAGGTTTCC",4,50.8,0,5692.24,224,2
"psP.sw","15_P3","GCTACTACCGATTGGATGGTTTAGTGAGGTCCTTGGATCGGCCACGCCGGATTCGGTAACGGCCCTGGCGGAGCGCCGAGAAGACGATCAAACTTGACTATCTAGAGAAAGTAAAAGTCGTAACAAGGTTTCC",4,13.8,0,Inf,224,0
"psP.sw","15_P4","GCTACTACCGATTGGATGGTTTAGTGAGGTCCTTGGATCGGCCCCGCCGGAGTCGGTAACGGCCCTGGCGGAGCGCCGAGAAGACGATCAAACTTGACTATCTAGAGGAAGTAAAAGTCGTAACAAGGTTTCC",4,15333.2,0.6,25741.27,277,165
"psP.sw","15_P4","GCTACTACCGATTGGATGGTTTAGTGAGGTCCTTGGATCGGCCCCGCCGGAGTCGGTAACGGCCCTGGCGGAGCGCCGAGAAGACGATCAAACTTGCCTATGTAGTGGAAGTAAAACTCGTAACAAGGTTTCC",4,61.4,0,Inf,277,0
"psP.sw","15_P4","GCTACTACCGATTGGATGGTTTAGTGAGGTCCTTGGATCGGCCACGCCGGATTCGGTAACGGCCCTGGCGGAGCGCCGAGAAGACGATCAAACTTGACTATCTAGAGAAAGTAAAAGTCGTAACAAGGTTTCC",4,15.2,0,Inf,277,0
"psP.sw","20_P5","GCTACTACCGATTGGATGGTTTAGTGAGGTCCTTGGATCGGCCCCGCCGGAGTCGGTAACGGCCCTGGCGGAGCGCCGAGAAGACGATCAAACTTGACTATCTAGAGGAAGTAAAAGTCGTAACAAGGTTTCC",4,42368.4,6.3,6715.61,123,776
"psP.sw","20_P5","GCTACTACCGATTGGATGGTTTAGTGAGGTCCTTGGATCGGCCCCGCCGGAGTCGGTAACGGCCCTGGCGGAGCGCCGAGAAGACGATCAAACTTGCCTATGTAGTGGAAGTAAAACTCGTAACAAGGTTTCC",4,170.4,0,10478.06,123,2
"psP.sw","20_P5","GCTACTACCGATTGGATGGTTTAGTGAGGTCCTTGGATCGGCCACGCCGGATTCGGTAACGGCCCTGGCGGAGCGCCGAGAAGACGATCAAACTTGACTATCTAGAGAAAGTAAAAGTCGTAACAAGGTTTCC",4,45.5,0,2798.25,123,2
"psP.sw","23_P5","GCTACTACCGATTGGATGGTTTAGTGAGGTCCTTGGATCGGCCCCGCCGGAGTCGGTAACGGCCCTGGCGGAGCGCCGAGAAGACGATCAAACTTGACTATCTAGAGGAAGTAAAAGTCGTAACAAGGTTTCC",4,9376,16,585.54,79,1265
"psP.sw","23_P5","GCTGCCCGGAACTGAACCATTTCGAGAAATGTGGGGACTGACGACTTGAGGCCTTAACGGGCTTCTTGTTGACGGAAACCGCCTTAATCGCAGTGGTTTGAACCGGGCAAAAGTCGTAACAAGGTTTCC",3,4.8,0,375.25,79,1
"psP.sw","23_P5","GCTACTACCGATTGGATGGTTTAGTGAGGTCCTTGGATCGGCCCCGCCGGAGTCGGTAACGGCCCTGGCGGAGCGCCGAGAAGACGATCAAACTTGCCTATGTAGTGGAAGTAAAACTCGTAACAAGGTTTCC",4,35.2,0,928.25,79,3
"psP.sw","23_P5","GCATCTACCGATTGAATGGAGAGGTAAAATCTCCGGACTATGACGCGTTGGGGTCAAACCTAATGCAGTCGTGGGAAGTGGATTAAACCTTTCCATTTAGAGGAAGATGAAGTCGTAACAAGGTTTCC",2,0.6,0,49.38,79,1
"psP.sw","23_P5","GCTCCTACCAATTTCGAGCGGCTCGGTGAACCTTTCTTCTCTCGACTGTATGGCAACATACGATGTACGAAGAATTGTAAACCTGGTCGCTTAGAGGAAGGAGAAGTCGTAACAAGGTTTCCGTAGG",2,0.4,0,Inf,79,0
"psP.sw","23_P5","GCTACTACCGATTGGATGGTTTAGTGAGGTCCTTGGATCGGCCACGCCGGATTCGGTAACGGCCCTGGCGGAGCGCCGAGAAGACGATCAAACTTGACTATCTAGAGAAAGTAAAAGTCGTAACAAGGTTTCC",4,8.9,0,Inf,79,0
"psP.sw","23_P5","GCTGCTACCGATTGAATGTTACGGCGAACACTCTGGAGTCGTGGTCTCGTTTGGGCAACCTTACTTGACCAATGGTGAAATTGTGTAAGCCTTAACATTTAGAGGAAGCAAAAGTCGTAACAAGGTTTCC",2,0.2,0,Inf,79,0
"psP.sw","26_P5","GCTACTACCGATTGGATGGTTTAGTGAGGTCCTTGGATCGGCCCCGCCGGAGTCGGTAACGGCCCTGGCGGAGCGCCGAGAAGACGATCAAACTTGACTATCTAGAGGAAGTAAAAGTCGTAACAAGGTTTCC",4,5403.4,0.4,12067.54,67,30
"psP.sw","26_P5","GCTACTACCGATTGAACGTTTTAGTGAGGTACTTGGACTGGACCTTTCGAGATGAAAGTCTTGAATGTTGTTCGGGAAGATTCCCAAACTTGAGCGTTTAGAGGAAGTAAAAGTCGTAACAAGGTTTCC",4,10.2,0.3,38.15,67,18
"psP.sw","26_P5","GCTGCCCGGAACTGAACCGCTTCGAGAAGACTGGGGACTGAGCCTTTGAGGTCCTCACGGACTTTTTAGATTTGGAAACCAATTTAATCGCAGTGGTTTGAACCGGGCAAAAGTCGTAACAAGGTTTCC",4,2.1,0,Inf,67,0
"psP.sw","26_P5","GCTACTACCGATTGGATGGTTTAGTGAGGTCCTTGGATCGGCCCCGCCGGAGTCGGTAACGGCCCTGGCGGAGCGCCGAGAAGACGATCAAACTTGCCTATGTAGTGGAAGTAAAACTCGTAACAAGGTTTCC",4,25.8,0,Inf,67,0
"psP.sw","26_P5","GCTCCTACCGATTGAGTGATCCGGTGAATCATTCGGACTGCTACAGTGCCCAGTTTACTGAGCGTTGCAGCGGAAAGTTTCGTGAACCTTATCACTTAGAGGAAGGAGAAGTCGTAACAAGGTTTCCG",2,0.2,0,16.75,67,1
"psP.sw","26_P5","GCTACTACCGATTGGATGGTTTAGTGAGGTCCTTGGATCGGCCACGCCGGATTCGGTAACGGCCCTGGCGGAGCGCCGAGAAGACGATCAAACTTGACTATCTAGAGAAAGTAAAAGTCGTAACAAGGTTTCC",4,3.4,0,Inf,67,0
"psP.sw","30_P6","GCTACTACCGATTGGATGGTTTAGTGAGGTCCTTGGATCGGCCCCGCCGGAGTCGGTAACGGCCCTGGCGGAGCGCCGAGAAGACGATCAAACTTGACTATCTAGAGGAAGTAAAAGTCGTAACAAGGTTTCC",4,13902,0.5,26612.4,268,140
"psP.sw","30_P6","GCTACTACCGATTGGATGGTTTAGTGAGGTCCTTGGATCGGCCCCGCCGGAGTCGGTAACGGCCCTGGCGGAGCGCCGAGAAGACGATCAAACTTGCCTATGTAGTGGAAGTAAAACTCGTAACAAGGTTTCC",4,61.1,0,Inf,268,0
"psP.sw","30_P6","GCTACTACCGATTGGATGGTTTAGTGAGGTCCTTGGATCGGCCACGCCGGATTCGGTAACGGCCCTGGCGGAGCGCCGAGAAGACGATCAAACTTGACTATCTAGAGAAAGTAAAAGTCGTAACAAGGTTTCC",4,15.5,0,Inf,268,0
"psP.sw","35_P7","GCTACTACCGATTGGATGGTTTAGTGAGGTCCTTGGATCGGCCCCGCCGGAGTCGGTAACGGCCCTGGCGGAGCGCCGAGAAGACGATCAAACTTGACTATCTAGAGGAAGTAAAAGTCGTAACAAGGTTTCC",4,19354,8.1,2396.34,170,1373
"psP.sw","35_P7","GCTACTACCGATTGGATGGTTTAGTGAGGTCCTTGGATCGGCCCCGCCGGAGTCGGTAACGGCCCTGGCGGAGCGCCGAGAAGACGATCAAACTTGCCTATGTAGTGGAAGTAAAACTCGTAACAAGGTTTCC",4,93.1,0,2261.61,170,7
"psP.sw","35_P7","GCTACTACCGATTGGATGGTTTAGTGAGGTCCTTGGATCGGCCACGCCGGATTCGGTAACGGCCCTGGCGGAGCGCCGAGAAGACGATCAAACTTGACTATCTAGAGAAAGTAAAAGTCGTAACAAGGTTTCC",4,30.2,0,Inf,170,0
"fP.sw","12_P2","GCTACTACCGATTGGATGGTTTAGTGAGGTCCTTGGATCGGCCCCGCCGGAGTCGGTAACGGCCCTGGCGGAGCGCCGAGAAGACGATCAAACTTGACTATCTAGAGGAAGTAAAAGTCGTAACAAGGTTTCC",4,9317.2,1.4,6803.88,268,367
"fP.sw","12_P2","GCTACTACCGATTGGATGGTTTAGTGAGGTCCTTGGATCGGCCCCGCCGGAGTCGGTAACGGCCCTGGCGGAGCGCCGAGAAGACGATCAAACTTGCCTATGTAGTGGAAGTAAAACTCGTAACAAGGTTTCC",4,40.2,0,10764.67,268,1
"fP.sw","12_P2","GCTACTACCGATTGGATGGTTTAGTGAGGTCCTTGGATCGGCCACGCCGGATTCGGTAACGGCCCTGGCGGAGCGCCGAGAAGACGATCAAACTTGACTATCTAGAGAAAGTAAAAGTCGTAACAAGGTTTCC",4,11.9,0,Inf,268,0
"fP.sw","12_P1","GCTACTACCGATTGGATGGTTTAGTGAGGTCCTTGGATCGGCCCCGCCGGAGTCGGTAACGGCCCTGGCGGAGCGCCGAGAAGACGATCAAACTTGACTATCTAGAGGAAGTAAAAGTCGTAACAAGGTTTCC",4,10554.3,1.8,6031.05,220,385
"fP.sw","12_P1","GCTACTACCGATTGGATGGTTTAGTGAGGTCCTTGGATCGGCCCCGCCGGAGTCGGTAACGGCCCTGGCGGAGCGCCGAGAAGACGATCAAACTTGCCTATGTAGTGGAAGTAAAACTCGTAACAAGGTTTCC",4,41.2,0,4537.5,220,2
"fP.sw","12_P1","GCTACTACCGATTGGATGGTTTAGTGAGGTCCTTGGATCGGCCACGCCGGATTCGGTAACGGCCCTGGCGGAGCGCCGAGAAGACGATCAAACTTGACTATCTAGAGAAAGTAAAAGTCGTAACAAGGTTTCC",4,11.4,0,Inf,220,0
"fP.sw","12_P1","CACACCGCCCGTCGCTTTTACCGATTGAGTGTTCAGGTGAATCTTCTTGATAGTGTCAAAACTAAAAATTAAATAAATCTTAGCACTTAGAGGAAAAAGAAGTCGTAACAAGGTTTCCGTAGGTGAACCTGCAGAAGGA",3,2.2,0.1,19.86,220,24
"fP.sw","12_P1","GCTACTACCGATTGGGTGGTTTAGTGAGGTCCTTGGATCGGCCCCGCCGGAGCTCCTCGCTGGGTTCTGGCGGAGCGTCGAGAAGACGATCAAACTTGACCATCTAGAGATAGTAAAAGTCGTAACAAGGTTTCC",2,0.2,0,Inf,220,0
"fP.sw","10_P1","GCTACTACCGATTGGATGGTTTAGTGAGGTCCTTGGATCGGCCCCGCCGGAGTCGGTAACGGCCCTGGCGGAGCGCCGAGAAGACGATCAAACTTGACTATCTAGAGGAAGTAAAAGTCGTAACAAGGTTTCC",4,3383.8,1.2,2879.79,40,47
"fP.sw","10_P1","GCTACTACCGATTGAGCGGGTTAGTGAGACCCTCGGATTGGTCCCGGTACGGAGGTTCTCCTTCGAGCCGTGGTTGCCGAGAAGACGGTCAAACTTGCCCGCTTAGAGGAAGTAAAAGTCGTAACAAGGTTTCC",4,99.5,0.4,248.75,40,16
"fP.sw","10_P1","GCTACTACCGATTGAACGGTTTAGTGAGGTCCTCGGATTGGTCTCGGCTCGCCCTTTACTGGGCGACGCCGTTGGTCGAGAAGACGATCGAACTTGATCGTTTAGAGGAAGTAAAAGTCGTAACAAGGTTTCC",4,15.5,1.1,14.09,40,44
"fP.sw","10_P1","GCTACTACCGATTGGACGGTTTAGTGAGCGCCTCGGATTGGACCCGGAACGGTCGGCAACGACCGTACCGTTGTGTGCCGAAAAGACGCGCAAACTTGACCGTCTAGAGGTCGTAAAAGTCGTAACAAGGTTTCC",4,22.2,1,21.19,40,42
"fP.sw","10_P1","GCTACTACCGATTGGGTGTTCCAGTGAGAGCCTTGGACTGGCAGAGCCGCCCCTCAAAGGCGGTATCATGACTGAAAGAGGTCCGAACTGGTGCACTTAGAGGAAGTAAAAGTCGTAACAAGGTTTCC",4,87,0,3480,40,1
"fP.sw","10_P1","GCTACTATCGATTGAGCGGTTCAGTGAGAGCATCGGATCGGTCGCGGCCTGGGGTTCGCGCCCCGGCGCCCGCGCGCCGAGAAGACGTTCGAACTCGATCGCTTGGAGAAAGTAAAAGTCGTAACAAGGTTTCC",4,2.5,0,100,40,1
"fP.sw","10_P1","ACCGCCCGTCGCTCCTACCGATTGAGTGATTCGGCGAATGCTTCGGACTGGTCCTTTTGGTACCGGAAAGTTGTGTAAGCCATATCACTTAGAGGAAGGATAAGGCGTAACAAGGTTTCCGTAGGTGAACCTGCAGAA",2,1,0,40,40,1
"fP.sw","10_P1","GCTACTACCGATTGAACGTTTTAGTGAGGTATTTGGATCGGGCCTCGGGAGGGTTTCCTTCCCGTGTTGCCTGAGAAGATTCCCAAACTTGAGCGTTTAGAGGAAGTAAAAGTCGTAACAAGGTTTCC",4,7,0.1,56,40,5
"fP.sw","10_P1","GCTCCTACCGATTGAATGGTCCGGTGAGAACGTCGGATCACGCGCTGGATGCCAGTTCGCTGGCAACCTTTGTCGAGAGAAGTTGTTCAAACCTTACCATTTAGAGGAAGGAGAAGTCGTAACAAGGTTTCC",2,0.5,0,20,40,1
"fP.sw","10_P1","GCTACTACCGATTGAATGGTTTAGTGAGATCTTCGGATTGGCGCCATCGTGGCTTCACGGCCGTGACGGAATGCCGAAAAGTTGATCAAACTTGATCATTTAGAGGAAGTAAAAGTCGTAACAAGGTTTCC",2,2.2,0,90,40,1
"fP.sw","10_P1","GCTACTACCGATTGGGAAAATTTCAGAGGCTGTGGGACCGGAACTCGTGCGGCTTAACGGCCATACTTGATCTGGAAACACATCCTATGATATTTTCTTAGAGGAAGTAAAAGTCGTAACAAGGTTTCC",3,1.5,0,60,40,1
"fP.sw","10_P1","GCTACTACCGATTGGATGGTTTAGTGAGGTCCTTGGATCGGCCCCGCCGGAGTCGGTAACGGCCCTGGCGGAGCGCCGAGAAGACGATCAAACTTGCCTATGTAGTGGAAGTAAAACTCGTAACAAGGTTTCC",4,13.8,0,Inf,40,0
"fP.sw","10_P1","GCACAAACTGATTGAATGGTTCGGTGAAGACCGTGGACTTGTTTCGTGGTGCTTTTATTAGCGCTTTGAGATGAGGAAATAGTTTAAACCTAACTATTTAGAAATTTGTGAAGTCGTAACAAGGTTTCC",2,0.5,0,Inf,40,0
"fP.sw","10_P1","GCACCTACCGATTGAATGGTCCGGTGAGGCCTCGGGATTGTACCTGGTGCTTCGGTGCCGGGTGCGAGAACTTGTCCGAACCTTATCATTTAGAGGAAGGTGAAGTCGTAACAAGGTTTCCGTAGGTGA",3,1.5,0,Inf,40,0
"fP.sw","10_P1","GCTACTACCGATTGAACGTTTTAGTGAGGTGTTTGGACCTGGCCTGGGTGGGTTAACGCCTGCCCCGTGCCGGGGAAGATCCCCAAACTTGAGCGTTTAGAGGAAGTAAAAGTCGTAACAAGGTTTCC",2,1.8,0,Inf,40,0
"fP.sw","10_P1","GCACCTACCGATTGAATGGTTCGGTGAAATCCTCGGACTGTGGCACGCAAGCTTAACGGCGAACGTGCCGTGGGAAGTTGATTAAACCTCATCATTTAGAGGAAGGTGAAGTCGTAACAAGGTTTCCG",3,1.2,0,25,40,2
"fP.sw","10_P1","GCTACTACCGATTGAATGGTTTAGTGAGATCTCCGGATTGGCTGCCTTGGTACCTTCACGGGTCCAACGGTTTTGTCGAGAAGCTGCTCGAACTTGATCATTTAGAGGAAGTAAAAGTCGTAACAAGGTTTCC",2,1,0,20,40,2
"fP.sw","10_P1","GCTACTACCGATTGGATGGTTTAGTGAGGTCCTTGGATCGGCCACGCCGGATTCGGTAACGGCCCTGGCGGAGCGCCGAGAAGACGATCAAACTTGACTATCTAGAGAAAGTAAAAGTCGTAACAAGGTTTCC",4,4.8,0,Inf,40,0
"fP.sw","10_P1","GCACCTACCGATTGAATGGTCCGGTGAGGCCTCGGGATTGTCCCAGGTGCTTCGGTGCCTGGTTCGAGAACTTGTCCGAACCTTATCATTTAGAGGAAGGTGAAGTCGTAACAAGGTTTCCGTAGGTGA",2,0.8,0,Inf,40,0
"fP.sw","10_P1","GCTACTATCGATTGAATGGTTTAGTGAGATCTCTGGATTGGCGCTGAAGAGGTGGCAACACTTTTTCAGAATGCCGAGAAACTGCTCAAACTTGATCATTTAGAGGAAGTAAAAGTCGTAACAAGGTTTCC",3,1,0,20,40,2
"fP.sw","10_P1","CGCACCTACCGATTGAATGATCCGGTGAAGCCTCGAGATTGTGACCGGCTCTGCTGTGTTGCGAGAACTTGTCTAAACCTTATCATTTAGAGGAAGGTGAAGTCGTAACAAGGTTTCCGTAGGTGAACCT",2,0.5,0,20,40,1
"fP.sw","10_P1","GCTAGTACCGATTGAATGGCTTAGTGAGACCTCCGGATTAGCGATCTGTCGGTGGCAACACCGTCTCATTGCCGAGAAGTTGGTCAAACTTGGTCATTTAGAGGAACTAAAAGTCGTAACAAGGTAACC",2,0.5,0,20,40,1
"fP.sw","10_P1","GCTACTACCGATTGAATGGCTTAGTGAGACCTCCGGATCGATGGGTTGGATCTGGCAACAGAATCGACTTGTTGAGAAGTTGGTCAAACTTGGTCATTTAGAGGAAGTAAAAGTCGTAACAAGGTAACC",2,0.5,0,Inf,40,0
"fP.sw","10_P1","GCTCCTACCGATTGAGCGTCCCGGTGAAGACTCAGGAGATTAGCACGCGGTCGGTTCCCGATCGTCGTCGCCTATTGAATTTGTCTAAACCTTGACGCTTAGAGGAAGGAGAAGTCGTAACAAGGTTTCC",2,0.5,0,Inf,40,0
"fP.sw","15_P3","GCTACTACCGATTGGATGGTTTAGTGAGGTCCTTGGATCGGCCCCGCCGGAGTCGGTAACGGCCCTGGCGGAGCGCCGAGAAGACGATCAAACTTGACTATCTAGAGGAAGTAAAAGTCGTAACAAGGTTTCC",4,12345.2,3.9,3160.37,224,875
"fP.sw","15_P3","GCTACTACCGATTGGATGGTTTAGTGAGGTCCTTGGATCGGCCCCGCCGGAGTCGGTAACGGCCCTGGCGGAGCGCCGAGAAGACGATCAAACTTGCCTATGTAGTGGAAGTAAAACTCGTAACAAGGTTTCC",4,50.9,0,5698.82,224,2
"fP.sw","15_P3","GCTACTACCGATTGGATGGTTTAGTGAGGTCCTTGGATCGGCCACGCCGGATTCGGTAACGGCCCTGGCGGAGCGCCGAGAAGACGATCAAACTTGACTATCTAGAGAAAGTAAAAGTCGTAACAAGGTTTCC",4,14.8,0,Inf,224,0
"fP.sw","15_P3","CACACCGCCCGTCGCTTTTACCGATTGAGTGTTCAGGTGAATCTTCTTGATAGTGTCAAAACTAAAAATTAAATAAATCTTAGCACTTAGAGGAAAAAGAAGTCGTAACAAGGTTTCCGTAGGTGAACCTGCAGAAGGA",4,3,0.1,20.36,224,33
"fP.sw","15_P3","GCTACTACCGATTGGGTGGTTTAGTGAGGTCCTTGGATCGGCCCCGCCGGAGCTCCTCGCTGGGTTCTGGCGGAGCGTCGAGAAGACGATCAAACTTGACCATCTAGAGATAGTAAAAGTCGTAACAAGGTTTCC",2,0.2,0,13.18,224,4
"fP.sw","15_P4","GCTACTACCGATTGGATGGTTTAGTGAGGTCCTTGGATCGGCCCCGCCGGAGTCGGTAACGGCCCTGGCGGAGCGCCGAGAAGACGATCAAACTTGACTATCTAGAGGAAGTAAAAGTCGTAACAAGGTTTCC",4,15280.6,0.6,25345.64,277,167
"fP.sw","15_P4","GCTACTACCGATTGGATGGTTTAGTGAGGTCCTTGGATCGGCCCCGCCGGAGTCGGTAACGGCCCTGGCGGAGCGCCGAGAAGACGATCAAACTTGCCTATGTAGTGGAAGTAAAACTCGTAACAAGGTTTCC",4,61.4,0,17012.42,277,1
"fP.sw","15_P4","GCTACTACCGATTGGATGGTTTAGTGAGGTCCTTGGATCGGCCACGCCGGATTCGGTAACGGCCCTGGCGGAGCGCCGAGAAGACGATCAAACTTGACTATCTAGAGAAAGTAAAAGTCGTAACAAGGTTTCC",4,16,0,Inf,277,0
"fP.sw","15_P4","GCTACTACCGATTGGGTGGTTTAGTGAGGTCCTTGGATCGGCCCCGCCGGAGCTCCTCGCTGGGTTCTGGCGGAGCGTCGAGAAGACGATCAAACTTGACCATCTAGAGATAGTAAAAGTCGTAACAAGGTTTCC",2,0.2,0,69.25,277,1
"fP.sw","20_P5","GCTACTACCGATTGGATGGTTTAGTGAGGTCCTTGGATCGGCCCCGCCGGAGTCGGTAACGGCCCTGGCGGAGCGCCGAGAAGACGATCAAACTTGACTATCTAGAGGAAGTAAAAGTCGTAACAAGGTTTCC",4,42420.6,6.3,6715.23,123,777
"fP.sw","20_P5","GCTACTACCGATTGGATGGTTTAGTGAGGTCCTTGGATCGGCCCCGCCGGAGTCGGTAACGGCCCTGGCGGAGCGCCGAGAAGACGATCAAACTTGCCTATGTAGTGGAAGTAAAACTCGTAACAAGGTTTCC",4,170.4,0,10478.06,123,2
"fP.sw","20_P5","GCTACTACCGATTGGATGGTTTAGTGAGGTCCTTGGATCGGCCACGCCGGATTCGGTAACGGCCCTGGCGGAGCGCCGAGAAGACGATCAAACTTGACTATCTAGAGAAAGTAAAAGTCGTAACAAGGTTTCC",4,47.4,0,1942.38,123,3
"fP.sw","20_P5","CACACCGCCCGTCGCTTTTACCGATTGAGTGTTCAGGTGAATCTTCTTGATAGTGTCAAAACTAAAAATTAAATAAATCTTAGCACTTAGAGGAAAAAGAAGTCGTAACAAGGTTTCCGTAGGTGAACCTGCAGAAGGA",4,8.6,0.2,35.36,123,30
"fP.sw","20_P5","GCTACTACCGATTGGGTGGTTTAGTGAGGTCCTTGGATCGGCCCCGCCGGAGCTCCTCGCTGGGTTCTGGCGGAGCGTCGAGAAGACGATCAAACTTGACCATCTAGAGATAGTAAAAGTCGTAACAAGGTTTCC",3,2.1,0,Inf,123,0
"fP.sw","23_P5","GCTACTACCGATTGGATGGTTTAGTGAGGTCCTTGGATCGGCCCCGCCGGAGTCGGTAACGGCCCTGGCGGAGCGCCGAGAAGACGATCAAACTTGACTATCTAGAGGAAGTAAAAGTCGTAACAAGGTTTCC",4,9343.6,16,583.98,79,1264
"fP.sw","23_P5","GCTGCCCGGAACTGAACCATTTCGAGAAATGTGGGGACTGACGACTTGAGGCCTTAACGGGCTTCTTGTTGACGGAAACCGCCTTAATCGCAGTGGTTTGAACCGGGCAAAAGTCGTAACAAGGTTTCC",3,4.8,0.1,62.54,79,6
"fP.sw","23_P5","CGCCCGTCGCATCGACCGATGTGGGTGCGAGCGAGACCGGGGGAGAGGGCCGGTTCGCCGGACTTCGAACCCGCTCGAACTTGCGCTCATAAAGGATGATGAAGTCGTAACAAGGTTTCGGTAGGTGAACCTGCAG",3,7.2,0,Inf,79,0
"fP.sw","23_P5","GCTACTACCGATTGGATGGTTTAGTGAGGTCCTTGGATCGGCCCCGCCGGAGTCGGTAACGGCCCTGGCGGAGCGCCGAGAAGACGATCAAACTTGCCTATGTAGTGGAAGTAAAACTCGTAACAAGGTTTCC",4,35.2,0.1,696.19,79,4
"fP.sw","23_P5","GCATCTACCGATTGAATGGAGAGGTAAAATCTCCGGACTATGACGCGTTGGGGTCAAACCTAATGCAGTCGTGGGAAGTGGATTAAACCTTTCCATTTAGAGGAAGATGAAGTCGTAACAAGGTTTCC",2,0.6,0,49.38,79,1
"fP.sw","23_P5","GCTGCCCGGAACTGAACCATTTCGAGAAAAGTGGGGACTGATGACTTGAGGCCTTCACGGGCTTCTTGTTGACGGAAACCGCCTTAATCGCAGTGGTTTGAACCGGGCAAAAGTCGTAACAAGGTTTCC",2,0.4,0,Inf,79,0
"fP.sw","23_P5","GCTCCTACCAATTTCGAGCGGCTCGGTGAACCTTTCTTCTCTCGACTGTATGGCAACATACGATGTACGAAGAATTGTAAACCTGGTCGCTTAGAGGAAGGAGAAGTCGTAACAAGGTTTCCGTAGGT",3,0.5,0,Inf,79,0
"fP.sw","23_P5","GCTCCTACCGATTTCGAGTGATCCTGTGAACCTTTTGGACTGTGTAGTTCCTCGTGTTCTGCGCGGAAAATCAAGTAAACAGTATCACTTAGAGGAAGGAGAAGTCGTAACAAGGTTTCCGTAGGTGA",2,0.9,0,Inf,79,0
"fP.sw","23_P5","GCTACTACCGATTGGATGGTTTAGTGAGGTCCTTGGATCGGCCACGCCGGATTCGGTAACGGCCCTGGCGGAGCGCCGAGAAGACGATCAAACTTGACTATCTAGAGAAAGTAAAAGTCGTAACAAGGTTTCC",4,9.2,0,Inf,79,0
"fP.sw","26_P5","GCTACTACCGATTGGATGGTTTAGTGAGGTCCTTGGATCGGCCCCGCCGGAGTCGGTAACGGCCCTGGCGGAGCGCCGAGAAGACGATCAAACTTGACTATCTAGAGGAAGTAAAAGTCGTAACAAGGTTTCC",4,5387.5,0.5,10026.74,67,36
"fP.sw","26_P5","GCTACTACCGATTGAACGTTTTAGTGAGGTACTTGGACTGGACCTTTCGAGATGAAAGTCTTGAATGTTGTTCGGGAAGATTCCCAAACTTGAGCGTTTAGAGGAAGTAAAAGTCGTAACAAGGTTTCC",4,10.1,0.3,35.7,67,19
"fP.sw","26_P5","CACACCGCCCGTCGCTGTTACCGATTGAGTGTTAAGGTGAACCTTCTTGATAGTGTCAAAACTAAATATTAAGTAAACCTTTGCACTTAGAGGAAACAAAAGTCGTAACAAGGTTTCCGTAGGTGAACCTGCAGAAGGA",2,0.2,0,Inf,67,0
"fP.sw","26_P5","GCTGCCCGGAACTGAACCGCTTCGAGAAGACTGGGGACTGAGCCTTTGAGGTCCTCACGGACTTTTTAGATTTGGAAACCAATTTAATCGCAGTGGTTTGAACCGGGCAAAAGTCGTAACAAGGTTTCC",4,2.1,0,Inf,67,0
"fP.sw","26_P5","GCTCCTACCGATTGAGTGATCCGGTGAATCATTCGGACTGCTACAGTGCCCAGTTTACTGAGCGTTGCAGCGGAAAGTTTCGTGAACCTTATCACTTAGAGGAAGGAGAAGTCGTAACAAGGTTTCCG",2,0.2,0,16.75,67,1
"fP.sw","26_P5","GCTACTACCGATTGGATGGTTTAGTGAGGTCCTTGGATCGGCCCCGCCGGAGTCGGTAACGGCCCTGGCGGAGCGCCGAGAAGACGATCAAACTTGCCTATGTAGTGGAAGTAAAACTCGTAACAAGGTTTCC",4,25.8,0,Inf,67,0
"fP.sw","26_P5","GCTACTACCGATTGGATGGTTTAGTGAGGTCCTTGGATCGGCCACGCCGGATTCGGTAACGGCCCTGGCGGAGCGCCGAGAAGACGATCAAACTTGACTATCTAGAGAAAGTAAAAGTCGTAACAAGGTTTCC",4,3.5,0,Inf,67,0
"fP.sw","26_P5","CACACCGCCCGTCGCTTTTACCGATTGAGTGTTCAGGTGAATCTTCTTGATAGTGTCAAAACTAAAAATTAAATAAATCTTAGCACTTAGAGGAAAAAGAAGTCGTAACAAGGTTTCCGTAGGTGAACCTGCAGAAGGA",3,1.4,0,Inf,67,0
"fP.sw","30_P6","GCTACTACCGATTGGATGGTTTAGTGAGGTCCTTGGATCGGCCCCGCCGGAGTCGGTAACGGCCCTGGCGGAGCGCCGAGAAGACGATCAAACTTGACTATCTAGAGGAAGTAAAAGTCGTAACAAGGTTTCC",4,13870.4,0.5,25460.76,268,146
"fP.sw","30_P6","GCTACTACCGATTGGATGGTTTAGTGAGGTCCTTGGATCGGCCCCGCCGGAGTCGGTAACGGCCCTGGCGGAGCGCCGAGAAGACGATCAAACTTGCCTATGTAGTGGAAGTAAAACTCGTAACAAGGTTTCC",4,61.1,0,16370.33,268,1
"fP.sw","30_P6","GCTACTACCGATTGGATGGTTTAGTGAGGTCCTTGGATCGGCCACGCCGGATTCGGTAACGGCCCTGGCGGAGCGCCGAGAAGACGATCAAACTTGACTATCTAGAGAAAGTAAAAGTCGTAACAAGGTTTCC",4,16.2,0,Inf,268,0
"fP.sw","30_P6","GCTACTACCGATTGAATGGCTTAGTGAGGCCTCCGGATTGGTTTAGGAAAGGGGGCAACTCCATTCTGGAACCGAGAAGCTGGTCAAACTTGGTCATTTAGAGGAAGTAAAAGTCGTAACAAGGTTTCC",2,73.5,0.5,162.79,268,121
"fP.sw","30_P6","CACACCGCCCGTCGCTTTTACCGATTGAGTGTTCAGGTGAATCTTCTTGATAGTGTCAAAACTAAAAATTAAATAAATCTTAGCACTTAGAGGAAAAAGAAGTCGTAACAAGGTTTCCGTAGGTGAACCTGCAGAAGGA",4,4.8,0.1,61.68,268,21
"fP.sw","30_P6","GCTACTACCGATTGGGTGGTTTAGTGAGGTCCTTGGATCGGCCCCGCCGGAGCTCCTCGCTGGGTTCTGGCGGAGCGTCGAGAAGACGATCAAACTTGACCATCTAGAGATAGTAAAAGTCGTAACAAGGTTTCC",2,0.4,0,Inf,268,0
"fP.sw","35_P7","GCTACTACCGATTGGATGGTTTAGTGAGGTCCTTGGATCGGCCCCGCCGGAGTCGGTAACGGCCCTGGCGGAGCGCCGAGAAGACGATCAAACTTGACTATCTAGAGGAAGTAAAAGTCGTAACAAGGTTTCC",4,19344.9,8.1,2393.47,170,1374
"fP.sw","35_P7","GCTACTACCGATTGGATGGTTTAGTGAGGTCCTTGGATCGGCCCCGCCGGAGTCGGTAACGGCCCTGGCGGAGCGCCGAGAAGACGATCAAACTTGCCTATGTAGTGGAAGTAAAACTCGTAACAAGGTTTCC",4,93.1,0.1,1759.03,170,9
"fP.sw","35_P7","GCTACTACCGATTGGATGGTTTAGTGAGGTCCTTGGATCGGCCACGCCGGATTCGGTAACGGCCCTGGCGGAGCGCCGAGAAGACGATCAAACTTGACTATCTAGAGAAAGTAAAAGTCGTAACAAGGTTTCC",4,31.5,0,5355,170,1
