"sample","base_name","reads","OTUs","sibling_med","read_thresh","reason","method"
"EB_bc22_rep4","EB_bc22",521,39,41533,8306.6,"low_reads_relative","nP.lulu"
"SEL_5_PET1_rep3","SEL_5_PET1",0,0,70568,14113.6,"low_OTU+low_reads_relative+low_reads_hard","nP.lulu"
"TBS_5_wPE2_rep7","TBS_5_wPE2",1695,31,48091.5,9618.3,"low_reads_relative","nP.lulu"
"SEL_5_PET3_rep3","SEL_5_PET3",0,0,65379.5,13075.9,"low_OTU+low_reads_relative+low_reads_hard","nP.lulu"
"SEL_5_wPE1_rep3","SEL_5_wPE1",13,4,42466.5,8493.3,"low_reads_relative+low_reads_hard","nP.lulu"
"MB_iso16_rep2","MB_iso16",165,12,24239,4847.8,"low_reads_relative","nP.lulu"
"MB_iso16_rep6","MB_iso16",0,0,24239,4847.8,"low_OTU+low_reads_relative+low_reads_hard","nP.lulu"
"MB_iso26_rep4","MB_iso26",938,37,60781.5,12156.3,"low_reads_relative","nP.lulu"
"MB_iso46_rep8","MB_iso46",1,1,44749,8949.8,"low_OTU+low_reads_relative+low_reads_hard","nP.lulu"
"MB_iso56_rep6","MB_iso56",2,1,38779,7755.8,"low_OTU+low_reads_relative+low_reads_hard","nP.lulu"
"MB_iso56_rep7","MB_iso56",1,1,38779,7755.8,"low_OTU+low_reads_relative+low_reads_hard","nP.lulu"
"MB_iso66_rep2","MB_iso66",50,7,28196,5639.2,"low_reads_relative","nP.lulu"
"SEL_1_F1_rep2","SEL_1_F1",308,35,50487,10097.4,"low_reads_relative","nP.lulu"
"SEL_1_F2_rep2","SEL_1_F2",140,22,21112.5,4222.5,"low_reads_relative","nP.lulu"
"SEL_1_F3_rep2","SEL_1_F3",1053,71,41550.5,8310.1,"low_reads_relative","nP.lulu"
"SEL_1_G2_rep1","SEL_1_G2",34221,2,38588.5,7717.7,"low_OTU","nP.lulu"
"SEL_1_G2_rep4","SEL_1_G2",10339,2,38588.5,7717.7,"low_OTU","nP.lulu"
"SEL_1_G3_rep4","SEL_1_G3",8,2,7603.5,1520.7,"low_OTU+low_reads_relative+low_reads_hard","nP.lulu"
"SEL_1_PE3_rep1","SEL_1_PE3",2,1,1,0.2,"low_OTU+low_reads_hard","nP.lulu"
"SEL_1_PE3_rep2","SEL_1_PE3",0,0,1,0.2,"low_OTU+low_reads_relative+low_reads_hard","nP.lulu"
"SEL_1_PE3_rep4","SEL_1_PE3",0,0,1,0.2,"low_OTU+low_reads_relative+low_reads_hard","nP.lulu"
"SEL_1_wPE1_rep1","SEL_1_wPE1",0,0,91,18.2,"low_OTU+low_reads_relative+low_reads_hard","nP.lulu"
"SEL_1_wPE1_rep2","SEL_1_wPE1",1205,2,91,18.2,"low_OTU","nP.lulu"
"SEL_1_wPE1_rep3","SEL_1_wPE1",182,1,91,18.2,"low_OTU","nP.lulu"
"SEL_1_wPE1_rep4","SEL_1_wPE1",0,0,91,18.2,"low_OTU+low_reads_relative+low_reads_hard","nP.lulu"
"SEL_1_wPET1_rep1","SEL_1_wPET1",21,7,5,1,"low_reads_hard","nP.lulu"
"SEL_1_wPET1_rep2","SEL_1_wPET1",9,3,5,1,"low_reads_hard","nP.lulu"
"SEL_1_wPET1_rep3","SEL_1_wPET1",0,0,5,1,"low_OTU+low_reads_relative+low_reads_hard","nP.lulu"
"SEL_1_wPET1_rep4","SEL_1_wPET1",1,1,5,1,"low_OTU+low_reads_hard","nP.lulu"
"SEL_1_wPET2_rep1","SEL_1_wPET2",37,9,28.5,5.7,"low_reads_hard","nP.lulu"
"SEL_1_wPET2_rep3","SEL_1_wPET2",4,2,28.5,5.7,"low_OTU+low_reads_relative+low_reads_hard","nP.lulu"
"SEL_1_wPET2_rep4","SEL_1_wPET2",20,4,28.5,5.7,"low_reads_hard","nP.lulu"
"SEL_10_F1_rep2","SEL_10_F1",1,1,43612,8722.4,"low_OTU+low_reads_relative+low_reads_hard","nP.lulu"
"SEL_10_F2_rep2","SEL_10_F2",47,8,28751.5,5750.3,"low_reads_relative+low_reads_hard","nP.lulu"
"SEL_11_F1_rep2","SEL_11_F1",814,57,21863,4372.6,"low_reads_relative","nP.lulu"
"SEL_11_F2_rep2","SEL_11_F2",0,0,16605.5,3321.1,"low_OTU+low_reads_relative+low_reads_hard","nP.lulu"
"SEL_11_F3_rep2","SEL_11_F3",2,1,12465.5,2493.1,"low_OTU+low_reads_relative+low_reads_hard","nP.lulu"
"SEL_12_F1_rep2","SEL_12_F1",1540,99,9187.5,1837.5,"low_reads_relative","nP.lulu"
"SEL_12_F3_rep8","SEL_12_F3",1,1,41503,8300.6,"low_OTU+low_reads_relative+low_reads_hard","nP.lulu"
"SEL_2_F2_rep2","SEL_2_F2",171,24,11789.5,2357.9,"low_reads_relative","nP.lulu"
"SEL_2_F3_rep2","SEL_2_F3",859,72,14449.5,2889.9,"low_reads_relative","nP.lulu"
"SEL_2_PET1_rep2","SEL_2_PET1",1574,2,6906,1381.2,"low_OTU","nP.lulu"
"SEL_2_PET1_rep3","SEL_2_PET1",23,3,6906,1381.2,"low_reads_relative+low_reads_hard","nP.lulu"
"SEL_2_PET1_rep4","SEL_2_PET1",12238,2,6906,1381.2,"low_OTU","nP.lulu"
"SEL_2_PET3_rep7","SEL_2_PET3",0,0,60850,12170,"low_OTU+low_reads_relative+low_reads_hard","nP.lulu"
"SEL_2_wPE2_rep3","SEL_2_wPE2",724,26,39759,7951.8,"low_reads_relative","nP.lulu"
"SEL_2_wPE2_rep5","SEL_2_wPE2",0,0,39759,7951.8,"low_OTU+low_reads_relative+low_reads_hard","nP.lulu"
"SEL_3_F3_rep2","SEL_3_F3",16,5,31312.5,6262.5,"low_reads_relative+low_reads_hard","nP.lulu"
"SEL_3_wPET1_rep7","SEL_3_wPET1",0,0,49060,9812,"low_OTU+low_reads_relative+low_reads_hard","nP.lulu"
"SEL_3_wPET3_rep5","SEL_3_wPET3",1,1,44293.5,8858.7,"low_OTU+low_reads_relative+low_reads_hard","nP.lulu"
"SEL_3_wPET3_rep8","SEL_3_wPET3",2,1,44293.5,8858.7,"low_OTU+low_reads_relative+low_reads_hard","nP.lulu"
"SEL_4_F1_rep5","SEL_4_F1",1,1,49387,9877.4,"low_OTU+low_reads_relative+low_reads_hard","nP.lulu"
"SEL_4_F2_rep5","SEL_4_F2",1,1,26760,5352,"low_OTU+low_reads_relative+low_reads_hard","nP.lulu"
"SEL_4_G2_rep6","SEL_4_G2",15,1,25673,5134.6,"low_OTU+low_reads_relative+low_reads_hard","nP.lulu"
"SEL_4_G2_rep7","SEL_4_G2",799,17,25673,5134.6,"low_reads_relative","nP.lulu"
"SEL_4_PE2_rep6","SEL_4_PE2",0,0,74787,14957.4,"low_OTU+low_reads_relative+low_reads_hard","nP.lulu"
"SEL_4_PET1_rep6","SEL_4_PET1",242,7,12572,2514.4,"low_reads_relative","nP.lulu"
"SEL_4_PET1_rep7","SEL_4_PET1",171,5,12572,2514.4,"low_reads_relative","nP.lulu"
"SEL_4_PET2_rep7","SEL_4_PET2",66,4,75705,15141,"low_reads_relative","nP.lulu"
"SEL_4_PET2_rep6","SEL_4_PET2",2,1,75705,15141,"low_OTU+low_reads_relative+low_reads_hard","nP.lulu"
"SEL_4_PET3_rep7","SEL_4_PET3",18,1,155197,31039.4,"low_OTU+low_reads_relative+low_reads_hard","nP.lulu"
"SEL_4_wPE2_rep6","SEL_4_wPE2",6,2,35826.5,7165.3,"low_OTU+low_reads_relative+low_reads_hard","nP.lulu"
"SEL_4_wPE2_rep7","SEL_4_wPE2",0,0,35826.5,7165.3,"low_OTU+low_reads_relative+low_reads_hard","nP.lulu"
"SEL_4_wPET1_rep6","SEL_4_wPET1",0,0,60.5,12.1,"low_OTU+low_reads_relative+low_reads_hard","nP.lulu"
"SEL_4_wPET1_rep7","SEL_4_wPET1",8,2,60.5,12.1,"low_OTU+low_reads_relative+low_reads_hard","nP.lulu"
"SEL_4_wPET2_rep7","SEL_4_wPET2",10,1,99.5,19.9,"low_OTU+low_reads_relative+low_reads_hard","nP.lulu"
"SEL_4_wPET2_rep6","SEL_4_wPET2",1,1,99.5,19.9,"low_OTU+low_reads_relative+low_reads_hard","nP.lulu"
"SEL_5_F2_rep7","SEL_5_F2",0,0,22304.5,4460.9,"low_OTU+low_reads_relative+low_reads_hard","nP.lulu"
"SEL_5_F2_rep8","SEL_5_F2",1,1,22304.5,4460.9,"low_OTU+low_reads_relative+low_reads_hard","nP.lulu"
"SEL_6_G2_rep6","SEL_6_G2",11,3,72698.5,14539.7,"low_reads_relative+low_reads_hard","nP.lulu"
"SEL_7_F2_rep8","SEL_7_F2",1,1,86976,17395.2,"low_OTU+low_reads_relative+low_reads_hard","nP.lulu"
"SEL_7_F3_rep5","SEL_7_F3",1,1,71330,14266,"low_OTU+low_reads_relative+low_reads_hard","nP.lulu"
"SEL_8_PET2_rep6","SEL_8_PET2",9,1,70185,14037,"low_OTU+low_reads_relative+low_reads_hard","nP.lulu"
"SEL_8_PET2_rep7","SEL_8_PET2",884,7,70185,14037,"low_reads_relative","nP.lulu"
"SEL_8_wPET1_rep5","SEL_8_wPET1",6,1,18032.5,3606.5,"low_OTU+low_reads_relative+low_reads_hard","nP.lulu"
"SEL_8_wPET1_rep6","SEL_8_wPET1",9,1,18032.5,3606.5,"low_OTU+low_reads_relative+low_reads_hard","nP.lulu"
"SEL_8_wPET1_rep7","SEL_8_wPET1",13,1,18032.5,3606.5,"low_OTU+low_reads_relative+low_reads_hard","nP.lulu"
"SEL_8_wPET1_rep8","SEL_8_wPET1",9,1,18032.5,3606.5,"low_OTU+low_reads_relative+low_reads_hard","nP.lulu"
"SEL_8_wPET3_rep6","SEL_8_wPET3",223,3,99550.5,19910.1,"low_reads_relative","nP.lulu"
"SEL_9_F1_rep6","SEL_9_F1",0,0,23549.5,4709.9,"low_OTU+low_reads_relative+low_reads_hard","nP.lulu"
"SEL_9_F1_rep8","SEL_9_F1",1,1,23549.5,4709.9,"low_OTU+low_reads_relative+low_reads_hard","nP.lulu"
"SEL_9_F2_rep7","SEL_9_F2",1,1,19276,3855.2,"low_OTU+low_reads_relative+low_reads_hard","nP.lulu"
"SEL_9_F3_rep1","SEL_9_F3",2,1,1,0.2,"low_OTU+low_reads_hard","nP.lulu"
"SEL_9_F3_rep3","SEL_9_F3",0,0,1,0.2,"low_OTU+low_reads_relative+low_reads_hard","nP.lulu"
"SEL_9_F3_rep4","SEL_9_F3",0,0,1,0.2,"low_OTU+low_reads_relative+low_reads_hard","nP.lulu"
"SEL_FAL_PE2_rep7","SEL_FAL_PE2",1,1,59084,11816.8,"low_OTU+low_reads_relative+low_reads_hard","nP.lulu"
"SEL_FAL_PET3_rep4","SEL_FAL_PET3",92,16,9545.5,1909.1,"low_reads_relative","nP.lulu"
"SEL_SPR_G1_rep6","SEL_SPR_G1",106,3,91043.5,18208.7,"low_reads_relative","nP.lulu"
"SEL_SPR_PE1_rep6","SEL_SPR_PE1",412,13,93011,18602.2,"low_reads_relative","nP.lulu"
"SEL_SPR_PE2_rep7","SEL_SPR_PE2",0,0,53013,10602.6,"low_OTU+low_reads_relative+low_reads_hard","nP.lulu"
"SEL_SPR_PET3_rep6","SEL_SPR_PET3",397,10,35426,7085.2,"low_reads_relative","nP.lulu"
"SEL_SPR_wPE1_rep6","SEL_SPR_wPE1",245,7,151626,30325.2,"low_reads_relative","nP.lulu"
"SEL_SPR_wPE3_rep4","SEL_SPR_wPE3",230,12,35852,7170.4,"low_reads_relative","nP.lulu"
"SEL_SPR_wPE3_rep6","SEL_SPR_wPE3",1,1,35852,7170.4,"low_OTU+low_reads_relative+low_reads_hard","nP.lulu"
"SEL_SPR_wPET2_rep6","SEL_SPR_wPET2",1,1,59705,11941,"low_OTU+low_reads_relative+low_reads_hard","nP.lulu"
"SEL_SUM_PE1_rep6","SEL_SUM_PE1",1312,10,28585,5717,"low_reads_relative","nP.lulu"
"SEL_SUM_PET2_rep6","SEL_SUM_PET2",1380,16,59182,11836.4,"low_reads_relative","nP.lulu"
"SEL_WIN2_PE1_rep5","SEL_WIN2_PE1",39,4,16314,3262.8,"low_reads_relative+low_reads_hard","nP.lulu"
"SEL_WIN2_PE1_rep6","SEL_WIN2_PE1",30,4,16314,3262.8,"low_reads_relative+low_reads_hard","nP.lulu"
"SEL_WIN2_PE1_rep7","SEL_WIN2_PE1",33,5,16314,3262.8,"low_reads_relative+low_reads_hard","nP.lulu"
"SEL_WIN2_PE1_rep8","SEL_WIN2_PE1",35,4,16314,3262.8,"low_reads_relative+low_reads_hard","nP.lulu"
"SEL_WIN2_PE3_rep5","SEL_WIN2_PE3",1,1,37537,7507.4,"low_OTU+low_reads_relative+low_reads_hard","nP.lulu"
"SEL_WIN2_PE3_rep7","SEL_WIN2_PE3",1,1,37537,7507.4,"low_OTU+low_reads_relative+low_reads_hard","nP.lulu"
"SEL_WIN2_PE3_rep8","SEL_WIN2_PE3",2,1,37537,7507.4,"low_OTU+low_reads_relative+low_reads_hard","nP.lulu"
"SEL_WIN2_PET3_rep5","SEL_WIN2_PET3",0,0,47981,9596.2,"low_OTU+low_reads_relative+low_reads_hard","nP.lulu"
"SEL_WIN2_PET3_rep6","SEL_WIN2_PET3",2,1,47981,9596.2,"low_OTU+low_reads_relative+low_reads_hard","nP.lulu"
"SEL_WIN2_PET3_rep7","SEL_WIN2_PET3",0,0,47981,9596.2,"low_OTU+low_reads_relative+low_reads_hard","nP.lulu"
"SEL_WIN2_wPE2_rep3","SEL_WIN2_wPE2",18485,1,22314,4462.8,"low_OTU","nP.lulu"
"SEL_WIN2_wPE2_rep4","SEL_WIN2_wPE2",4783,2,22314,4462.8,"low_OTU","nP.lulu"
"TBS_1_G1_rep8","TBS_1_G1",0,0,396,79.2,"low_OTU+low_reads_relative+low_reads_hard","nP.lulu"
"TBS_1_G2_rep3","TBS_1_G2",44212,2,23790.5,4758.1,"low_OTU","nP.lulu"
"TBS_1_G2_rep4","TBS_1_G2",0,0,23790.5,4758.1,"low_OTU+low_reads_relative+low_reads_hard","nP.lulu"
"TBS_1_PE1_rep4","TBS_1_PE1",8715,2,10219,2043.8,"low_OTU","nP.lulu"
"TBS_1_PE2_rep6","TBS_1_PE2",1,1,48171,9634.2,"low_OTU+low_reads_relative+low_reads_hard","nP.lulu"
"TBS_1_wPE2_rep7","TBS_1_wPE2",0,0,33609,6721.8,"low_OTU+low_reads_relative+low_reads_hard","nP.lulu"
"TBS_1_wPET3_rep1","TBS_1_wPET3",6,2,27602.5,5520.5,"low_OTU+low_reads_relative+low_reads_hard","nP.lulu"
"TBS_10_F2_rep5","TBS_10_F2",1,1,39855,7971,"low_OTU+low_reads_relative+low_reads_hard","nP.lulu"
"TBS_11_F1_rep2","TBS_11_F1",1721,106,57496,11499.2,"low_reads_relative","nP.lulu"
"TBS_2_F3_rep2","TBS_2_F3",1,1,17600,3520,"low_OTU+low_reads_relative+low_reads_hard","nP.lulu"
"TBS_2_PE1_rep7","TBS_2_PE1",0,0,62908,12581.6,"low_OTU+low_reads_relative+low_reads_hard","nP.lulu"
"TBS_2_PE2_rep4","TBS_2_PE2",0,0,37027,7405.4,"low_OTU+low_reads_relative+low_reads_hard","nP.lulu"
"TBS_2_PE2_rep7","TBS_2_PE2",0,0,37027,7405.4,"low_OTU+low_reads_relative+low_reads_hard","nP.lulu"
"TBS_2_PE3_rep3","TBS_2_PE3",36326,1,4268,853.6,"low_OTU","nP.lulu"
"TBS_2_PE3_rep4","TBS_2_PE3",7,1,4268,853.6,"low_OTU+low_reads_relative+low_reads_hard","nP.lulu"
"TBS_2_PE3_rep8","TBS_2_PE3",1,1,4268,853.6,"low_OTU+low_reads_relative+low_reads_hard","nP.lulu"
"TBS_3_PE1_rep4","TBS_3_PE1",712,22,48292,9658.4,"low_reads_relative","nP.lulu"
"TBS_6_F1_rep6","TBS_6_F1",0,0,58828,11765.6,"low_OTU+low_reads_relative+low_reads_hard","nP.lulu"
"TBS_6_F3_rep6","TBS_6_F3",1,1,30921,6184.2,"low_OTU+low_reads_relative+low_reads_hard","nP.lulu"
"TBS_6_PET3_rep3","TBS_6_PET3",1,1,36303,7260.6,"low_OTU+low_reads_relative+low_reads_hard","nP.lulu"
"TBS_8_PET3_rep5","TBS_8_PET3",1,1,85,17,"low_OTU+low_reads_relative+low_reads_hard","nP.lulu"
"TBS_8_PET3_rep6","TBS_8_PET3",1,1,85,17,"low_OTU+low_reads_relative+low_reads_hard","nP.lulu"
"TBS_8_PET3_rep7","TBS_8_PET3",3,1,85,17,"low_OTU+low_reads_relative+low_reads_hard","nP.lulu"
"TBS_8_wPET3_rep2","TBS_8_wPET3",224,19,66755.5,13351.1,"low_reads_relative","nP.lulu"
"TBS_FAL_G1_rep7","TBS_FAL_G1",1,1,45676,9135.2,"low_OTU+low_reads_relative+low_reads_hard","nP.lulu"
"TBS_FAL_PET1_rep7","TBS_FAL_PET1",1,1,34582,6916.4,"low_OTU+low_reads_relative+low_reads_hard","nP.lulu"
"TBS_FAL_wPE1_rep7","TBS_FAL_wPE1",1,1,48179,9635.8,"low_OTU+low_reads_relative+low_reads_hard","nP.lulu"
"TBS_SPR_wPET2_rep1","TBS_SPR_wPET2",274,20,48466.5,9693.3,"low_reads_relative","nP.lulu"
"TBS_SUM_PE3_rep1","TBS_SUM_PE3",49,1,73689.5,14737.9,"low_OTU+low_reads_relative+low_reads_hard","nP.lulu"
"TBS_SUM_PET2_rep1","TBS_SUM_PET2",165,3,67852,13570.4,"low_reads_relative","nP.lulu"
"TBS_WIN2_PE1_rep4","TBS_WIN2_PE1",1647,4,12257.5,2451.5,"low_reads_relative","nP.lulu"
"TBS_WIN2_PE3_rep3","TBS_WIN2_PE3",850,2,1731,346.2,"low_OTU","nP.lulu"
"TBS_WIN2_PET1_rep2","TBS_WIN2_PET1",23,1,98.5,19.7,"low_OTU+low_reads_hard","nP.lulu"
"TBS_WIN2_PET1_rep3","TBS_WIN2_PET1",43,5,98.5,19.7,"low_reads_hard","nP.lulu"
"TBS_WIN2_wPE3_rep7","TBS_WIN2_wPE3",1,1,18023,3604.6,"low_OTU+low_reads_relative+low_reads_hard","nP.lulu"
"SEL_1_wPET2_rep2","SEL_1_wPET2",100,8,NA,NA,"singleton_low_reads","nP.lulu"
"SEL_9_F3_rep2","SEL_9_F3",456,35,NA,NA,"singleton_low_reads","nP.lulu"
"EB_bc22_rep4","EB_bc22",549,76,41724.5,8344.9,"low_reads_relative","psP.lulu"
"SEL_5_PET1_rep3","SEL_5_PET1",4,2,70668,14133.6,"low_OTU+low_reads_relative+low_reads_hard","psP.lulu"
"TBS_5_wPE2_rep7","TBS_5_wPE2",1695,61,48248.5,9649.7,"low_reads_relative","psP.lulu"
"SEL_5_PET3_rep3","SEL_5_PET3",2,2,65401.5,13080.3,"low_OTU+low_reads_relative+low_reads_hard","psP.lulu"
"SEL_5_wPE1_rep3","SEL_5_wPE1",26,16,42771,8554.2,"low_reads_relative+low_reads_hard","psP.lulu"
"MB_iso16_rep2","MB_iso16",185,39,24337,4867.4,"low_reads_relative","psP.lulu"
"MB_iso16_rep6","MB_iso16",0,0,24337,4867.4,"low_OTU+low_reads_relative+low_reads_hard","psP.lulu"
"MB_iso26_rep4","MB_iso26",980,81,61114,12222.8,"low_reads_relative","psP.lulu"
"MB_iso46_rep8","MB_iso46",1,1,45025,9005,"low_OTU+low_reads_relative+low_reads_hard","psP.lulu"
"MB_iso56_rep6","MB_iso56",2,1,39160.5,7832.1,"low_OTU+low_reads_relative+low_reads_hard","psP.lulu"
"MB_iso56_rep7","MB_iso56",1,1,39160.5,7832.1,"low_OTU+low_reads_relative+low_reads_hard","psP.lulu"
"MB_iso66_rep2","MB_iso66",79,32,28380.5,5676.1,"low_reads_relative","psP.lulu"
"SEL_1_F1_rep2","SEL_1_F1",377,102,51443,10288.6,"low_reads_relative","psP.lulu"
"SEL_1_F2_rep2","SEL_1_F2",204,90,21635.5,4327.1,"low_reads_relative","psP.lulu"
"SEL_1_F3_rep2","SEL_1_F3",1167,214,42316.5,8463.3,"low_reads_relative","psP.lulu"
"SEL_1_G3_rep4","SEL_1_G3",12,5,7627.5,1525.5,"low_reads_relative+low_reads_hard","psP.lulu"
"SEL_1_PE3_rep1","SEL_1_PE3",0,0,73,14.6,"low_OTU+low_reads_relative+low_reads_hard","psP.lulu"
"SEL_1_PE3_rep2","SEL_1_PE3",145,2,73,14.6,"low_OTU","psP.lulu"
"SEL_1_PE3_rep4","SEL_1_PE3",1,1,73,14.6,"low_OTU+low_reads_relative+low_reads_hard","psP.lulu"
"SEL_1_wPE1_rep1","SEL_1_wPE1",2,2,91.5,18.3,"low_OTU+low_reads_relative+low_reads_hard","psP.lulu"
"SEL_1_wPE1_rep2","SEL_1_wPE1",1207,2,91.5,18.3,"low_OTU","psP.lulu"
"SEL_1_wPE1_rep3","SEL_1_wPE1",181,1,91.5,18.3,"low_OTU","psP.lulu"
"SEL_1_wPE1_rep4","SEL_1_wPE1",0,0,91.5,18.3,"low_OTU+low_reads_relative+low_reads_hard","psP.lulu"
"SEL_1_wPET1_rep1","SEL_1_wPET1",42,21,16,3.2,"low_reads_hard","psP.lulu"
"SEL_1_wPET1_rep2","SEL_1_wPET1",23,16,16,3.2,"low_reads_hard","psP.lulu"
"SEL_1_wPET1_rep3","SEL_1_wPET1",9,7,16,3.2,"low_reads_hard","psP.lulu"
"SEL_1_wPET1_rep4","SEL_1_wPET1",2,2,16,3.2,"low_OTU+low_reads_relative+low_reads_hard","psP.lulu"
"SEL_1_wPET2_rep3","SEL_1_wPET2",14,8,53.5,10.7,"low_reads_hard","psP.lulu"
"SEL_1_wPET2_rep4","SEL_1_wPET2",19,6,53.5,10.7,"low_reads_hard","psP.lulu"
"SEL_10_F1_rep2","SEL_10_F1",0,0,44280,8856,"low_OTU+low_reads_relative+low_reads_hard","psP.lulu"
"SEL_10_F2_rep2","SEL_10_F2",84,49,29486,5897.2,"low_reads_relative","psP.lulu"
"SEL_11_F1_rep2","SEL_11_F1",916,187,22359.5,4471.9,"low_reads_relative","psP.lulu"
"SEL_11_F2_rep2","SEL_11_F2",0,0,17015.5,3403.1,"low_OTU+low_reads_relative+low_reads_hard","psP.lulu"
"SEL_11_F3_rep2","SEL_11_F3",8,7,12920,2584,"low_reads_relative+low_reads_hard","psP.lulu"
"SEL_12_F1_rep2","SEL_12_F1",1661,251,9578,1915.6,"low_reads_relative","psP.lulu"
"SEL_12_F3_rep8","SEL_12_F3",1,1,42481,8496.2,"low_OTU+low_reads_relative+low_reads_hard","psP.lulu"
"SEL_2_F2_rep2","SEL_2_F2",182,59,12293,2458.6,"low_reads_relative","psP.lulu"
"SEL_2_F3_rep2","SEL_2_F3",936,209,15094.5,3018.9,"low_reads_relative","psP.lulu"
"SEL_2_PET1_rep3","SEL_2_PET1",23,7,7153,1430.6,"low_reads_relative+low_reads_hard","psP.lulu"
"SEL_2_PET3_rep7","SEL_2_PET3",0,0,60650,12130,"low_OTU+low_reads_relative+low_reads_hard","psP.lulu"
"SEL_2_wPE2_rep3","SEL_2_wPE2",713,29,39121,7824.2,"low_reads_relative","psP.lulu"
"SEL_2_wPE2_rep5","SEL_2_wPE2",0,0,39121,7824.2,"low_OTU+low_reads_relative+low_reads_hard","psP.lulu"
"SEL_3_F3_rep2","SEL_3_F3",32,21,31753.5,6350.7,"low_reads_relative+low_reads_hard","psP.lulu"
"SEL_3_wPET1_rep7","SEL_3_wPET1",0,0,49114,9822.8,"low_OTU+low_reads_relative+low_reads_hard","psP.lulu"
"SEL_3_wPET3_rep5","SEL_3_wPET3",1,1,44234,8846.8,"low_OTU+low_reads_relative+low_reads_hard","psP.lulu"
"SEL_3_wPET3_rep8","SEL_3_wPET3",3,2,44234,8846.8,"low_OTU+low_reads_relative+low_reads_hard","psP.lulu"
"SEL_4_F1_rep5","SEL_4_F1",0,0,49610,9922,"low_OTU+low_reads_relative+low_reads_hard","psP.lulu"
"SEL_4_F2_rep5","SEL_4_F2",1,1,26816,5363.2,"low_OTU+low_reads_relative+low_reads_hard","psP.lulu"
"SEL_4_G2_rep6","SEL_4_G2",15,3,25682.5,5136.5,"low_reads_relative+low_reads_hard","psP.lulu"
"SEL_4_G2_rep7","SEL_4_G2",832,63,25682.5,5136.5,"low_reads_relative","psP.lulu"
"SEL_4_PE2_rep6","SEL_4_PE2",1,1,74682,14936.4,"low_OTU+low_reads_relative+low_reads_hard","psP.lulu"
"SEL_4_PET1_rep6","SEL_4_PET1",267,31,12521.5,2504.3,"low_reads_relative","psP.lulu"
"SEL_4_PET1_rep7","SEL_4_PET1",166,26,12521.5,2504.3,"low_reads_relative","psP.lulu"
"SEL_4_PET2_rep7","SEL_4_PET2",74,25,75481.5,15096.3,"low_reads_relative","psP.lulu"
"SEL_4_PET2_rep6","SEL_4_PET2",1,1,75481.5,15096.3,"low_OTU+low_reads_relative+low_reads_hard","psP.lulu"
"SEL_4_PET3_rep7","SEL_4_PET3",22,5,155411,31082.2,"low_reads_relative+low_reads_hard","psP.lulu"
"SEL_4_wPE2_rep6","SEL_4_wPE2",7,5,35974.5,7194.9,"low_reads_relative+low_reads_hard","psP.lulu"
"SEL_4_wPE2_rep7","SEL_4_wPE2",3,3,35974.5,7194.9,"low_reads_relative+low_reads_hard","psP.lulu"
"SEL_4_wPET1_rep6","SEL_4_wPET1",15,10,75,15,"low_reads_hard","psP.lulu"
"SEL_4_wPET1_rep7","SEL_4_wPET1",2,2,75,15,"low_OTU+low_reads_relative+low_reads_hard","psP.lulu"
"SEL_4_wPET2_rep7","SEL_4_wPET2",8,4,100.5,20.1,"low_reads_relative+low_reads_hard","psP.lulu"
"SEL_4_wPET2_rep6","SEL_4_wPET2",1,1,100.5,20.1,"low_OTU+low_reads_relative+low_reads_hard","psP.lulu"
"SEL_5_F2_rep7","SEL_5_F2",0,0,22413.5,4482.7,"low_OTU+low_reads_relative+low_reads_hard","psP.lulu"
"SEL_5_F2_rep8","SEL_5_F2",0,0,22413.5,4482.7,"low_OTU+low_reads_relative+low_reads_hard","psP.lulu"
"SEL_6_G2_rep6","SEL_6_G2",17,8,72925,14585,"low_reads_relative+low_reads_hard","psP.lulu"
"SEL_7_F2_rep8","SEL_7_F2",1,1,87402,17480.4,"low_OTU+low_reads_relative+low_reads_hard","psP.lulu"
"SEL_7_F3_rep5","SEL_7_F3",1,1,72057,14411.4,"low_OTU+low_reads_relative+low_reads_hard","psP.lulu"
"SEL_8_PET2_rep6","SEL_8_PET2",10,3,70138,14027.6,"low_reads_relative+low_reads_hard","psP.lulu"
"SEL_8_PET2_rep7","SEL_8_PET2",890,17,70138,14027.6,"low_reads_relative","psP.lulu"
"SEL_8_wPET1_rep5","SEL_8_wPET1",6,1,17969,3593.8,"low_OTU+low_reads_relative+low_reads_hard","psP.lulu"
"SEL_8_wPET1_rep6","SEL_8_wPET1",12,3,17969,3593.8,"low_reads_relative+low_reads_hard","psP.lulu"
"SEL_8_wPET1_rep7","SEL_8_wPET1",15,2,17969,3593.8,"low_OTU+low_reads_relative+low_reads_hard","psP.lulu"
"SEL_8_wPET1_rep8","SEL_8_wPET1",9,1,17969,3593.8,"low_OTU+low_reads_relative+low_reads_hard","psP.lulu"
"SEL_8_wPET3_rep6","SEL_8_wPET3",225,8,99282,19856.4,"low_reads_relative","psP.lulu"
"SEL_9_F1_rep6","SEL_9_F1",0,0,24045,4809,"low_OTU+low_reads_relative+low_reads_hard","psP.lulu"
"SEL_9_F1_rep8","SEL_9_F1",1,1,24045,4809,"low_OTU+low_reads_relative+low_reads_hard","psP.lulu"
"SEL_9_F2_rep7","SEL_9_F2",1,1,19759,3951.8,"low_OTU+low_reads_relative+low_reads_hard","psP.lulu"
"SEL_9_F3_rep1","SEL_9_F3",36,23,25,5,"low_reads_hard","psP.lulu"
"SEL_9_F3_rep3","SEL_9_F3",0,0,25,5,"low_OTU+low_reads_relative+low_reads_hard","psP.lulu"
"SEL_9_F3_rep4","SEL_9_F3",14,10,25,5,"low_reads_hard","psP.lulu"
"SEL_FAL_PE2_rep7","SEL_FAL_PE2",1,1,59798,11959.6,"low_OTU+low_reads_relative+low_reads_hard","psP.lulu"
"SEL_FAL_PET3_rep4","SEL_FAL_PET3",121,45,9982,1996.4,"low_reads_relative","psP.lulu"
"SEL_SPR_G1_rep6","SEL_SPR_G1",112,7,90879,18175.8,"low_reads_relative","psP.lulu"
"SEL_SPR_PE1_rep6","SEL_SPR_PE1",435,48,93250,18650,"low_reads_relative","psP.lulu"
"SEL_SPR_PE2_rep7","SEL_SPR_PE2",0,0,54716,10943.2,"low_OTU+low_reads_relative+low_reads_hard","psP.lulu"
"SEL_SPR_PET3_rep6","SEL_SPR_PET3",404,35,35630,7126,"low_reads_relative","psP.lulu"
"SEL_SPR_wPE1_rep6","SEL_SPR_wPE1",254,17,150897,30179.4,"low_reads_relative","psP.lulu"
"SEL_SPR_wPE3_rep4","SEL_SPR_wPE3",253,42,36093,7218.6,"low_reads_relative","psP.lulu"
"SEL_SPR_wPE3_rep6","SEL_SPR_wPE3",1,1,36093,7218.6,"low_OTU+low_reads_relative+low_reads_hard","psP.lulu"
"SEL_SPR_wPET2_rep6","SEL_SPR_wPET2",1,1,59905,11981,"low_OTU+low_reads_relative+low_reads_hard","psP.lulu"
"SEL_SUM_PE1_rep6","SEL_SUM_PE1",1324,28,28604.5,5720.9,"low_reads_relative","psP.lulu"
"SEL_SUM_PET2_rep6","SEL_SUM_PET2",1417,44,59303,11860.6,"low_reads_relative","psP.lulu"
"SEL_WIN2_PE1_rep5","SEL_WIN2_PE1",41,6,16331.5,3266.3,"low_reads_relative+low_reads_hard","psP.lulu"
"SEL_WIN2_PE1_rep6","SEL_WIN2_PE1",31,7,16331.5,3266.3,"low_reads_relative+low_reads_hard","psP.lulu"
"SEL_WIN2_PE1_rep7","SEL_WIN2_PE1",36,7,16331.5,3266.3,"low_reads_relative+low_reads_hard","psP.lulu"
"SEL_WIN2_PE1_rep8","SEL_WIN2_PE1",40,7,16331.5,3266.3,"low_reads_relative+low_reads_hard","psP.lulu"
"SEL_WIN2_PE3_rep5","SEL_WIN2_PE3",1,1,37675,7535,"low_OTU+low_reads_relative+low_reads_hard","psP.lulu"
"SEL_WIN2_PE3_rep7","SEL_WIN2_PE3",1,1,37675,7535,"low_OTU+low_reads_relative+low_reads_hard","psP.lulu"
"SEL_WIN2_PE3_rep8","SEL_WIN2_PE3",3,2,37675,7535,"low_OTU+low_reads_relative+low_reads_hard","psP.lulu"
"SEL_WIN2_PET3_rep5","SEL_WIN2_PET3",0,0,48125,9625,"low_OTU+low_reads_relative+low_reads_hard","psP.lulu"
"SEL_WIN2_PET3_rep6","SEL_WIN2_PET3",3,2,48125,9625,"low_OTU+low_reads_relative+low_reads_hard","psP.lulu"
"SEL_WIN2_PET3_rep7","SEL_WIN2_PET3",2,2,48125,9625,"low_OTU+low_reads_relative+low_reads_hard","psP.lulu"
"SEL_WIN2_wPE2_rep3","SEL_WIN2_wPE2",18243,2,21939.5,4387.9,"low_OTU","psP.lulu"
"SEL_WIN2_wPE2_rep4","SEL_WIN2_wPE2",4778,2,21939.5,4387.9,"low_OTU","psP.lulu"
"TBS_1_G1_rep8","TBS_1_G1",0,0,411,82.2,"low_OTU+low_reads_relative+low_reads_hard","psP.lulu"
"TBS_1_G2_rep4","TBS_1_G2",8,7,23828.5,4765.7,"low_reads_relative+low_reads_hard","psP.lulu"
"TBS_1_PE1_rep4","TBS_1_PE1",9211,2,10161.5,2032.3,"low_OTU","psP.lulu"
"TBS_1_PE2_rep6","TBS_1_PE2",1,1,48095,9619,"low_OTU+low_reads_relative+low_reads_hard","psP.lulu"
"TBS_1_PET3_rep1","TBS_1_PET3",1948,60,47197.5,9439.5,"low_reads_relative","psP.lulu"
"TBS_1_wPE2_rep7","TBS_1_wPE2",0,0,33290,6658,"low_OTU+low_reads_relative+low_reads_hard","psP.lulu"
"TBS_1_wPET3_rep1","TBS_1_wPET3",8,6,27546.5,5509.3,"low_reads_relative+low_reads_hard","psP.lulu"
"TBS_10_F2_rep5","TBS_10_F2",1,1,40586,8117.2,"low_OTU+low_reads_relative+low_reads_hard","psP.lulu"
"TBS_11_F1_rep2","TBS_11_F1",1875,298,58474,11694.8,"low_reads_relative","psP.lulu"
"TBS_2_F3_rep2","TBS_2_F3",1,1,18129,3625.8,"low_OTU+low_reads_relative+low_reads_hard","psP.lulu"
"TBS_2_PE1_rep7","TBS_2_PE1",0,0,62944,12588.8,"low_OTU+low_reads_relative+low_reads_hard","psP.lulu"
"TBS_2_PE2_rep4","TBS_2_PE2",0,0,36679,7335.8,"low_OTU+low_reads_relative+low_reads_hard","psP.lulu"
"TBS_2_PE2_rep7","TBS_2_PE2",0,0,36679,7335.8,"low_OTU+low_reads_relative+low_reads_hard","psP.lulu"
"TBS_2_PE3_rep4","TBS_2_PE3",8,2,4474,894.8,"low_OTU+low_reads_relative+low_reads_hard","psP.lulu"
"TBS_2_PE3_rep8","TBS_2_PE3",1,1,4474,894.8,"low_OTU+low_reads_relative+low_reads_hard","psP.lulu"
"TBS_3_PE1_rep4","TBS_3_PE1",839,77,48571.5,9714.3,"low_reads_relative","psP.lulu"
"TBS_6_F1_rep6","TBS_6_F1",0,0,59033,11806.6,"low_OTU+low_reads_relative+low_reads_hard","psP.lulu"
"TBS_6_F3_rep6","TBS_6_F3",1,1,31051,6210.2,"low_OTU+low_reads_relative+low_reads_hard","psP.lulu"
"TBS_6_PET3_rep3","TBS_6_PET3",0,0,36591,7318.2,"low_OTU+low_reads_relative+low_reads_hard","psP.lulu"
"TBS_8_PET3_rep5","TBS_8_PET3",1,1,95,19,"low_OTU+low_reads_relative+low_reads_hard","psP.lulu"
"TBS_8_PET3_rep6","TBS_8_PET3",1,1,95,19,"low_OTU+low_reads_relative+low_reads_hard","psP.lulu"
"TBS_8_PET3_rep7","TBS_8_PET3",3,1,95,19,"low_OTU+low_reads_relative+low_reads_hard","psP.lulu"
"TBS_8_wPET3_rep2","TBS_8_wPET3",207,38,67271,13454.2,"low_reads_relative","psP.lulu"
"TBS_FAL_G1_rep7","TBS_FAL_G1",1,1,45277,9055.4,"low_OTU+low_reads_relative+low_reads_hard","psP.lulu"
"TBS_FAL_PET1_rep7","TBS_FAL_PET1",0,0,35016,7003.2,"low_OTU+low_reads_relative+low_reads_hard","psP.lulu"
"TBS_FAL_wPE1_rep7","TBS_FAL_wPE1",1,1,48093,9618.6,"low_OTU+low_reads_relative+low_reads_hard","psP.lulu"
"TBS_SPR_wPET2_rep1","TBS_SPR_wPET2",283,50,48973,9794.6,"low_reads_relative","psP.lulu"
"TBS_SUM_PE3_rep1","TBS_SUM_PE3",51,4,73728.5,14745.7,"low_reads_relative","psP.lulu"
"TBS_SUM_PET2_rep1","TBS_SUM_PET2",169,9,67882.5,13576.5,"low_reads_relative","psP.lulu"
"TBS_WIN2_PE1_rep4","TBS_WIN2_PE1",1651,5,12260,2452,"low_reads_relative","psP.lulu"
"TBS_WIN2_PET1_rep2","TBS_WIN2_PET1",20,7,104.5,20.9,"low_reads_relative+low_reads_hard","psP.lulu"
"TBS_WIN2_PET1_rep3","TBS_WIN2_PET1",23,8,104.5,20.9,"low_reads_hard","psP.lulu"
"TBS_WIN2_wPE3_rep7","TBS_WIN2_wPE3",1,1,18228,3645.6,"low_OTU+low_reads_relative+low_reads_hard","psP.lulu"
"SEL_9_F3_rep2","SEL_9_F3",652,135,NA,NA,"singleton_low_reads","psP.lulu"
"EB_bc22_rep4","EB_bc22",526,91,41542,8308.4,"low_reads_relative","fP.lulu"
"SEL_5_PET1_rep3","SEL_5_PET1",1,1,69361,13872.2,"low_OTU+low_reads_relative+low_reads_hard","fP.lulu"
"TBS_5_wPE2_rep7","TBS_5_wPE2",1592,65,47897,9579.4,"low_reads_relative","fP.lulu"
"SEL_5_PET3_rep3","SEL_5_PET3",2,2,64073.5,12814.7,"low_OTU+low_reads_relative+low_reads_hard","fP.lulu"
"SEL_5_wPE1_rep3","SEL_5_wPE1",19,13,41389.5,8277.9,"low_reads_relative+low_reads_hard","fP.lulu"
"MB_iso16_rep2","MB_iso16",104,41,24307,4861.4,"low_reads_relative","fP.lulu"
"MB_iso16_rep6","MB_iso16",0,0,24307,4861.4,"low_OTU+low_reads_relative+low_reads_hard","fP.lulu"
"MB_iso26_rep4","MB_iso26",961,98,60963,12192.6,"low_reads_relative","fP.lulu"
"MB_iso46_rep8","MB_iso46",1,1,44936,8987.2,"low_OTU+low_reads_relative+low_reads_hard","fP.lulu"
"MB_iso56_rep6","MB_iso56",2,1,39401,7880.2,"low_OTU+low_reads_relative+low_reads_hard","fP.lulu"
"MB_iso56_rep7","MB_iso56",1,1,39401,7880.2,"low_OTU+low_reads_relative+low_reads_hard","fP.lulu"
"MB_iso66_rep2","MB_iso66",50,27,28457,5691.4,"low_reads_relative","fP.lulu"
"SEL_1_F1_rep2","SEL_1_F1",265,106,50757,10151.4,"low_reads_relative","fP.lulu"
"SEL_1_F2_rep2","SEL_1_F2",115,68,21355,4271,"low_reads_relative","fP.lulu"
"SEL_1_F3_rep2","SEL_1_F3",958,244,42027,8405.4,"low_reads_relative","fP.lulu"
"SEL_1_G3_rep4","SEL_1_G3",12,4,7314,1462.8,"low_reads_relative+low_reads_hard","fP.lulu"
"SEL_1_PE3_rep1","SEL_1_PE3",0,0,73,14.6,"low_OTU+low_reads_relative+low_reads_hard","fP.lulu"
"SEL_1_PE3_rep2","SEL_1_PE3",146,1,73,14.6,"low_OTU","fP.lulu"
"SEL_1_PE3_rep4","SEL_1_PE3",0,0,73,14.6,"low_OTU+low_reads_relative+low_reads_hard","fP.lulu"
"SEL_1_wPE1_rep1","SEL_1_wPE1",0,0,89.5,17.9,"low_OTU+low_reads_relative+low_reads_hard","fP.lulu"
"SEL_1_wPE1_rep4","SEL_1_wPE1",0,0,89.5,17.9,"low_OTU+low_reads_relative+low_reads_hard","fP.lulu"
"SEL_1_wPET1_rep1","SEL_1_wPET1",36,21,11.5,2.3,"low_reads_hard","fP.lulu"
"SEL_1_wPET1_rep2","SEL_1_wPET1",14,12,11.5,2.3,"low_reads_hard","fP.lulu"
"SEL_1_wPET1_rep3","SEL_1_wPET1",9,8,11.5,2.3,"low_reads_hard","fP.lulu"
"SEL_1_wPET1_rep4","SEL_1_wPET1",2,2,11.5,2.3,"low_OTU+low_reads_relative+low_reads_hard","fP.lulu"
"SEL_1_wPET2_rep3","SEL_1_wPET2",11,9,35.5,7.1,"low_reads_hard","fP.lulu"
"SEL_1_wPET2_rep4","SEL_1_wPET2",18,7,35.5,7.1,"low_reads_hard","fP.lulu"
"SEL_10_F1_rep2","SEL_10_F1",0,0,43161,8632.2,"low_OTU+low_reads_relative+low_reads_hard","fP.lulu"
"SEL_10_F2_rep2","SEL_10_F2",49,39,29036.5,5807.3,"low_reads_relative+low_reads_hard","fP.lulu"
"SEL_11_F1_rep2","SEL_11_F1",680,194,22105,4421,"low_reads_relative","fP.lulu"
"SEL_11_F2_rep2","SEL_11_F2",2,2,16847,3369.4,"low_OTU+low_reads_relative+low_reads_hard","fP.lulu"
"SEL_11_F3_rep2","SEL_11_F3",8,5,12756.5,2551.3,"low_reads_relative+low_reads_hard","fP.lulu"
"SEL_12_F1_rep2","SEL_12_F1",1274,307,9354.5,1870.9,"low_reads_relative","fP.lulu"
"SEL_12_F3_rep8","SEL_12_F3",0,0,41663,8332.6,"low_OTU+low_reads_relative+low_reads_hard","fP.lulu"
"SEL_2_F1_rep2","SEL_2_F1",1941,380,13238,2647.6,"low_reads_relative","fP.lulu"
"SEL_2_F2_rep2","SEL_2_F2",93,49,12043,2408.6,"low_reads_relative","fP.lulu"
"SEL_2_F3_rep2","SEL_2_F3",748,219,14915.5,2983.1,"low_reads_relative","fP.lulu"
"SEL_2_PET1_rep2","SEL_2_PET1",0,0,6050,1210,"low_OTU+low_reads_relative+low_reads_hard","fP.lulu"
"SEL_2_PET1_rep3","SEL_2_PET1",19,5,6050,1210,"low_reads_relative+low_reads_hard","fP.lulu"
"SEL_2_PET3_rep7","SEL_2_PET3",0,0,59555,11911,"low_OTU+low_reads_relative+low_reads_hard","fP.lulu"
"SEL_2_wPE2_rep3","SEL_2_wPE2",488,27,30308,6061.6,"low_reads_relative","fP.lulu"
"SEL_2_wPE2_rep5","SEL_2_wPE2",0,0,30308,6061.6,"low_OTU+low_reads_relative+low_reads_hard","fP.lulu"
"SEL_3_F3_rep2","SEL_3_F3",21,15,31349.5,6269.9,"low_reads_relative+low_reads_hard","fP.lulu"
"SEL_3_wPET1_rep7","SEL_3_wPET1",1,1,48697,9739.4,"low_OTU+low_reads_relative+low_reads_hard","fP.lulu"
"SEL_3_wPET3_rep5","SEL_3_wPET3",1,1,44045,8809,"low_OTU+low_reads_relative+low_reads_hard","fP.lulu"
"SEL_3_wPET3_rep8","SEL_3_wPET3",3,2,44045,8809,"low_OTU+low_reads_relative+low_reads_hard","fP.lulu"
"SEL_4_F1_rep5","SEL_4_F1",0,0,49409,9881.8,"low_OTU+low_reads_relative+low_reads_hard","fP.lulu"
"SEL_4_F2_rep5","SEL_4_F2",1,1,26663,5332.6,"low_OTU+low_reads_relative+low_reads_hard","fP.lulu"
"SEL_4_G2_rep6","SEL_4_G2",9,4,25765.5,5153.1,"low_reads_relative+low_reads_hard","fP.lulu"
"SEL_4_G2_rep7","SEL_4_G2",830,70,25765.5,5153.1,"low_reads_relative","fP.lulu"
"SEL_4_PE2_rep6","SEL_4_PE2",1,1,74581.5,14916.3,"low_OTU+low_reads_relative+low_reads_hard","fP.lulu"
"SEL_4_PET1_rep6","SEL_4_PET1",272,36,12620,2524,"low_reads_relative","fP.lulu"
"SEL_4_PET1_rep7","SEL_4_PET1",167,24,12620,2524,"low_reads_relative","fP.lulu"
"SEL_4_PET2_rep7","SEL_4_PET2",71,25,75741,15148.2,"low_reads_relative","fP.lulu"
"SEL_4_PET2_rep6","SEL_4_PET2",1,1,75741,15148.2,"low_OTU+low_reads_relative+low_reads_hard","fP.lulu"
"SEL_4_PET3_rep7","SEL_4_PET3",20,7,155668,31133.6,"low_reads_relative+low_reads_hard","fP.lulu"
"SEL_4_wPE2_rep6","SEL_4_wPE2",2,2,35742.5,7148.5,"low_OTU+low_reads_relative+low_reads_hard","fP.lulu"
"SEL_4_wPE2_rep7","SEL_4_wPE2",3,3,35742.5,7148.5,"low_reads_relative+low_reads_hard","fP.lulu"
"SEL_4_wPET1_rep6","SEL_4_wPET1",7,6,70,14,"low_reads_relative+low_reads_hard","fP.lulu"
"SEL_4_wPET1_rep7","SEL_4_wPET1",3,2,70,14,"low_OTU+low_reads_relative+low_reads_hard","fP.lulu"
"SEL_4_wPET2_rep7","SEL_4_wPET2",6,5,93,18.6,"low_reads_relative+low_reads_hard","fP.lulu"
"SEL_4_wPET2_rep6","SEL_4_wPET2",0,0,93,18.6,"low_OTU+low_reads_relative+low_reads_hard","fP.lulu"
"SEL_5_F2_rep7","SEL_5_F2",0,0,22023,4404.6,"low_OTU+low_reads_relative+low_reads_hard","fP.lulu"
"SEL_5_F2_rep8","SEL_5_F2",0,0,22023,4404.6,"low_OTU+low_reads_relative+low_reads_hard","fP.lulu"
"SEL_6_G2_rep6","SEL_6_G2",10,6,72792,14558.4,"low_reads_relative+low_reads_hard","fP.lulu"
"SEL_7_F2_rep8","SEL_7_F2",1,1,86775,17355,"low_OTU+low_reads_relative+low_reads_hard","fP.lulu"
"SEL_7_F3_rep5","SEL_7_F3",1,1,71823,14364.6,"low_OTU+low_reads_relative+low_reads_hard","fP.lulu"
"SEL_8_PET2_rep6","SEL_8_PET2",9,3,70170.5,14034.1,"low_reads_relative+low_reads_hard","fP.lulu"
"SEL_8_PET2_rep7","SEL_8_PET2",890,21,70170.5,14034.1,"low_reads_relative","fP.lulu"
"SEL_8_wPET1_rep5","SEL_8_wPET1",7,2,17959,3591.8,"low_OTU+low_reads_relative+low_reads_hard","fP.lulu"
"SEL_8_wPET1_rep6","SEL_8_wPET1",13,4,17959,3591.8,"low_reads_relative+low_reads_hard","fP.lulu"
"SEL_8_wPET1_rep7","SEL_8_wPET1",16,3,17959,3591.8,"low_reads_relative+low_reads_hard","fP.lulu"
"SEL_8_wPET1_rep8","SEL_8_wPET1",10,2,17959,3591.8,"low_OTU+low_reads_relative+low_reads_hard","fP.lulu"
"SEL_8_wPET3_rep6","SEL_8_wPET3",222,8,99459,19891.8,"low_reads_relative","fP.lulu"
"SEL_9_F1_rep6","SEL_9_F1",0,0,23554.5,4710.9,"low_OTU+low_reads_relative+low_reads_hard","fP.lulu"
"SEL_9_F1_rep8","SEL_9_F1",1,1,23554.5,4710.9,"low_OTU+low_reads_relative+low_reads_hard","fP.lulu"
"SEL_9_F2_rep7","SEL_9_F2",1,1,18933,3786.6,"low_OTU+low_reads_relative+low_reads_hard","fP.lulu"
"SEL_9_F3_rep1","SEL_9_F3",26,19,20.5,4.1,"low_reads_hard","fP.lulu"
"SEL_9_F3_rep3","SEL_9_F3",0,0,20.5,4.1,"low_OTU+low_reads_relative+low_reads_hard","fP.lulu"
"SEL_9_F3_rep4","SEL_9_F3",15,13,20.5,4.1,"low_reads_hard","fP.lulu"
"SEL_FAL_PE2_rep7","SEL_FAL_PE2",1,1,59889,11977.8,"low_OTU+low_reads_relative+low_reads_hard","fP.lulu"
"SEL_FAL_PET3_rep4","SEL_FAL_PET3",104,42,10022.5,2004.5,"low_reads_relative","fP.lulu"
"SEL_SPR_G1_rep6","SEL_SPR_G1",106,8,90907,18181.4,"low_reads_relative","fP.lulu"
"SEL_SPR_PE1_rep6","SEL_SPR_PE1",421,53,93027.5,18605.5,"low_reads_relative","fP.lulu"
"SEL_SPR_PE2_rep7","SEL_SPR_PE2",0,0,64009,12801.8,"low_OTU+low_reads_relative+low_reads_hard","fP.lulu"
"SEL_SPR_PET3_rep6","SEL_SPR_PET3",404,44,35538,7107.6,"low_reads_relative","fP.lulu"
"SEL_SPR_wPE1_rep6","SEL_SPR_wPE1",250,19,151518.5,30303.7,"low_reads_relative","fP.lulu"
"SEL_SPR_wPE3_rep4","SEL_SPR_wPE3",225,46,35895,7179,"low_reads_relative","fP.lulu"
"SEL_SPR_wPE3_rep6","SEL_SPR_wPE3",0,0,35895,7179,"low_OTU+low_reads_relative+low_reads_hard","fP.lulu"
"SEL_SPR_wPET2_rep6","SEL_SPR_wPET2",0,0,59675,11935,"low_OTU+low_reads_relative+low_reads_hard","fP.lulu"
"SEL_SUM_PE1_rep6","SEL_SUM_PE1",1318,29,28600.5,5720.1,"low_reads_relative","fP.lulu"
"SEL_SUM_PET2_rep6","SEL_SUM_PET2",1428,49,59367,11873.4,"low_reads_relative","fP.lulu"
"SEL_WIN2_PE1_rep5","SEL_WIN2_PE1",43,8,16224,3244.8,"low_reads_relative+low_reads_hard","fP.lulu"
"SEL_WIN2_PE1_rep6","SEL_WIN2_PE1",34,10,16224,3244.8,"low_reads_relative+low_reads_hard","fP.lulu"
"SEL_WIN2_PE1_rep7","SEL_WIN2_PE1",35,6,16224,3244.8,"low_reads_relative+low_reads_hard","fP.lulu"
"SEL_WIN2_PE1_rep8","SEL_WIN2_PE1",43,8,16224,3244.8,"low_reads_relative+low_reads_hard","fP.lulu"
"SEL_WIN2_PE3_rep5","SEL_WIN2_PE3",2,2,37497,7499.4,"low_OTU+low_reads_relative+low_reads_hard","fP.lulu"
"SEL_WIN2_PE3_rep7","SEL_WIN2_PE3",1,1,37497,7499.4,"low_OTU+low_reads_relative+low_reads_hard","fP.lulu"
"SEL_WIN2_PE3_rep8","SEL_WIN2_PE3",3,2,37497,7499.4,"low_OTU+low_reads_relative+low_reads_hard","fP.lulu"
"SEL_WIN2_PET3_rep5","SEL_WIN2_PET3",2,1,47874,9574.8,"low_OTU+low_reads_relative+low_reads_hard","fP.lulu"
"SEL_WIN2_PET3_rep6","SEL_WIN2_PET3",3,2,47874,9574.8,"low_OTU+low_reads_relative+low_reads_hard","fP.lulu"
"SEL_WIN2_PET3_rep7","SEL_WIN2_PET3",2,2,47874,9574.8,"low_OTU+low_reads_relative+low_reads_hard","fP.lulu"
"SEL_WIN2_wPE2_rep3","SEL_WIN2_wPE2",18134,1,20398,4079.6,"low_OTU","fP.lulu"
"TBS_1_G1_rep8","TBS_1_G1",1,1,253,50.6,"low_OTU+low_reads_relative+low_reads_hard","fP.lulu"
"TBS_1_G2_rep4","TBS_1_G2",7,6,21717.5,4343.5,"low_reads_relative+low_reads_hard","fP.lulu"
"TBS_1_PE1_rep4","TBS_1_PE1",5727,2,9387.5,1877.5,"low_OTU","fP.lulu"
"TBS_1_PE2_rep6","TBS_1_PE2",1,1,47567,9513.4,"low_OTU+low_reads_relative+low_reads_hard","fP.lulu"
"TBS_1_PET3_rep1","TBS_1_PET3",1776,65,45206,9041.2,"low_reads_relative","fP.lulu"
"TBS_1_wPE2_rep7","TBS_1_wPE2",0,0,30247,6049.4,"low_OTU+low_reads_relative+low_reads_hard","fP.lulu"
"TBS_1_wPET3_rep1","TBS_1_wPET3",8,7,27046.5,5409.3,"low_reads_relative+low_reads_hard","fP.lulu"
"TBS_10_F2_rep5","TBS_10_F2",1,1,40564,8112.8,"low_OTU+low_reads_relative+low_reads_hard","fP.lulu"
"TBS_11_F1_rep2","TBS_11_F1",1566,403,50809.5,10161.9,"low_reads_relative","fP.lulu"
"TBS_2_F3_rep2","TBS_2_F3",1,1,18395,3679,"low_OTU+low_reads_relative+low_reads_hard","fP.lulu"
"TBS_2_PE1_rep7","TBS_2_PE1",0,0,62674,12534.8,"low_OTU+low_reads_relative+low_reads_hard","fP.lulu"
"TBS_2_PE2_rep4","TBS_2_PE2",0,0,29015,5803,"low_OTU+low_reads_relative+low_reads_hard","fP.lulu"
"TBS_2_PE2_rep7","TBS_2_PE2",0,0,29015,5803,"low_OTU+low_reads_relative+low_reads_hard","fP.lulu"
"TBS_2_PE3_rep4","TBS_2_PE3",3,2,4455,891,"low_OTU+low_reads_relative+low_reads_hard","fP.lulu"
"TBS_2_PE3_rep8","TBS_2_PE3",0,0,4455,891,"low_OTU+low_reads_relative+low_reads_hard","fP.lulu"
"TBS_3_PE1_rep4","TBS_3_PE1",794,89,48468.5,9693.7,"low_reads_relative","fP.lulu"
"TBS_6_F1_rep6","TBS_6_F1",0,0,58173,11634.6,"low_OTU+low_reads_relative+low_reads_hard","fP.lulu"
"TBS_6_F3_rep6","TBS_6_F3",1,1,31063,6212.6,"low_OTU+low_reads_relative+low_reads_hard","fP.lulu"
"TBS_6_PET3_rep3","TBS_6_PET3",0,0,36509,7301.8,"low_OTU+low_reads_relative+low_reads_hard","fP.lulu"
"TBS_8_PET3_rep5","TBS_8_PET3",1,1,76,15.2,"low_OTU+low_reads_relative+low_reads_hard","fP.lulu"
"TBS_8_PET3_rep6","TBS_8_PET3",1,1,76,15.2,"low_OTU+low_reads_relative+low_reads_hard","fP.lulu"
"TBS_8_PET3_rep7","TBS_8_PET3",0,0,76,15.2,"low_OTU+low_reads_relative+low_reads_hard","fP.lulu"
"TBS_8_wPET3_rep2","TBS_8_wPET3",193,46,67599,13519.8,"low_reads_relative","fP.lulu"
"TBS_FAL_G1_rep7","TBS_FAL_G1",1,1,42245,8449,"low_OTU+low_reads_relative+low_reads_hard","fP.lulu"
"TBS_FAL_PET1_rep7","TBS_FAL_PET1",0,0,34129,6825.8,"low_OTU+low_reads_relative+low_reads_hard","fP.lulu"
"TBS_FAL_wPE1_rep7","TBS_FAL_wPE1",1,1,47654,9530.8,"low_OTU+low_reads_relative+low_reads_hard","fP.lulu"
"TBS_SPR_wPET2_rep1","TBS_SPR_wPET2",273,50,48740,9748,"low_reads_relative","fP.lulu"
"TBS_SUM_PE3_rep1","TBS_SUM_PE3",52,5,73659,14731.8,"low_reads_relative","fP.lulu"
"TBS_SUM_PET2_rep1","TBS_SUM_PET2",169,10,67822,13564.4,"low_reads_relative","fP.lulu"
"TBS_WIN2_PE1_rep4","TBS_WIN2_PE1",1640,9,11645.5,2329.1,"low_reads_relative","fP.lulu"
"TBS_WIN2_PET1_rep2","TBS_WIN2_PET1",9,6,102.5,20.5,"low_reads_relative+low_reads_hard","fP.lulu"
"TBS_WIN2_PET1_rep3","TBS_WIN2_PET1",20,7,102.5,20.5,"low_reads_relative+low_reads_hard","fP.lulu"
"TBS_WIN2_wPE3_rep7","TBS_WIN2_wPE3",1,1,18032,3606.4,"low_OTU+low_reads_relative+low_reads_hard","fP.lulu"
"SEL_9_F3_rep2","SEL_9_F3",495,155,NA,NA,"singleton_low_reads","fP.lulu"
"EB_bc22_rep4","EB_bc22",511,39,41516,8303.2,"low_reads_relative","nP.sw"
"SEL_5_PET1_rep3","SEL_5_PET1",0,0,69971,13994.2,"low_OTU+low_reads_relative+low_reads_hard","nP.sw"
"TBS_5_wPE2_rep7","TBS_5_wPE2",1591,31,47883.5,9576.7,"low_reads_relative","nP.sw"
"SEL_5_PET3_rep3","SEL_5_PET3",0,0,64839,12967.8,"low_OTU+low_reads_relative+low_reads_hard","nP.sw"
"SEL_5_wPE1_rep3","SEL_5_wPE1",13,4,41886,8377.2,"low_reads_relative+low_reads_hard","nP.sw"
"MB_iso16_rep2","MB_iso16",77,12,24190,4838,"low_reads_relative","nP.sw"
"MB_iso16_rep6","MB_iso16",0,0,24190,4838,"low_OTU+low_reads_relative+low_reads_hard","nP.sw"
"MB_iso26_rep4","MB_iso26",930,37,60766.5,12153.3,"low_reads_relative","nP.sw"
"MB_iso46_rep8","MB_iso46",1,1,44721,8944.2,"low_OTU+low_reads_relative+low_reads_hard","nP.sw"
"MB_iso56_rep6","MB_iso56",2,1,38779,7755.8,"low_OTU+low_reads_relative+low_reads_hard","nP.sw"
"MB_iso56_rep7","MB_iso56",1,1,38779,7755.8,"low_OTU+low_reads_relative+low_reads_hard","nP.sw"
"MB_iso66_rep2","MB_iso66",33,6,28170,5634,"low_reads_relative+low_reads_hard","nP.sw"
"SEL_1_F1_rep2","SEL_1_F1",184,28,50172.5,10034.5,"low_reads_relative","nP.sw"
"SEL_1_F2_rep2","SEL_1_F2",63,16,20262,4052.4,"low_reads_relative","nP.sw"
"SEL_1_F3_rep2","SEL_1_F3",834,60,40793.5,8158.7,"low_reads_relative","nP.sw"
"SEL_1_G2_rep1","SEL_1_G2",30567,2,27853,5570.6,"low_OTU","nP.sw"
"SEL_1_G2_rep4","SEL_1_G2",10339,2,27853,5570.6,"low_OTU","nP.sw"
"SEL_1_G3_rep2","SEL_1_G3",897,2,6618.5,1323.7,"low_OTU+low_reads_relative","nP.sw"
"SEL_1_G3_rep4","SEL_1_G3",8,2,6618.5,1323.7,"low_OTU+low_reads_relative+low_reads_hard","nP.sw"
"SEL_1_PE3_rep1","SEL_1_PE3",0,0,0,0,"low_OTU+low_reads_hard","nP.sw"
"SEL_1_PE3_rep2","SEL_1_PE3",0,0,0,0,"low_OTU+low_reads_hard","nP.sw"
"SEL_1_PE3_rep3","SEL_1_PE3",84577,2,0,0,"low_OTU","nP.sw"
"SEL_1_PE3_rep4","SEL_1_PE3",0,0,0,0,"low_OTU+low_reads_hard","nP.sw"
"SEL_1_wPE1_rep1","SEL_1_wPE1",0,0,91,18.2,"low_OTU+low_reads_relative+low_reads_hard","nP.sw"
"SEL_1_wPE1_rep2","SEL_1_wPE1",1185,2,91,18.2,"low_OTU","nP.sw"
"SEL_1_wPE1_rep3","SEL_1_wPE1",182,1,91,18.2,"low_OTU","nP.sw"
"SEL_1_wPE1_rep4","SEL_1_wPE1",0,0,91,18.2,"low_OTU+low_reads_relative+low_reads_hard","nP.sw"
"SEL_1_wPET1_rep1","SEL_1_wPET1",21,7,4,0.8,"low_reads_hard","nP.sw"
"SEL_1_wPET1_rep2","SEL_1_wPET1",7,3,4,0.8,"low_reads_hard","nP.sw"
"SEL_1_wPET1_rep3","SEL_1_wPET1",0,0,4,0.8,"low_OTU+low_reads_relative+low_reads_hard","nP.sw"
"SEL_1_wPET1_rep4","SEL_1_wPET1",1,1,4,0.8,"low_OTU+low_reads_hard","nP.sw"
"SEL_1_wPET2_rep1","SEL_1_wPET2",36,8,25.5,5.1,"low_reads_hard","nP.sw"
"SEL_1_wPET2_rep2","SEL_1_wPET2",31,7,25.5,5.1,"low_reads_hard","nP.sw"
"SEL_1_wPET2_rep3","SEL_1_wPET2",3,1,25.5,5.1,"low_OTU+low_reads_relative+low_reads_hard","nP.sw"
"SEL_1_wPET2_rep4","SEL_1_wPET2",20,4,25.5,5.1,"low_reads_hard","nP.sw"
"SEL_10_F1_rep2","SEL_10_F1",1,1,43457.5,8691.5,"low_OTU+low_reads_relative+low_reads_hard","nP.sw"
"SEL_10_F2_rep2","SEL_10_F2",21,5,27997,5599.4,"low_reads_relative+low_reads_hard","nP.sw"
"SEL_11_F1_rep2","SEL_11_F1",578,51,21031.5,4206.3,"low_reads_relative","nP.sw"
"SEL_11_F2_rep2","SEL_11_F2",0,0,15766,3153.2,"low_OTU+low_reads_relative+low_reads_hard","nP.sw"
"SEL_11_F3_rep2","SEL_11_F3",2,1,11600.5,2320.1,"low_OTU+low_reads_relative+low_reads_hard","nP.sw"
"SEL_12_F1_rep2","SEL_12_F1",1149,90,8531,1706.2,"low_reads_relative","nP.sw"
"SEL_12_F3_rep8","SEL_12_F3",0,0,41122,8224.4,"low_OTU+low_reads_relative+low_reads_hard","nP.sw"
"SEL_2_F1_rep2","SEL_2_F1",1762,96,12108.5,2421.7,"low_reads_relative","nP.sw"
"SEL_2_F2_rep2","SEL_2_F2",78,18,10948.5,2189.7,"low_reads_relative","nP.sw"
"SEL_2_F3_rep2","SEL_2_F3",661,62,13590,2718,"low_reads_relative","nP.sw"
"SEL_2_G2_rep3","SEL_2_G2",1832,5,22263,4452.6,"low_reads_relative","nP.sw"
"SEL_2_PET1_rep2","SEL_2_PET1",1572,1,6905,1381,"low_OTU","nP.sw"
"SEL_2_PET1_rep3","SEL_2_PET1",23,3,6905,1381,"low_reads_relative+low_reads_hard","nP.sw"
"SEL_2_PET1_rep4","SEL_2_PET1",12238,2,6905,1381,"low_OTU","nP.sw"
"SEL_2_PET3_rep7","SEL_2_PET3",0,0,60201,12040.2,"low_OTU+low_reads_relative+low_reads_hard","nP.sw"
"SEL_2_wPE2_rep3","SEL_2_wPE2",663,22,20347,4069.4,"low_reads_relative","nP.sw"
"SEL_2_wPE2_rep5","SEL_2_wPE2",0,0,20347,4069.4,"low_OTU+low_reads_relative+low_reads_hard","nP.sw"
"SEL_3_F3_rep2","SEL_3_F3",10,3,30479.5,6095.9,"low_reads_relative+low_reads_hard","nP.sw"
"SEL_3_PET1_rep3","SEL_3_PET1",13229,2,19144.5,3828.9,"low_OTU","nP.sw"
"SEL_3_wPET1_rep7","SEL_3_wPET1",0,0,49060,9812,"low_OTU+low_reads_relative+low_reads_hard","nP.sw"
"SEL_3_wPET3_rep5","SEL_3_wPET3",1,1,44293.5,8858.7,"low_OTU+low_reads_relative+low_reads_hard","nP.sw"
"SEL_3_wPET3_rep8","SEL_3_wPET3",2,1,44293.5,8858.7,"low_OTU+low_reads_relative+low_reads_hard","nP.sw"
"SEL_4_F1_rep5","SEL_4_F1",1,1,49300,9860,"low_OTU+low_reads_relative+low_reads_hard","nP.sw"
"SEL_4_F2_rep5","SEL_4_F2",1,1,26668,5333.6,"low_OTU+low_reads_relative+low_reads_hard","nP.sw"
"SEL_4_G2_rep6","SEL_4_G2",13,1,25672,5134.4,"low_OTU+low_reads_relative+low_reads_hard","nP.sw"
"SEL_4_G2_rep7","SEL_4_G2",799,16,25672,5134.4,"low_reads_relative","nP.sw"
"SEL_4_PE2_rep6","SEL_4_PE2",0,0,74785,14957,"low_OTU+low_reads_relative+low_reads_hard","nP.sw"
"SEL_4_PET1_rep6","SEL_4_PET1",240,7,12571,2514.2,"low_reads_relative","nP.sw"
"SEL_4_PET1_rep7","SEL_4_PET1",168,5,12571,2514.2,"low_reads_relative","nP.sw"
"SEL_4_PET2_rep7","SEL_4_PET2",63,4,75702.5,15140.5,"low_reads_relative","nP.sw"
"SEL_4_PET2_rep6","SEL_4_PET2",2,1,75702.5,15140.5,"low_OTU+low_reads_relative+low_reads_hard","nP.sw"
"SEL_4_PET3_rep7","SEL_4_PET3",15,1,155195,31039,"low_OTU+low_reads_relative+low_reads_hard","nP.sw"
"SEL_4_wPE2_rep6","SEL_4_wPE2",4,2,35825,7165,"low_OTU+low_reads_relative+low_reads_hard","nP.sw"
"SEL_4_wPE2_rep7","SEL_4_wPE2",0,0,35825,7165,"low_OTU+low_reads_relative+low_reads_hard","nP.sw"
"SEL_4_wPET1_rep6","SEL_4_wPET1",0,0,60.5,12.1,"low_OTU+low_reads_relative+low_reads_hard","nP.sw"
"SEL_4_wPET1_rep7","SEL_4_wPET1",8,1,60.5,12.1,"low_OTU+low_reads_relative+low_reads_hard","nP.sw"
"SEL_4_wPET2_rep7","SEL_4_wPET2",7,1,96,19.2,"low_OTU+low_reads_relative+low_reads_hard","nP.sw"
"SEL_4_wPET2_rep6","SEL_4_wPET2",1,1,96,19.2,"low_OTU+low_reads_relative+low_reads_hard","nP.sw"
"SEL_5_F2_rep7","SEL_5_F2",0,0,22076.5,4415.3,"low_OTU+low_reads_relative+low_reads_hard","nP.sw"
"SEL_5_F2_rep8","SEL_5_F2",1,1,22076.5,4415.3,"low_OTU+low_reads_relative+low_reads_hard","nP.sw"
"SEL_6_G2_rep6","SEL_6_G2",5,2,72697,14539.4,"low_OTU+low_reads_relative+low_reads_hard","nP.sw"
"SEL_7_F2_rep8","SEL_7_F2",1,1,86547,17309.4,"low_OTU+low_reads_relative+low_reads_hard","nP.sw"
"SEL_7_F3_rep5","SEL_7_F3",1,1,70783,14156.6,"low_OTU+low_reads_relative+low_reads_hard","nP.sw"
"SEL_8_PET2_rep6","SEL_8_PET2",9,1,70184,14036.8,"low_OTU+low_reads_relative+low_reads_hard","nP.sw"
"SEL_8_PET2_rep7","SEL_8_PET2",883,7,70184,14036.8,"low_reads_relative","nP.sw"
"SEL_8_wPET1_rep5","SEL_8_wPET1",6,1,18032.5,3606.5,"low_OTU+low_reads_relative+low_reads_hard","nP.sw"
"SEL_8_wPET1_rep6","SEL_8_wPET1",9,1,18032.5,3606.5,"low_OTU+low_reads_relative+low_reads_hard","nP.sw"
"SEL_8_wPET1_rep7","SEL_8_wPET1",13,1,18032.5,3606.5,"low_OTU+low_reads_relative+low_reads_hard","nP.sw"
"SEL_8_wPET1_rep8","SEL_8_wPET1",9,1,18032.5,3606.5,"low_OTU+low_reads_relative+low_reads_hard","nP.sw"
"SEL_8_wPET3_rep6","SEL_8_wPET3",223,3,99547,19909.4,"low_reads_relative","nP.sw"
"SEL_9_F1_rep6","SEL_9_F1",0,0,23103.5,4620.7,"low_OTU+low_reads_relative+low_reads_hard","nP.sw"
"SEL_9_F1_rep8","SEL_9_F1",1,1,23103.5,4620.7,"low_OTU+low_reads_relative+low_reads_hard","nP.sw"
"SEL_9_F2_rep7","SEL_9_F2",1,1,18851,3770.2,"low_OTU+low_reads_relative+low_reads_hard","nP.sw"
"SEL_9_F3_rep1","SEL_9_F3",2,1,1,0.2,"low_OTU+low_reads_hard","nP.sw"
"SEL_9_F3_rep3","SEL_9_F3",0,0,1,0.2,"low_OTU+low_reads_relative+low_reads_hard","nP.sw"
"SEL_9_F3_rep4","SEL_9_F3",0,0,1,0.2,"low_OTU+low_reads_relative+low_reads_hard","nP.sw"
"SEL_FAL_PE2_rep7","SEL_FAL_PE2",1,1,59017,11803.4,"low_OTU+low_reads_relative+low_reads_hard","nP.sw"
"SEL_FAL_PET3_rep4","SEL_FAL_PET3",88,15,9533.5,1906.7,"low_reads_relative","nP.sw"
"SEL_SPR_G1_rep6","SEL_SPR_G1",102,3,91043,18208.6,"low_reads_relative","nP.sw"
"SEL_SPR_PE1_rep6","SEL_SPR_PE1",405,13,93009,18601.8,"low_reads_relative","nP.sw"
"SEL_SPR_PE2_rep7","SEL_SPR_PE2",0,0,52894,10578.8,"low_OTU+low_reads_relative+low_reads_hard","nP.sw"
"SEL_SPR_PET3_rep6","SEL_SPR_PET3",393,10,35424,7084.8,"low_reads_relative","nP.sw"
"SEL_SPR_wPE1_rep6","SEL_SPR_wPE1",241,7,151622.5,30324.5,"low_reads_relative","nP.sw"
"SEL_SPR_wPE3_rep4","SEL_SPR_wPE3",227,12,35826,7165.2,"low_reads_relative","nP.sw"
"SEL_SPR_wPE3_rep6","SEL_SPR_wPE3",0,0,35826,7165.2,"low_OTU+low_reads_relative+low_reads_hard","nP.sw"
"SEL_SPR_wPET2_rep6","SEL_SPR_wPET2",0,0,59693,11938.6,"low_OTU+low_reads_relative+low_reads_hard","nP.sw"
"SEL_SUM_PE1_rep6","SEL_SUM_PE1",1309,10,28585,5717,"low_reads_relative","nP.sw"
"SEL_SUM_PET2_rep6","SEL_SUM_PET2",1376,16,59179,11835.8,"low_reads_relative","nP.sw"
"SEL_WIN2_PE1_rep5","SEL_WIN2_PE1",39,4,16314,3262.8,"low_reads_relative+low_reads_hard","nP.sw"
"SEL_WIN2_PE1_rep6","SEL_WIN2_PE1",30,4,16314,3262.8,"low_reads_relative+low_reads_hard","nP.sw"
"SEL_WIN2_PE1_rep7","SEL_WIN2_PE1",33,4,16314,3262.8,"low_reads_relative+low_reads_hard","nP.sw"
"SEL_WIN2_PE1_rep8","SEL_WIN2_PE1",35,4,16314,3262.8,"low_reads_relative+low_reads_hard","nP.sw"
"SEL_WIN2_PE3_rep5","SEL_WIN2_PE3",1,1,37537,7507.4,"low_OTU+low_reads_relative+low_reads_hard","nP.sw"
"SEL_WIN2_PE3_rep7","SEL_WIN2_PE3",1,1,37537,7507.4,"low_OTU+low_reads_relative+low_reads_hard","nP.sw"
"SEL_WIN2_PE3_rep8","SEL_WIN2_PE3",2,1,37537,7507.4,"low_OTU+low_reads_relative+low_reads_hard","nP.sw"
"SEL_WIN2_PET3_rep5","SEL_WIN2_PET3",0,0,47981,9596.2,"low_OTU+low_reads_relative+low_reads_hard","nP.sw"
"SEL_WIN2_PET3_rep6","SEL_WIN2_PET3",2,1,47981,9596.2,"low_OTU+low_reads_relative+low_reads_hard","nP.sw"
"SEL_WIN2_PET3_rep7","SEL_WIN2_PET3",0,0,47981,9596.2,"low_OTU+low_reads_relative+low_reads_hard","nP.sw"
"SEL_WIN2_wPE2_rep3","SEL_WIN2_wPE2",18469,1,20553,4110.6,"low_OTU","nP.sw"
"SEL_WIN2_wPE2_rep4","SEL_WIN2_wPE2",4767,2,20553,4110.6,"low_OTU","nP.sw"
"TBS_1_G1_rep8","TBS_1_G1",0,0,367,73.4,"low_OTU+low_reads_relative+low_reads_hard","nP.sw"
"TBS_1_G2_rep1","TBS_1_G2",24911,2,23540.5,4708.1,"low_OTU","nP.sw"
"TBS_1_G2_rep3","TBS_1_G2",44212,2,23540.5,4708.1,"low_OTU","nP.sw"
"TBS_1_G2_rep4","TBS_1_G2",0,0,23540.5,4708.1,"low_OTU+low_reads_relative+low_reads_hard","nP.sw"
"TBS_1_PE1_rep1","TBS_1_PE1",9829,2,9272,1854.4,"low_OTU","nP.sw"
"TBS_1_PE1_rep2","TBS_1_PE1",40,2,9272,1854.4,"low_OTU+low_reads_relative+low_reads_hard","nP.sw"
"TBS_1_PE1_rep4","TBS_1_PE1",8715,2,9272,1854.4,"low_OTU","nP.sw"
"TBS_1_PE2_rep6","TBS_1_PE2",0,0,47217,9443.4,"low_OTU+low_reads_relative+low_reads_hard","nP.sw"
"TBS_1_PET3_rep1","TBS_1_PET3",1973,29,35606,7121.2,"low_reads_relative","nP.sw"
"TBS_1_wPE2_rep7","TBS_1_wPE2",0,0,28853,5770.6,"low_OTU+low_reads_relative+low_reads_hard","nP.sw"
"TBS_1_wPE3_rep4","TBS_1_wPE3",231,32,35537.5,7107.5,"low_reads_relative","nP.sw"
"TBS_1_wPET3_rep1","TBS_1_wPET3",6,2,26253.5,5250.7,"low_OTU+low_reads_relative+low_reads_hard","nP.sw"
"TBS_10_F2_rep5","TBS_10_F2",1,1,39710,7942,"low_OTU+low_reads_relative+low_reads_hard","nP.sw"
"TBS_11_F1_rep2","TBS_11_F1",1652,99,56441.5,11288.3,"low_reads_relative","nP.sw"
"TBS_2_F3_rep2","TBS_2_F3",1,1,17598,3519.6,"low_OTU+low_reads_relative+low_reads_hard","nP.sw"
"TBS_2_PE1_rep7","TBS_2_PE1",0,0,62902,12580.4,"low_OTU+low_reads_relative+low_reads_hard","nP.sw"
"TBS_2_PE2_rep4","TBS_2_PE2",0,0,29411,5882.2,"low_OTU+low_reads_relative+low_reads_hard","nP.sw"
"TBS_2_PE2_rep7","TBS_2_PE2",0,0,29411,5882.2,"low_OTU+low_reads_relative+low_reads_hard","nP.sw"
"TBS_2_PE3_rep3","TBS_2_PE3",36326,1,4268,853.6,"low_OTU","nP.sw"
"TBS_2_PE3_rep4","TBS_2_PE3",7,1,4268,853.6,"low_OTU+low_reads_relative+low_reads_hard","nP.sw"
"TBS_2_PE3_rep8","TBS_2_PE3",0,0,4268,853.6,"low_OTU+low_reads_relative+low_reads_hard","nP.sw"
"TBS_2_PET2_rep3","TBS_2_PET2",132,21,24228,4845.6,"low_reads_relative","nP.sw"
"TBS_3_PE1_rep4","TBS_3_PE1",743,20,48248.5,9649.7,"low_reads_relative","nP.sw"
"TBS_6_F1_rep6","TBS_6_F1",0,0,58803,11760.6,"low_OTU+low_reads_relative+low_reads_hard","nP.sw"
"TBS_6_F3_rep6","TBS_6_F3",1,1,30921,6184.2,"low_OTU+low_reads_relative+low_reads_hard","nP.sw"
"TBS_6_PET3_rep3","TBS_6_PET3",0,0,36295,7259,"low_OTU+low_reads_relative+low_reads_hard","nP.sw"
"TBS_8_PET3_rep5","TBS_8_PET3",1,1,79,15.8,"low_OTU+low_reads_relative+low_reads_hard","nP.sw"
"TBS_8_PET3_rep6","TBS_8_PET3",1,1,79,15.8,"low_OTU+low_reads_relative+low_reads_hard","nP.sw"
"TBS_8_PET3_rep7","TBS_8_PET3",2,1,79,15.8,"low_OTU+low_reads_relative+low_reads_hard","nP.sw"
"TBS_8_wPET3_rep2","TBS_8_wPET3",177,15,66747,13349.4,"low_reads_relative","nP.sw"
"TBS_FAL_G1_rep7","TBS_FAL_G1",1,1,43791,8758.2,"low_OTU+low_reads_relative+low_reads_hard","nP.sw"
"TBS_FAL_PET1_rep7","TBS_FAL_PET1",1,1,34532,6906.4,"low_OTU+low_reads_relative+low_reads_hard","nP.sw"
"TBS_FAL_wPE1_rep7","TBS_FAL_wPE1",1,1,48046,9609.2,"low_OTU+low_reads_relative+low_reads_hard","nP.sw"
"TBS_SPR_wPET2_rep1","TBS_SPR_wPET2",274,20,48460.5,9692.1,"low_reads_relative","nP.sw"
"TBS_SUM_PE3_rep1","TBS_SUM_PE3",49,1,73688.5,14737.7,"low_OTU+low_reads_relative+low_reads_hard","nP.sw"
"TBS_SUM_PET2_rep1","TBS_SUM_PET2",165,3,67850,13570,"low_reads_relative","nP.sw"
"TBS_WIN2_PE1_rep4","TBS_WIN2_PE1",1647,4,11461.5,2292.3,"low_reads_relative","nP.sw"
"TBS_WIN2_PE3_rep3","TBS_WIN2_PE3",654,1,1394,278.8,"low_OTU","nP.sw"
"TBS_WIN2_PET1_rep2","TBS_WIN2_PET1",0,0,88,17.6,"low_OTU+low_reads_relative+low_reads_hard","nP.sw"
"TBS_WIN2_PET1_rep3","TBS_WIN2_PET1",25,4,88,17.6,"low_reads_hard","nP.sw"
"TBS_WIN2_wPE3_rep7","TBS_WIN2_wPE3",1,1,17904,3580.8,"low_OTU+low_reads_relative+low_reads_hard","nP.sw"
"SEL_9_F3_rep2","SEL_9_F3",396,29,NA,NA,"singleton_low_reads","nP.sw"
"EB_bc22_rep4","EB_bc22",530,67,41664,8332.8,"low_reads_relative","psP.sw"
"SEL_5_PET1_rep3","SEL_5_PET1",0,0,70076,14015.2,"low_OTU+low_reads_relative+low_reads_hard","psP.sw"
"TBS_5_wPE2_rep7","TBS_5_wPE2",1574,53,48027,9605.4,"low_reads_relative","psP.sw"
"SEL_5_PET3_rep3","SEL_5_PET3",1,1,64835.5,12967.1,"low_OTU+low_reads_relative+low_reads_hard","psP.sw"
"SEL_5_wPE1_rep3","SEL_5_wPE1",16,10,42180,8436,"low_reads_relative+low_reads_hard","psP.sw"
"MB_iso16_rep2","MB_iso16",102,36,24291,4858.2,"low_reads_relative","psP.sw"
"MB_iso16_rep6","MB_iso16",0,0,24291,4858.2,"low_OTU+low_reads_relative+low_reads_hard","psP.sw"
"MB_iso26_rep4","MB_iso26",954,72,61036.5,12207.3,"low_reads_relative","psP.sw"
"MB_iso46_rep8","MB_iso46",1,1,44978,8995.6,"low_OTU+low_reads_relative+low_reads_hard","psP.sw"
"MB_iso56_rep6","MB_iso56",2,1,39160.5,7832.1,"low_OTU+low_reads_relative+low_reads_hard","psP.sw"
"MB_iso56_rep7","MB_iso56",1,1,39160.5,7832.1,"low_OTU+low_reads_relative+low_reads_hard","psP.sw"
"MB_iso66_rep2","MB_iso66",49,23,28356,5671.2,"low_reads_relative+low_reads_hard","psP.sw"
"SEL_1_F1_rep2","SEL_1_F1",246,74,51110.5,10222.1,"low_reads_relative","psP.sw"
"SEL_1_F2_rep2","SEL_1_F2",112,56,20768.5,4153.7,"low_reads_relative","psP.sw"
"SEL_1_F3_rep2","SEL_1_F3",932,170,41513,8302.6,"low_reads_relative","psP.sw"
"SEL_1_G2_rep4","SEL_1_G2",10341,2,27435,5487,"low_OTU","psP.sw"
"SEL_1_G3_rep2","SEL_1_G3",896,2,6640.5,1328.1,"low_OTU+low_reads_relative","psP.sw"
"SEL_1_G3_rep4","SEL_1_G3",11,4,6640.5,1328.1,"low_reads_relative+low_reads_hard","psP.sw"
"SEL_1_PE3_rep1","SEL_1_PE3",0,0,72,14.4,"low_OTU+low_reads_relative+low_reads_hard","psP.sw"
"SEL_1_PE3_rep2","SEL_1_PE3",144,1,72,14.4,"low_OTU","psP.sw"
"SEL_1_PE3_rep3","SEL_1_PE3",83154,2,72,14.4,"low_OTU","psP.sw"
"SEL_1_PE3_rep4","SEL_1_PE3",0,0,72,14.4,"low_OTU+low_reads_relative+low_reads_hard","psP.sw"
"SEL_1_wPE1_rep1","SEL_1_wPE1",2,2,91.5,18.3,"low_OTU+low_reads_relative+low_reads_hard","psP.sw"
"SEL_1_wPE1_rep2","SEL_1_wPE1",1185,2,91.5,18.3,"low_OTU","psP.sw"
"SEL_1_wPE1_rep3","SEL_1_wPE1",181,1,91.5,18.3,"low_OTU","psP.sw"
"SEL_1_wPE1_rep4","SEL_1_wPE1",0,0,91.5,18.3,"low_OTU+low_reads_relative+low_reads_hard","psP.sw"
"SEL_1_wPET1_rep1","SEL_1_wPET1",31,19,11.5,2.3,"low_reads_hard","psP.sw"
"SEL_1_wPET1_rep2","SEL_1_wPET1",15,12,11.5,2.3,"low_reads_hard","psP.sw"
"SEL_1_wPET1_rep3","SEL_1_wPET1",8,6,11.5,2.3,"low_reads_hard","psP.sw"
"SEL_1_wPET1_rep4","SEL_1_wPET1",2,2,11.5,2.3,"low_OTU+low_reads_relative+low_reads_hard","psP.sw"
"SEL_1_wPET2_rep3","SEL_1_wPET2",12,8,33.5,6.7,"low_reads_hard","psP.sw"
"SEL_1_wPET2_rep4","SEL_1_wPET2",17,4,33.5,6.7,"low_reads_hard","psP.sw"
"SEL_10_F1_rep2","SEL_10_F1",0,0,44080,8816,"low_OTU+low_reads_relative+low_reads_hard","psP.sw"
"SEL_10_F2_rep2","SEL_10_F2",49,32,28700,5740,"low_reads_relative+low_reads_hard","psP.sw"
"SEL_11_F1_rep2","SEL_11_F1",686,149,21511,4302.2,"low_reads_relative","psP.sw"
"SEL_11_F2_rep2","SEL_11_F2",0,0,16225.5,3245.1,"low_OTU+low_reads_relative+low_reads_hard","psP.sw"
"SEL_11_F3_rep2","SEL_11_F3",6,5,12075,2415,"low_reads_relative+low_reads_hard","psP.sw"
"SEL_12_F1_rep2","SEL_12_F1",1278,215,8990,1798,"low_reads_relative","psP.sw"
"SEL_12_F3_rep8","SEL_12_F3",0,0,42064,8412.8,"low_OTU+low_reads_relative+low_reads_hard","psP.sw"
"SEL_2_F1_rep2","SEL_2_F1",1963,262,12572.5,2514.5,"low_reads_relative","psP.sw"
"SEL_2_F2_rep2","SEL_2_F2",87,41,11470.5,2294.1,"low_reads_relative","psP.sw"
"SEL_2_F3_rep2","SEL_2_F3",739,168,14217.5,2843.5,"low_reads_relative","psP.sw"
"SEL_2_G2_rep3","SEL_2_G2",1833,8,22092,4418.4,"low_reads_relative","psP.sw"
"SEL_2_PET1_rep2","SEL_2_PET1",1567,2,6902,1380.4,"low_OTU","psP.sw"
"SEL_2_PET1_rep3","SEL_2_PET1",21,6,6902,1380.4,"low_reads_relative+low_reads_hard","psP.sw"
"SEL_2_PET3_rep7","SEL_2_PET3",0,0,59957,11991.4,"low_OTU+low_reads_relative+low_reads_hard","psP.sw"
"SEL_2_wPE2_rep3","SEL_2_wPE2",650,24,20775,4155,"low_reads_relative","psP.sw"
"SEL_2_wPE2_rep5","SEL_2_wPE2",0,0,20775,4155,"low_OTU+low_reads_relative+low_reads_hard","psP.sw"
"SEL_3_F3_rep2","SEL_3_F3",21,13,30935.5,6187.1,"low_reads_relative+low_reads_hard","psP.sw"
"SEL_3_wPET1_rep7","SEL_3_wPET1",0,0,49114,9822.8,"low_OTU+low_reads_relative+low_reads_hard","psP.sw"
"SEL_3_wPET3_rep5","SEL_3_wPET3",1,1,44234,8846.8,"low_OTU+low_reads_relative+low_reads_hard","psP.sw"
"SEL_3_wPET3_rep8","SEL_3_wPET3",3,2,44234,8846.8,"low_OTU+low_reads_relative+low_reads_hard","psP.sw"
"SEL_4_F1_rep5","SEL_4_F1",0,0,49496,9899.2,"low_OTU+low_reads_relative+low_reads_hard","psP.sw"
"SEL_4_F2_rep5","SEL_4_F2",1,1,26715,5343,"low_OTU+low_reads_relative+low_reads_hard","psP.sw"
"SEL_4_G2_rep6","SEL_4_G2",7,3,25678.5,5135.7,"low_reads_relative+low_reads_hard","psP.sw"
"SEL_4_G2_rep7","SEL_4_G2",827,58,25678.5,5135.7,"low_reads_relative","psP.sw"
"SEL_4_PE2_rep6","SEL_4_PE2",1,1,74677.5,14935.5,"low_OTU+low_reads_relative+low_reads_hard","psP.sw"
"SEL_4_PET1_rep6","SEL_4_PET1",256,27,12517,2503.4,"low_reads_relative","psP.sw"
"SEL_4_PET1_rep7","SEL_4_PET1",164,22,12517,2503.4,"low_reads_relative","psP.sw"
"SEL_4_PET2_rep7","SEL_4_PET2",72,22,75479,15095.8,"low_reads_relative","psP.sw"
"SEL_4_PET2_rep6","SEL_4_PET2",1,1,75479,15095.8,"low_OTU+low_reads_relative+low_reads_hard","psP.sw"
"SEL_4_PET3_rep7","SEL_4_PET3",15,3,155409,31081.8,"low_reads_relative+low_reads_hard","psP.sw"
"SEL_4_wPE2_rep6","SEL_4_wPE2",4,4,35970,7194,"low_reads_relative+low_reads_hard","psP.sw"
"SEL_4_wPE2_rep7","SEL_4_wPE2",3,3,35970,7194,"low_reads_relative+low_reads_hard","psP.sw"
"SEL_4_wPET1_rep6","SEL_4_wPET1",7,6,70.5,14.1,"low_reads_relative+low_reads_hard","psP.sw"
"SEL_4_wPET1_rep7","SEL_4_wPET1",2,2,70.5,14.1,"low_OTU+low_reads_relative+low_reads_hard","psP.sw"
"SEL_4_wPET2_rep7","SEL_4_wPET2",3,3,96.5,19.3,"low_reads_relative+low_reads_hard","psP.sw"
"SEL_4_wPET2_rep6","SEL_4_wPET2",1,1,96.5,19.3,"low_OTU+low_reads_relative+low_reads_hard","psP.sw"
"SEL_5_F2_rep7","SEL_5_F2",0,0,22164.5,4432.9,"low_OTU+low_reads_relative+low_reads_hard","psP.sw"
"SEL_5_F2_rep8","SEL_5_F2",0,0,22164.5,4432.9,"low_OTU+low_reads_relative+low_reads_hard","psP.sw"
"SEL_6_G2_rep6","SEL_6_G2",9,5,72922,14584.4,"low_reads_relative+low_reads_hard","psP.sw"
"SEL_7_F2_rep8","SEL_7_F2",1,1,87210,17442,"low_OTU+low_reads_relative+low_reads_hard","psP.sw"
"SEL_7_F3_rep5","SEL_7_F3",1,1,71746,14349.2,"low_OTU+low_reads_relative+low_reads_hard","psP.sw"
"SEL_8_PET2_rep6","SEL_8_PET2",10,3,70134.5,14026.9,"low_reads_relative+low_reads_hard","psP.sw"
"SEL_8_PET2_rep7","SEL_8_PET2",888,16,70134.5,14026.9,"low_reads_relative","psP.sw"
"SEL_8_wPET1_rep5","SEL_8_wPET1",6,1,17969,3593.8,"low_OTU+low_reads_relative+low_reads_hard","psP.sw"
"SEL_8_wPET1_rep6","SEL_8_wPET1",12,3,17969,3593.8,"low_reads_relative+low_reads_hard","psP.sw"
"SEL_8_wPET1_rep7","SEL_8_wPET1",15,2,17969,3593.8,"low_OTU+low_reads_relative+low_reads_hard","psP.sw"
"SEL_8_wPET1_rep8","SEL_8_wPET1",9,1,17969,3593.8,"low_OTU+low_reads_relative+low_reads_hard","psP.sw"
"SEL_8_wPET3_rep6","SEL_8_wPET3",225,7,99278.5,19855.7,"low_reads_relative","psP.sw"
"SEL_9_F1_rep6","SEL_9_F1",0,0,23661,4732.2,"low_OTU+low_reads_relative+low_reads_hard","psP.sw"
"SEL_9_F1_rep8","SEL_9_F1",1,1,23661,4732.2,"low_OTU+low_reads_relative+low_reads_hard","psP.sw"
"SEL_9_F2_rep7","SEL_9_F2",1,1,19295,3859,"low_OTU+low_reads_relative+low_reads_hard","psP.sw"
"SEL_9_F3_rep1","SEL_9_F3",25,17,19,3.8,"low_reads_hard","psP.sw"
"SEL_9_F3_rep3","SEL_9_F3",0,0,19,3.8,"low_OTU+low_reads_relative+low_reads_hard","psP.sw"
"SEL_9_F3_rep4","SEL_9_F3",13,9,19,3.8,"low_reads_hard","psP.sw"
"SEL_FAL_PE2_rep7","SEL_FAL_PE2",1,1,59714,11942.8,"low_OTU+low_reads_relative+low_reads_hard","psP.sw"
"SEL_FAL_PET3_rep4","SEL_FAL_PET3",112,42,9908,1981.6,"low_reads_relative","psP.sw"
"SEL_SPR_G1_rep6","SEL_SPR_G1",108,7,90876,18175.2,"low_reads_relative","psP.sw"
"SEL_SPR_PE1_rep6","SEL_SPR_PE1",420,44,93246.5,18649.3,"low_reads_relative","psP.sw"
"SEL_SPR_PE2_rep7","SEL_SPR_PE2",0,0,54583,10916.6,"low_OTU+low_reads_relative+low_reads_hard","psP.sw"
"SEL_SPR_PET3_rep6","SEL_SPR_PET3",397,34,35627.5,7125.5,"low_reads_relative","psP.sw"
"SEL_SPR_wPE1_rep6","SEL_SPR_wPE1",249,17,150894,30178.8,"low_reads_relative","psP.sw"
"SEL_SPR_wPE3_rep4","SEL_SPR_wPE3",233,38,36041,7208.2,"low_reads_relative","psP.sw"
"SEL_SPR_wPE3_rep6","SEL_SPR_wPE3",0,0,36041,7208.2,"low_OTU+low_reads_relative+low_reads_hard","psP.sw"
"SEL_SPR_wPET2_rep6","SEL_SPR_wPET2",0,0,59823,11964.6,"low_OTU+low_reads_relative+low_reads_hard","psP.sw"
"SEL_SUM_PE1_rep6","SEL_SUM_PE1",1321,25,28602.5,5720.5,"low_reads_relative","psP.sw"
"SEL_SUM_PET2_rep6","SEL_SUM_PET2",1407,40,59299.5,11859.9,"low_reads_relative","psP.sw"
"SEL_WIN2_PE1_rep5","SEL_WIN2_PE1",41,6,16331.5,3266.3,"low_reads_relative+low_reads_hard","psP.sw"
"SEL_WIN2_PE1_rep6","SEL_WIN2_PE1",31,7,16331.5,3266.3,"low_reads_relative+low_reads_hard","psP.sw"
"SEL_WIN2_PE1_rep7","SEL_WIN2_PE1",36,6,16331.5,3266.3,"low_reads_relative+low_reads_hard","psP.sw"
"SEL_WIN2_PE1_rep8","SEL_WIN2_PE1",40,7,16331.5,3266.3,"low_reads_relative+low_reads_hard","psP.sw"
"SEL_WIN2_PE3_rep5","SEL_WIN2_PE3",1,1,37675,7535,"low_OTU+low_reads_relative+low_reads_hard","psP.sw"
"SEL_WIN2_PE3_rep7","SEL_WIN2_PE3",1,1,37675,7535,"low_OTU+low_reads_relative+low_reads_hard","psP.sw"
"SEL_WIN2_PE3_rep8","SEL_WIN2_PE3",3,2,37675,7535,"low_OTU+low_reads_relative+low_reads_hard","psP.sw"
"SEL_WIN2_PET3_rep5","SEL_WIN2_PET3",0,0,48120,9624,"low_OTU+low_reads_relative+low_reads_hard","psP.sw"
"SEL_WIN2_PET3_rep6","SEL_WIN2_PET3",3,2,48120,9624,"low_OTU+low_reads_relative+low_reads_hard","psP.sw"
"SEL_WIN2_PET3_rep7","SEL_WIN2_PET3",2,2,48120,9624,"low_OTU+low_reads_relative+low_reads_hard","psP.sw"
"SEL_WIN2_wPE2_rep3","SEL_WIN2_wPE2",18226,1,20451,4090.2,"low_OTU","psP.sw"
"SEL_WIN2_wPE2_rep4","SEL_WIN2_wPE2",4762,2,20451,4090.2,"low_OTU","psP.sw"
"TBS_1_G1_rep8","TBS_1_G1",0,0,385,77,"low_OTU+low_reads_relative+low_reads_hard","psP.sw"
"TBS_1_G2_rep4","TBS_1_G2",7,6,23352.5,4670.5,"low_reads_relative+low_reads_hard","psP.sw"
"TBS_1_PE1_rep1","TBS_1_PE1",9829,2,9270,1854,"low_OTU","psP.sw"
"TBS_1_PE1_rep2","TBS_1_PE1",39,2,9270,1854,"low_OTU+low_reads_relative+low_reads_hard","psP.sw"
"TBS_1_PE1_rep4","TBS_1_PE1",8711,2,9270,1854,"low_OTU","psP.sw"
"TBS_1_PE2_rep6","TBS_1_PE2",0,0,47356,9471.2,"low_OTU+low_reads_relative+low_reads_hard","psP.sw"
"TBS_1_PET3_rep1","TBS_1_PET3",1834,54,37623,7524.6,"low_reads_relative","psP.sw"
"TBS_1_wPE2_rep7","TBS_1_wPE2",0,0,29744,5948.8,"low_OTU+low_reads_relative+low_reads_hard","psP.sw"
"TBS_1_wPE3_rep4","TBS_1_wPE3",296,73,35368,7073.6,"low_reads_relative","psP.sw"
"TBS_1_wPET3_rep1","TBS_1_wPET3",8,6,25978.5,5195.7,"low_reads_relative+low_reads_hard","psP.sw"
"TBS_10_F2_rep5","TBS_10_F2",1,1,40392,8078.4,"low_OTU+low_reads_relative+low_reads_hard","psP.sw"
"TBS_11_F1_rep2","TBS_11_F1",1775,271,57314.5,11462.9,"low_reads_relative","psP.sw"
"TBS_2_F3_rep2","TBS_2_F3",1,1,18124,3624.8,"low_OTU+low_reads_relative+low_reads_hard","psP.sw"
"TBS_2_PE1_rep7","TBS_2_PE1",0,0,62939,12587.8,"low_OTU+low_reads_relative+low_reads_hard","psP.sw"
"TBS_2_PE2_rep4","TBS_2_PE2",0,0,29370,5874,"low_OTU+low_reads_relative+low_reads_hard","psP.sw"
"TBS_2_PE2_rep7","TBS_2_PE2",0,0,29370,5874,"low_OTU+low_reads_relative+low_reads_hard","psP.sw"
"TBS_2_PE3_rep4","TBS_2_PE3",8,2,4467,893.4,"low_OTU+low_reads_relative+low_reads_hard","psP.sw"
"TBS_2_PE3_rep8","TBS_2_PE3",0,0,4467,893.4,"low_OTU+low_reads_relative+low_reads_hard","psP.sw"
"TBS_2_PET2_rep3","TBS_2_PET2",180,43,24290,4858,"low_reads_relative","psP.sw"
"TBS_3_PE1_rep4","TBS_3_PE1",806,69,48485.5,9697.1,"low_reads_relative","psP.sw"
"TBS_6_F1_rep6","TBS_6_F1",0,0,59005,11801,"low_OTU+low_reads_relative+low_reads_hard","psP.sw"
"TBS_6_F3_rep6","TBS_6_F3",1,1,31049,6209.8,"low_OTU+low_reads_relative+low_reads_hard","psP.sw"
"TBS_6_PET3_rep3","TBS_6_PET3",0,0,36570,7314,"low_OTU+low_reads_relative+low_reads_hard","psP.sw"
"TBS_8_PET3_rep5","TBS_8_PET3",1,1,79,15.8,"low_OTU+low_reads_relative+low_reads_hard","psP.sw"
"TBS_8_PET3_rep6","TBS_8_PET3",1,1,79,15.8,"low_OTU+low_reads_relative+low_reads_hard","psP.sw"
"TBS_8_PET3_rep7","TBS_8_PET3",2,1,79,15.8,"low_OTU+low_reads_relative+low_reads_hard","psP.sw"
"TBS_8_wPET3_rep2","TBS_8_wPET3",188,30,67177.5,13435.5,"low_reads_relative","psP.sw"
"TBS_FAL_G1_rep7","TBS_FAL_G1",1,1,43630,8726,"low_OTU+low_reads_relative+low_reads_hard","psP.sw"
"TBS_FAL_PET1_rep7","TBS_FAL_PET1",0,0,34914,6982.8,"low_OTU+low_reads_relative+low_reads_hard","psP.sw"
"TBS_FAL_wPE1_rep7","TBS_FAL_wPE1",1,1,47937,9587.4,"low_OTU+low_reads_relative+low_reads_hard","psP.sw"
"TBS_SPR_wPET2_rep1","TBS_SPR_wPET2",282,49,48962,9792.4,"low_reads_relative","psP.sw"
"TBS_SUM_PE3_rep1","TBS_SUM_PE3",51,4,73723,14744.6,"low_reads_relative","psP.sw"
"TBS_SUM_PET2_rep1","TBS_SUM_PET2",169,9,67874.5,13574.9,"low_reads_relative","psP.sw"
"TBS_WIN2_PE1_rep4","TBS_WIN2_PE1",1651,5,11464,2292.8,"low_reads_relative","psP.sw"
"TBS_WIN2_PET1_rep2","TBS_WIN2_PET1",8,4,95.5,19.1,"low_reads_relative+low_reads_hard","psP.sw"
"TBS_WIN2_PET1_rep3","TBS_WIN2_PET1",22,8,95.5,19.1,"low_reads_hard","psP.sw"
"TBS_WIN2_wPE3_rep7","TBS_WIN2_wPE3",1,1,18101,3620.2,"low_OTU+low_reads_relative+low_reads_hard","psP.sw"
"SEL_9_F3_rep2","SEL_9_F3",498,103,NA,NA,"singleton_low_reads","psP.sw"
"EB_bc22_rep4","EB_bc22",521,88,41531.5,8306.3,"low_reads_relative","fP.sw"
"SEL_5_PET1_rep3","SEL_5_PET1",1,1,69322.5,13864.5,"low_OTU+low_reads_relative+low_reads_hard","fP.sw"
"TBS_5_wPE2_rep7","TBS_5_wPE2",1566,61,47909,9581.8,"low_reads_relative","fP.sw"
"SEL_5_PET3_rep3","SEL_5_PET3",2,2,64076,12815.2,"low_OTU+low_reads_relative+low_reads_hard","fP.sw"
"SEL_5_wPE1_rep3","SEL_5_wPE1",15,10,41407.5,8281.5,"low_reads_relative+low_reads_hard","fP.sw"
"MB_iso16_rep2","MB_iso16",102,41,24306,4861.2,"low_reads_relative","fP.sw"
"MB_iso16_rep6","MB_iso16",0,0,24306,4861.2,"low_OTU+low_reads_relative+low_reads_hard","fP.sw"
"MB_iso26_rep4","MB_iso26",961,95,60958,12191.6,"low_reads_relative","fP.sw"
"MB_iso46_rep8","MB_iso46",1,1,44926,8985.2,"low_OTU+low_reads_relative+low_reads_hard","fP.sw"
"MB_iso56_rep6","MB_iso56",2,1,39401,7880.2,"low_OTU+low_reads_relative+low_reads_hard","fP.sw"
"MB_iso56_rep7","MB_iso56",1,1,39401,7880.2,"low_OTU+low_reads_relative+low_reads_hard","fP.sw"
"MB_iso66_rep2","MB_iso66",48,24,28450,5690,"low_reads_relative+low_reads_hard","fP.sw"
"SEL_1_F1_rep2","SEL_1_F1",255,95,50734.5,10146.9,"low_reads_relative","fP.sw"
"SEL_1_F2_rep2","SEL_1_F2",114,64,21335,4267,"low_reads_relative","fP.sw"
"SEL_1_F3_rep2","SEL_1_F3",952,227,41972,8394.4,"low_reads_relative","fP.sw"
"SEL_1_G2_rep4","SEL_1_G2",10291,2,22631.5,4526.3,"low_OTU","fP.sw"
"SEL_1_G3_rep4","SEL_1_G3",12,4,7249,1449.8,"low_reads_relative+low_reads_hard","fP.sw"
"SEL_1_PE3_rep1","SEL_1_PE3",0,0,73,14.6,"low_OTU+low_reads_relative+low_reads_hard","fP.sw"
"SEL_1_PE3_rep2","SEL_1_PE3",146,1,73,14.6,"low_OTU","fP.sw"
"SEL_1_PE3_rep3","SEL_1_PE3",82949,2,73,14.6,"low_OTU","fP.sw"
"SEL_1_PE3_rep4","SEL_1_PE3",0,0,73,14.6,"low_OTU+low_reads_relative+low_reads_hard","fP.sw"
"SEL_1_wPE1_rep1","SEL_1_wPE1",0,0,89.5,17.9,"low_OTU+low_reads_relative+low_reads_hard","fP.sw"
"SEL_1_wPE1_rep2","SEL_1_wPE1",998,2,89.5,17.9,"low_OTU","fP.sw"
"SEL_1_wPE1_rep4","SEL_1_wPE1",0,0,89.5,17.9,"low_OTU+low_reads_relative+low_reads_hard","fP.sw"
"SEL_1_wPET1_rep1","SEL_1_wPET1",35,20,11.5,2.3,"low_reads_hard","fP.sw"
"SEL_1_wPET1_rep2","SEL_1_wPET1",14,12,11.5,2.3,"low_reads_hard","fP.sw"
"SEL_1_wPET1_rep3","SEL_1_wPET1",9,8,11.5,2.3,"low_reads_hard","fP.sw"
"SEL_1_wPET1_rep4","SEL_1_wPET1",2,2,11.5,2.3,"low_OTU+low_reads_relative+low_reads_hard","fP.sw"
"SEL_1_wPET2_rep3","SEL_1_wPET2",11,9,35,7,"low_reads_hard","fP.sw"
"SEL_1_wPET2_rep4","SEL_1_wPET2",18,7,35,7,"low_reads_hard","fP.sw"
"SEL_10_F1_rep2","SEL_10_F1",0,0,43143,8628.6,"low_OTU+low_reads_relative+low_reads_hard","fP.sw"
"SEL_10_F2_rep2","SEL_10_F2",49,39,29034.5,5806.9,"low_reads_relative+low_reads_hard","fP.sw"
"SEL_11_F1_rep2","SEL_11_F1",681,183,22112.5,4422.5,"low_reads_relative","fP.sw"
"SEL_11_F2_rep2","SEL_11_F2",2,2,16844.5,3368.9,"low_OTU+low_reads_relative+low_reads_hard","fP.sw"
"SEL_11_F3_rep2","SEL_11_F3",8,5,12753.5,2550.7,"low_reads_relative+low_reads_hard","fP.sw"
"SEL_12_F1_rep2","SEL_12_F1",1271,281,9349.5,1869.9,"low_reads_relative","fP.sw"
"SEL_12_F3_rep8","SEL_12_F3",0,0,41475,8295,"low_OTU+low_reads_relative+low_reads_hard","fP.sw"
"SEL_2_F1_rep2","SEL_2_F1",1947,353,13211,2642.2,"low_reads_relative","fP.sw"
"SEL_2_F2_rep2","SEL_2_F2",85,44,12014.5,2402.9,"low_reads_relative","fP.sw"
"SEL_2_F3_rep2","SEL_2_F3",742,205,14881,2976.2,"low_reads_relative","fP.sw"
"SEL_2_G2_rep3","SEL_2_G2",1819,8,21745.5,4349.1,"low_reads_relative","fP.sw"
"SEL_2_PET1_rep2","SEL_2_PET1",0,0,6048,1209.6,"low_OTU+low_reads_relative+low_reads_hard","fP.sw"
"SEL_2_PET1_rep3","SEL_2_PET1",13,4,6048,1209.6,"low_reads_relative+low_reads_hard","fP.sw"
"SEL_2_PET3_rep7","SEL_2_PET3",0,0,59892,11978.4,"low_OTU+low_reads_relative+low_reads_hard","fP.sw"
"SEL_2_wPE2_rep3","SEL_2_wPE2",484,26,20223,4044.6,"low_reads_relative","fP.sw"
"SEL_2_wPE2_rep5","SEL_2_wPE2",0,0,20223,4044.6,"low_OTU+low_reads_relative+low_reads_hard","fP.sw"
"SEL_3_F3_rep2","SEL_3_F3",19,13,31296,6259.2,"low_reads_relative+low_reads_hard","fP.sw"
"SEL_3_wPET1_rep7","SEL_3_wPET1",1,1,48697,9739.4,"low_OTU+low_reads_relative+low_reads_hard","fP.sw"
"SEL_3_wPET3_rep5","SEL_3_wPET3",1,1,44045,8809,"low_OTU+low_reads_relative+low_reads_hard","fP.sw"
"SEL_3_wPET3_rep8","SEL_3_wPET3",3,2,44045,8809,"low_OTU+low_reads_relative+low_reads_hard","fP.sw"
"SEL_4_F1_rep5","SEL_4_F1",0,0,49415,9883,"low_OTU+low_reads_relative+low_reads_hard","fP.sw"
"SEL_4_F2_rep5","SEL_4_F2",1,1,26667,5333.4,"low_OTU+low_reads_relative+low_reads_hard","fP.sw"
"SEL_4_G2_rep6","SEL_4_G2",7,3,25766,5153.2,"low_reads_relative+low_reads_hard","fP.sw"
"SEL_4_G2_rep7","SEL_4_G2",829,66,25766,5153.2,"low_reads_relative","fP.sw"
"SEL_4_PE2_rep6","SEL_4_PE2",1,1,74581.5,14916.3,"low_OTU+low_reads_relative+low_reads_hard","fP.sw"
"SEL_4_PET1_rep6","SEL_4_PET1",272,33,12620.5,2524.1,"low_reads_relative","fP.sw"
"SEL_4_PET1_rep7","SEL_4_PET1",167,20,12620.5,2524.1,"low_reads_relative","fP.sw"
"SEL_4_PET2_rep7","SEL_4_PET2",70,22,75741.5,15148.3,"low_reads_relative","fP.sw"
"SEL_4_PET2_rep6","SEL_4_PET2",1,1,75741.5,15148.3,"low_OTU+low_reads_relative+low_reads_hard","fP.sw"
"SEL_4_PET3_rep7","SEL_4_PET3",18,6,155669,31133.8,"low_reads_relative+low_reads_hard","fP.sw"
"SEL_4_wPE2_rep6","SEL_4_wPE2",1,1,35742.5,7148.5,"low_OTU+low_reads_relative+low_reads_hard","fP.sw"
"SEL_4_wPE2_rep7","SEL_4_wPE2",3,3,35742.5,7148.5,"low_reads_relative+low_reads_hard","fP.sw"
"SEL_4_wPET1_rep6","SEL_4_wPET1",6,5,69.5,13.9,"low_reads_relative+low_reads_hard","fP.sw"
"SEL_4_wPET1_rep7","SEL_4_wPET1",2,2,69.5,13.9,"low_OTU+low_reads_relative+low_reads_hard","fP.sw"
"SEL_4_wPET2_rep7","SEL_4_wPET2",4,4,91.5,18.3,"low_reads_relative+low_reads_hard","fP.sw"
"SEL_4_wPET2_rep6","SEL_4_wPET2",0,0,91.5,18.3,"low_OTU+low_reads_relative+low_reads_hard","fP.sw"
"SEL_5_F2_rep7","SEL_5_F2",0,0,22009.5,4401.9,"low_OTU+low_reads_relative+low_reads_hard","fP.sw"
"SEL_5_F2_rep8","SEL_5_F2",0,0,22009.5,4401.9,"low_OTU+low_reads_relative+low_reads_hard","fP.sw"
"SEL_6_G2_rep6","SEL_6_G2",10,6,72793,14558.6,"low_reads_relative+low_reads_hard","fP.sw"
"SEL_7_F2_rep8","SEL_7_F2",1,1,86686,17337.2,"low_OTU+low_reads_relative+low_reads_hard","fP.sw"
"SEL_7_F3_rep5","SEL_7_F3",1,1,71764,14352.8,"low_OTU+low_reads_relative+low_reads_hard","fP.sw"
"SEL_8_PET2_rep6","SEL_8_PET2",9,3,70170.5,14034.1,"low_reads_relative+low_reads_hard","fP.sw"
"SEL_8_PET2_rep7","SEL_8_PET2",890,20,70170.5,14034.1,"low_reads_relative","fP.sw"
"SEL_8_wPET1_rep5","SEL_8_wPET1",7,2,17959,3591.8,"low_OTU+low_reads_relative+low_reads_hard","fP.sw"
"SEL_8_wPET1_rep6","SEL_8_wPET1",13,4,17959,3591.8,"low_reads_relative+low_reads_hard","fP.sw"
"SEL_8_wPET1_rep7","SEL_8_wPET1",16,3,17959,3591.8,"low_reads_relative+low_reads_hard","fP.sw"
"SEL_8_wPET1_rep8","SEL_8_wPET1",10,2,17959,3591.8,"low_OTU+low_reads_relative+low_reads_hard","fP.sw"
"SEL_8_wPET3_rep6","SEL_8_wPET3",222,7,99458,19891.6,"low_reads_relative","fP.sw"
"SEL_9_F1_rep6","SEL_9_F1",0,0,23535,4707,"low_OTU+low_reads_relative+low_reads_hard","fP.sw"
"SEL_9_F1_rep8","SEL_9_F1",1,1,23535,4707,"low_OTU+low_reads_relative+low_reads_hard","fP.sw"
"SEL_9_F2_rep7","SEL_9_F2",1,1,18916,3783.2,"low_OTU+low_reads_relative+low_reads_hard","fP.sw"
"SEL_9_F3_rep1","SEL_9_F3",20,16,17.5,3.5,"low_reads_hard","fP.sw"
"SEL_9_F3_rep3","SEL_9_F3",0,0,17.5,3.5,"low_OTU+low_reads_relative+low_reads_hard","fP.sw"
"SEL_9_F3_rep4","SEL_9_F3",15,13,17.5,3.5,"low_reads_hard","fP.sw"
"SEL_FAL_PE2_rep7","SEL_FAL_PE2",1,1,59867,11973.4,"low_OTU+low_reads_relative+low_reads_hard","fP.sw"
"SEL_FAL_PET3_rep4","SEL_FAL_PET3",101,39,10004,2000.8,"low_reads_relative","fP.sw"
"SEL_SPR_G1_rep6","SEL_SPR_G1",106,8,90908,18181.6,"low_reads_relative","fP.sw"
"SEL_SPR_PE1_rep6","SEL_SPR_PE1",420,48,93028.5,18605.7,"low_reads_relative","fP.sw"
"SEL_SPR_PE2_rep7","SEL_SPR_PE2",0,0,64009,12801.8,"low_OTU+low_reads_relative+low_reads_hard","fP.sw"
"SEL_SPR_PET3_rep6","SEL_SPR_PET3",404,42,35538.5,7107.7,"low_reads_relative","fP.sw"
"SEL_SPR_wPE1_rep6","SEL_SPR_wPE1",250,19,151519,30303.8,"low_reads_relative","fP.sw"
"SEL_SPR_wPE3_rep4","SEL_SPR_wPE3",222,40,35902,7180.4,"low_reads_relative","fP.sw"
"SEL_SPR_wPE3_rep6","SEL_SPR_wPE3",0,0,35902,7180.4,"low_OTU+low_reads_relative+low_reads_hard","fP.sw"
"SEL_SPR_wPET2_rep6","SEL_SPR_wPET2",0,0,59677,11935.4,"low_OTU+low_reads_relative+low_reads_hard","fP.sw"
"SEL_SUM_PE1_rep6","SEL_SUM_PE1",1318,28,28600,5720,"low_reads_relative","fP.sw"
"SEL_SUM_PET2_rep6","SEL_SUM_PET2",1427,48,59366.5,11873.3,"low_reads_relative","fP.sw"
"SEL_WIN2_PE1_rep5","SEL_WIN2_PE1",43,8,16224,3244.8,"low_reads_relative+low_reads_hard","fP.sw"
"SEL_WIN2_PE1_rep6","SEL_WIN2_PE1",34,10,16224,3244.8,"low_reads_relative+low_reads_hard","fP.sw"
"SEL_WIN2_PE1_rep7","SEL_WIN2_PE1",35,6,16224,3244.8,"low_reads_relative+low_reads_hard","fP.sw"
"SEL_WIN2_PE1_rep8","SEL_WIN2_PE1",43,8,16224,3244.8,"low_reads_relative+low_reads_hard","fP.sw"
"SEL_WIN2_PE3_rep5","SEL_WIN2_PE3",2,2,37497,7499.4,"low_OTU+low_reads_relative+low_reads_hard","fP.sw"
"SEL_WIN2_PE3_rep7","SEL_WIN2_PE3",1,1,37497,7499.4,"low_OTU+low_reads_relative+low_reads_hard","fP.sw"
"SEL_WIN2_PE3_rep8","SEL_WIN2_PE3",3,2,37497,7499.4,"low_OTU+low_reads_relative+low_reads_hard","fP.sw"
"SEL_WIN2_PET3_rep5","SEL_WIN2_PET3",2,1,47874,9574.8,"low_OTU+low_reads_relative+low_reads_hard","fP.sw"
"SEL_WIN2_PET3_rep6","SEL_WIN2_PET3",3,2,47874,9574.8,"low_OTU+low_reads_relative+low_reads_hard","fP.sw"
"SEL_WIN2_PET3_rep7","SEL_WIN2_PET3",2,2,47874,9574.8,"low_OTU+low_reads_relative+low_reads_hard","fP.sw"
"SEL_WIN2_wPE2_rep3","SEL_WIN2_wPE2",18134,1,20397.5,4079.5,"low_OTU","fP.sw"
"TBS_1_G1_rep8","TBS_1_G1",1,1,252,50.4,"low_OTU+low_reads_relative+low_reads_hard","fP.sw"
"TBS_1_G2_rep4","TBS_1_G2",6,5,19943,3988.6,"low_reads_relative+low_reads_hard","fP.sw"
"TBS_1_PE1_rep2","TBS_1_PE1",40,2,7759.5,1551.9,"low_OTU+low_reads_relative+low_reads_hard","fP.sw"
"TBS_1_PE1_rep4","TBS_1_PE1",5727,2,7759.5,1551.9,"low_OTU","fP.sw"
"TBS_1_PE2_rep6","TBS_1_PE2",0,0,47331,9466.2,"low_OTU+low_reads_relative+low_reads_hard","fP.sw"
"TBS_1_PET3_rep1","TBS_1_PET3",1542,61,36120,7224,"low_reads_relative","fP.sw"
"TBS_1_wPE2_rep7","TBS_1_wPE2",0,0,28463,5692.6,"low_OTU+low_reads_relative+low_reads_hard","fP.sw"
"TBS_1_wPE3_rep4","TBS_1_wPE3",315,91,35573,7114.6,"low_reads_relative","fP.sw"
"TBS_1_wPET3_rep1","TBS_1_wPET3",8,7,27047,5409.4,"low_reads_relative+low_reads_hard","fP.sw"
"TBS_10_F2_rep5","TBS_10_F2",1,1,40569,8113.8,"low_OTU+low_reads_relative+low_reads_hard","fP.sw"
"TBS_11_F1_rep2","TBS_11_F1",1529,366,50372.5,10074.5,"low_reads_relative","fP.sw"
"TBS_2_F3_rep2","TBS_2_F3",1,1,18396,3679.2,"low_OTU+low_reads_relative+low_reads_hard","fP.sw"
"TBS_2_PE1_rep7","TBS_2_PE1",0,0,62674,12534.8,"low_OTU+low_reads_relative+low_reads_hard","fP.sw"
"TBS_2_PE2_rep4","TBS_2_PE2",0,0,26560,5312,"low_OTU+low_reads_relative+low_reads_hard","fP.sw"
"TBS_2_PE2_rep7","TBS_2_PE2",0,0,26560,5312,"low_OTU+low_reads_relative+low_reads_hard","fP.sw"
"TBS_2_PE3_rep4","TBS_2_PE3",3,2,4454,890.8,"low_OTU+low_reads_relative+low_reads_hard","fP.sw"
"TBS_2_PE3_rep8","TBS_2_PE3",0,0,4454,890.8,"low_OTU+low_reads_relative+low_reads_hard","fP.sw"
"TBS_2_PET2_rep3","TBS_2_PET2",180,58,24001.5,4800.3,"low_reads_relative","fP.sw"
"TBS_3_PE1_rep4","TBS_3_PE1",794,80,48461.5,9692.3,"low_reads_relative","fP.sw"
"TBS_6_F1_rep6","TBS_6_F1",0,0,58154,11630.8,"low_OTU+low_reads_relative+low_reads_hard","fP.sw"
"TBS_6_F3_rep6","TBS_6_F3",1,1,31063,6212.6,"low_OTU+low_reads_relative+low_reads_hard","fP.sw"
"TBS_6_PET3_rep3","TBS_6_PET3",0,0,36509,7301.8,"low_OTU+low_reads_relative+low_reads_hard","fP.sw"
"TBS_8_PET3_rep5","TBS_8_PET3",0,0,75,15,"low_OTU+low_reads_relative+low_reads_hard","fP.sw"
"TBS_8_PET3_rep6","TBS_8_PET3",1,1,75,15,"low_OTU+low_reads_relative+low_reads_hard","fP.sw"
"TBS_8_PET3_rep7","TBS_8_PET3",0,0,75,15,"low_OTU+low_reads_relative+low_reads_hard","fP.sw"
"TBS_8_wPET3_rep2","TBS_8_wPET3",186,39,67587,13517.4,"low_reads_relative","fP.sw"
"TBS_FAL_G1_rep7","TBS_FAL_G1",1,1,42252,8450.4,"low_OTU+low_reads_relative+low_reads_hard","fP.sw"
"TBS_FAL_PET1_rep7","TBS_FAL_PET1",0,0,34124,6824.8,"low_OTU+low_reads_relative+low_reads_hard","fP.sw"
"TBS_FAL_wPE1_rep7","TBS_FAL_wPE1",1,1,47626,9525.2,"low_OTU+low_reads_relative+low_reads_hard","fP.sw"
"TBS_SPR_wPET2_rep1","TBS_SPR_wPET2",271,47,48741,9748.2,"low_reads_relative","fP.sw"
"TBS_SUM_PE3_rep1","TBS_SUM_PE3",52,5,73659,14731.8,"low_reads_relative","fP.sw"
"TBS_SUM_PET2_rep1","TBS_SUM_PET2",169,10,67822,13564.4,"low_reads_relative","fP.sw"
"TBS_WIN2_PE1_rep4","TBS_WIN2_PE1",1640,6,11399.5,2279.9,"low_reads_relative","fP.sw"
"TBS_WIN2_PET1_rep2","TBS_WIN2_PET1",7,5,95,19,"low_reads_relative+low_reads_hard","fP.sw"
"TBS_WIN2_PET1_rep3","TBS_WIN2_PET1",20,7,95,19,"low_reads_hard","fP.sw"
"TBS_WIN2_wPE3_rep7","TBS_WIN2_wPE3",1,1,18021,3604.2,"low_OTU+low_reads_relative+low_reads_hard","fP.sw"
"SEL_1_wPE1_rep3","SEL_1_wPE1",179,4,NA,NA,"singleton_low_reads","fP.sw"
"SEL_9_F3_rep2","SEL_9_F3",460,145,NA,NA,"singleton_low_reads","fP.sw"
